date,channel,campaign,impressions,clicks,spend
2025-02-14,Google Search,Non-Brand - Generic,455,24,12.19
2025-09-01,Google Shopping,Shopping - New Launches,458,15,£6.49
2025-06-26,Affiliate,Affiliate - Beauty Bloggers,0,0,0.0
2026-01-28,Affiliate,Affiliate - Cashback Sites,77,3,0.65
2025-11-21,Meta Ads,Retargeting - Carousel,524,20,15.05
2026-04-16,Meta Ads,Prospecting - Video,749,35,32.41
2025-08-12,Google Shopping,Shopping - New Launches,268,13,5.0
2025-01-22,Meta Ads,Prospecting - Static,218,8,4.74
2025-08-01,Google Shopping,Shopping - New Launches,145,7,£3.16
2025-09-14,Google Search,Brand - Search,424,19,10.0
2026-05-29,Affiliate,Affiliate - Cashback Sites,135,5,1.12
2025-05-10,Google Shopping,Shopping - Bestsellers,384,19,7.37
2025-06-03,affiliate,Affiliate - Beauty Bloggers,29,1,0.21
2025-03-13,Meta_Ads,Retargeting - Carousel,349,16,9.66
2025-12-04,Meta Ads,Prospecting - Static,1097,55,£44.55
2025-05-14,google shopping,Shopping - New Launches,123,5,2.12
2025-12-14,Meta Ads,Prospecting - Video,718,28,£24.49
2025-11-13,Google Search,Brand - Search,496,24,£13.51
2026-06-07,Google Shopping,Shopping - Bestsellers,355,12,4.33
2026-05-22,Google_Shopping,Shopping - New Launches,146,8,£3.04
2026-04-17,GOOGLE SEARCH,Non-Brand - Competitor,339,11,£6.46
2026-01-07,Google Search,Non-Brand - Generic,294,10,5.38
2025-02-01,Google Search,Non-Brand - Generic,636,24,13.03
2025-12-20,Google Search,Non-Brand - Competitor,554,28,£14.76
2025-12-11,FB/IG Ads,Prospecting - Static,976,32,24.17
2025-12-21,google search,Non-Brand - Generic,913,33,17.66
2025-04-17,Affiliate,Affiliate - Beauty Bloggers,196,7,£1.62
2026-03-22,Google Shopping,Shopping - New Launches,182,9,3.62
2025-09-22,Google Shopping,Shopping - New Launches,292,10,4.08
2026-01-21,affiliate,Affiliate - Cashback Sites,31,1,0.23
2026-06-10,Google Search,Non-Brand - Generic,281,12,6.93
2025-12-16,Google Shopping,Shopping - Bestsellers,319,16,7.61
2025-12-09,Google  Search,Brand - Search,433,15,7.25
2025-02-03,Google Shopping,Shopping - Bestsellers,136,5,1.95
2025-07-26,Google  Search,Non-Brand - Competitor,372,12,£6.53
2025-05-01,Affiliate ,Affiliate - Cashback Sites,188,9,1.99
2026-01-05,Google Search,Non-Brand - Competitor,181,6,3.33
2025-04-18,Affiliate,Affiliate - Cashback Sites,0,0,£0.00
2025-06-24,Google Shopping,Shopping - New Launches,154,7,3.22
2025-06-22,GOOGLE SHOPPING,Shopping - Bestsellers,119,6,2.58
2025-10-02,Google_Shopping,Shopping - New Launches,155,8,£3.20
2026-06-16,Affiliate,Affiliate - Cashback Sites,90,4,0.89
2026-02-27,affiliate,Affiliate - Beauty Bloggers,90,5,1.17
2026-02-09,GOOGLE SHOPPING,Shopping - New Launches,344,12,4.79
2025-03-28,Meta Ads,Prospecting - Video,455,15,9.36
2025-05-19,Google Search,Brand - Search,194,10,5.38
2025-02-05,Google Shopping,Shopping - Bestsellers,307,11,4.82
2025-05-04,Google Search,Brand - Search,403,14,7.43
2026-06-08,google shopping,Shopping - New Launches,269,9,3.65
2025-10-02,Google_Search,Non-Brand - Competitor,372,15,8.95
2025-07-30,Meta Ads,Prospecting - Static,332,16,£10.57
2025-04-17,Google Search,Non-Brand - Generic,198,8,4.33
2026-06-17,affiliate,Affiliate - Beauty Bloggers,197,7,1.47
2025-06-07,Google Search,Non-Brand - Generic,326,16,8.04
2025-07-21,Affiliate,Affiliate - Beauty Bloggers,43,2,0.45
2025-11-04,Google_Shopping,Shopping - Bestsellers,249,8,£3.26
2025-05-30,Affiliate ,Affiliate - Beauty Bloggers,408,14,£3.09
2025-11-22,Affiliate,Affiliate - Cashback Sites,210,10,2.09
2025-06-17,Google Search,Brand - Search,133,6,3.41
2026-01-02,Meta Ads,Retargeting - Carousel,458,18,£15.61
2026-04-11,Affiliate,Affiliate - Cashback Sites,66,3,£0.71
2026-06-22,Affiliate,Affiliate - Beauty Bloggers,208,7,£1.47
2025-06-30,google search,Non-Brand - Competitor,430,18,9.22
2025-10-07,Google Shopping,Shopping - New Launches,322,13,5.48
2025-08-05,FB/IG Ads,Prospecting - Video,277,14,10.58
2026-03-11,Meta Ads,Prospecting - Video,502,25,£21.11
2025-05-23,Google Search,Brand - Search,499,20,10.84
2025-01-17,Google Shopping,Shopping - New Launches,380,12,4.7
2025-08-23,Affiliate ,Affiliate - Beauty Bloggers,63,2,0.44
2025-11-23,Google_Shopping,Shopping - Bestsellers,400,14,5.48
2025-01-31,Google Search,Non-Brand - Competitor,265,13,7.16
2025-09-11,Google Shopping,Shopping - Bestsellers,297,13,5.77
2025-05-31,Google Shopping,Shopping - New Launches,310,14,5.51
2026-06-14,GOOGLE SEARCH,Brand - Search,353,16,£8.48
2025-06-01,Meta Ads,Retargeting - Carousel,524,22,15.4
2026-06-26,Affiliate,Affiliate - Cashback Sites,234,11,£2.26
2026-06-01,Google Search,Non-Brand - Generic,591,24,12.24
2025-04-01,Meta Ads,Prospecting - Video,281,15,9.64
2026-01-20,Affiliate,Affiliate - Beauty Bloggers,192,8,£1.87
2025-04-03,Google  Search,Non-Brand - Competitor,344,14,7.77
2025-12-31,Meta Ads,Prospecting - Video,385,14,11.8
2026-01-19,Google Shopping,Shopping - Bestsellers,86,3,1.27
2025-06-07,Google_Shopping,Shopping - New Launches,75,3,1.12
2025-07-20,FB/IG Ads,Retargeting - Carousel,354,16,10.63
2025-01-18,AFFILIATE,Affiliate - Beauty Bloggers,58,2,0.46
2025-10-10,meta ads,Prospecting - Static,340,16,11.35
2025-02-04,Affiliate,Affiliate - Beauty Bloggers,206,8,1.84
2025-06-05,Google Shopping,Shopping - Bestsellers,165,8,3.46
2025-08-16,Google_Search,Non-Brand - Generic,184,10,5.32
2025-04-19,Google Search,Brand - Search,338,12,£7.07
2025-11-19,google shopping,Shopping - Bestsellers,338,11,4.94
2025-11-06,GOOGLE SEARCH,Non-Brand - Generic,242,13,7.21
2025-12-19,Google Search,Brand - Search,493,22,11.52
2025-02-14,google shopping,Shopping - New Launches,86,4,1.66
2026-04-05,Google Shopping,Shopping - New Launches,186,6,2.44
2026-03-02,Affiliate,Affiliate - Beauty Bloggers,277,9,£2.01
2025-01-14,Meta Ads,Prospecting - Static,249,8,4.3
2025-03-15,Google Shopping,Shopping - Bestsellers,443,18,7.88
2025-07-23,Google Search,Non-Brand - Competitor,433,20,11.04
2025-03-15,Affiliate ,Affiliate - Beauty Bloggers,211,9,1.81
2025-06-06,meta ads,Retargeting - Carousel,241,10,6.87
2025-11-26,Google Search,Brand - Search,841,28,15.72
2025-10-14,Google Shopping,Shopping - Bestsellers,342,11,4.54
2025-07-07,google search,Non-Brand - Competitor,200,7,3.51
2026-02-14,Affiliate,Affiliate - Beauty Bloggers,55,2,0.44
2025-05-18,Google Shopping,Shopping - Bestsellers,389,15,6.19
2026-01-06,Google  Search,Non-Brand - Competitor,41,2,1.1
2025-02-06,Facebook/Instagram Ads,Prospecting - Video,382,12,£7.51
2025-10-03,Affiliate,Affiliate - Beauty Bloggers,116,5,1.06
2025-09-13,Google_Search,Non-Brand - Generic,366,16,8.27
2025-09-24,Google Shopping,Shopping - Bestsellers,110,5,2.0
2026-03-07,meta ads,Prospecting - Static,408,22,19.97
2025-03-03,Affiliate ,Affiliate - Cashback Sites,0,0,£0.00
2025-12-29,Google Search,Brand - Search,413,15,8.22
2025-09-10,Google Search,Brand - Search,109,4,2.13
2025-08-04,Affiliate ,Affiliate - Beauty Bloggers,63,3,0.68
2026-04-10,Google Shopping,Shopping - Bestsellers,370,12,5.07
2025-04-15,Affiliate,Affiliate - Beauty Bloggers,103,4,0.84
2025-06-16,Google Search,Non-Brand - Competitor,222,9,4.79
2025-11-28,Affiliate,Affiliate - Beauty Bloggers,295,11,2.49
2026-02-02,Affiliate,Affiliate - Beauty Bloggers,106,4,0.84
2026-02-14,Google_Shopping,Shopping - Bestsellers,102,4,1.58
2025-04-23,Google  Search,Brand - Search,138,7,4.07
2026-02-01,Google Shopping,Shopping - Bestsellers,259,10,£3.77
2026-01-10,Affiliate,Affiliate - Cashback Sites,157,5,1.11
2025-05-01,Meta Ads,Retargeting - Carousel,362,15,10.44
2025-02-18,Meta Ads,Retargeting - Carousel,368,18,10.27
2025-05-08,Affiliate ,Affiliate - Cashback Sites,30,1,0.23
2026-03-01,Affiliate,Affiliate - Beauty Bloggers,76,3,0.64
2026-01-04,Google Search,Brand - Search,343,12,6.26
2026-02-25,Affiliate,Affiliate - Cashback Sites,25,1,0.21
2026-01-02,Google Shopping,Shopping - New Launches,0,0,£0.00
2025-05-31,Google Search,Non-Brand - Generic,645,22,11.83
2025-11-18,Google  Search,Non-Brand - Competitor,506,25,13.66
2025-04-27,Google Search,Non-Brand - Generic,397,16,9.13
2026-06-08,Meta Ads,Prospecting - Static,979,38,£34.01
2026-02-23,Google Search,Non-Brand - Competitor,324,13,6.78
2026-06-05,Affiliate,Affiliate - Cashback Sites,178,9,£2.04
2025-07-19,Google Shopping,Shopping - Bestsellers,96,4,1.8
2025-03-29,Google Search,Non-Brand - Generic,169,8,4.5
2025-02-24,Google Shopping,Shopping - Bestsellers,165,9,4.17
2025-06-27,Meta Ads,Retargeting - Carousel,793,34,£23.20
2025-05-25,Meta Ads,Prospecting - Static,753,26,17.89
2025-05-06,Google Shopping,Shopping - New Launches,382,15,6.31
2025-04-04,meta ads,Prospecting - Static,382,14,9.21
2025-02-25,Google Search,Non-Brand - Generic,464,20,10.65
2025-02-14,Meta Ads,Retargeting - Carousel,163,7,4.14
2025-04-24,Google Search,Brand - Search,385,16,8.94
2025-10-31,Google Search,Brand - Search,293,11,5.85
2025-01-23,Google Search,Non-Brand - Competitor,121,5,2.78
2025-06-20,Google Search,Non-Brand - Competitor,481,17,9.81
2026-04-27,Affiliate,Affiliate - Cashback Sites,99,5,£1.04
2026-05-05,meta ads,Prospecting - Video,1413,48,45.37
2025-07-25,Meta Ads,Prospecting - Video,674,22,14.85
2025-06-15,google shopping,Shopping - New Launches,267,14,5.61
2026-04-10,Google  Search,Non-Brand - Generic,242,8,4.54
2025-08-03,Google Search,Non-Brand - Competitor,249,13,6.52
2025-10-06,Meta Ads,Prospecting - Static,636,25,20.71
2025-01-08,Google Shopping,Shopping - Bestsellers,176,8,3.44
2025-03-17,Google  Search,Non-Brand - Competitor,202,7,3.7
2025-12-26,Google_Shopping,Shopping - Bestsellers,144,6,£2.50
2026-01-17,Google Search,Non-Brand - Competitor,180,7,3.71
2026-01-23,google shopping,Shopping - Bestsellers,0,0,0.0
2025-08-30,Meta Ads,Retargeting - Carousel,643,25,18.36
2025-05-31,Meta Ads,Prospecting - Static,969,31,20.75
2025-12-18,Google Search,Brand - Search,501,23,14.01
2025-02-20,Google_Shopping,Shopping - Bestsellers,370,13,5.26
2026-04-15,Google Search,Brand - Search,523,19,11.11
2025-02-01,Meta Ads,Prospecting - Static,558,21,12.13
2026-05-18,GOOGLE SHOPPING,Shopping - Bestsellers,252,14,6.16
2025-03-13,Google Shopping,Shopping - Bestsellers,541,20,9.11
2025-11-05,Google Search,Non-Brand - Competitor,508,21,12.3
2025-09-28,Google Shopping,Shopping - New Launches,113,4,1.65
2026-04-02,Google Search,Brand - Search,108,6,£3.38
2026-06-30,Google  Search,Brand - Search,526,27,15.42
2025-11-27,Affiliate ,Affiliate - Cashback Sites,426,14,3.25
2026-01-08,google shopping,Shopping - New Launches,277,11,4.71
2025-04-17,Google Shopping,Shopping - Bestsellers,80,4,1.75
2025-11-25,Meta Ads,Prospecting - Video,1420,68,50.29
2026-06-28,Affiliate,Affiliate - Cashback Sites,174,8,1.74
2026-01-04,Google Shopping,Shopping - New Launches,115,6,2.34
2026-03-17,Google Search,Non-Brand - Competitor,549,23,13.0
2025-05-08,Google Shopping,Shopping - Bestsellers,477,21,9.22
2026-03-13,Google Shopping,Shopping - New Launches,215,9,4.02
2025-11-21,Google Search,Brand - Search,506,17,8.93
2026-04-07,Google Shopping,Shopping - New Launches,172,6,2.51
2025-09-19,Meta Ads,Prospecting - Video,308,16,11.99
2025-07-04,Affiliate,Affiliate - Cashback Sites,141,7,1.64
2025-10-25,Affiliate,Affiliate - Beauty Bloggers,0,0,0.0
2026-05-20,Meta Ads,Prospecting - Static,1117,43,37.69
2025-05-11,google shopping,Shopping - Bestsellers,374,16,7.58
2025-03-09,Google Shopping,Shopping - Bestsellers,40,2,0.8
2025-02-11,Meta Ads,Prospecting - Static,436,19,11.34
2025-12-02,Google Search,Brand - Search,588,19,10.2
2025-04-19,Google Shopping,Shopping - Bestsellers,179,8,2.98
2025-09-15,Affiliate,Affiliate - Cashback Sites,73,4,0.9
2025-04-22,GOOGLE SEARCH,Brand - Search,342,19,9.48
2025-02-03,Google Search,Brand - Search,359,14,7.54
2026-03-23,Google Search,Brand - Search,175,7,£4.05
2025-10-28,Google Shopping,Shopping - New Launches,119,4,1.76
2025-01-19,Google  Search,Brand - Search,260,11,5.79
2026-02-25,Google Search,Non-Brand - Competitor,169,7,3.85
2025-09-20,Affiliate,Affiliate - Cashback Sites,25,1,0.2
2025-10-26,Affiliate,Affiliate - Cashback Sites,23,1,0.21
2025-01-30,Google Shopping,Shopping - New Launches,363,16,7.19
2026-06-20,Affiliate,Affiliate - Cashback Sites,108,4,0.87
2025-07-12,Google Shopping,Shopping - Bestsellers,131,6,2.7
2025-08-22,Affiliate ,Affiliate - Cashback Sites,19,1,0.23
2025-03-12,Affiliate,Affiliate - Cashback Sites,146,5,1.12
2026-02-26,Affiliate,Affiliate - Cashback Sites,196,8,1.84
2025-04-27,Meta Ads,Prospecting - Video,636,20,13.64
2025-09-02,Meta Ads,Retargeting - Carousel,1243,43,34.41
2025-02-16,Meta Ads,Prospecting - Video,572,20,12.25
2025-02-13,Affiliate,Affiliate - Cashback Sites,128,7,£1.57
2026-04-04,Affiliate,Affiliate - Cashback Sites,80,3,0.68
2026-03-24,Google Search,Non-Brand - Competitor,367,16,9.0
2025-02-24,Affiliate,Affiliate - Cashback Sites,59,2,0.48
2026-04-26,Affiliate ,Affiliate - Beauty Bloggers,62,2,0.45
2025-11-12,Affiliate,Affiliate - Beauty Bloggers,78,3,0.74
2026-04-20,Google_Shopping,Shopping - Bestsellers,225,9,4.02
2026-03-18,Affiliate,Affiliate - Beauty Bloggers,0,0,£0.00
2026-03-10,Affiliate,Affiliate - Cashback Sites,110,5,1.0
2025-01-12,Affiliate,Affiliate - Beauty Bloggers,58,2,0.42
2025-06-27,Google Search,Brand - Search,506,16,8.83
2026-03-16,google shopping,Shopping - Bestsellers,63,3,1.21
2025-07-16,Affiliate,Affiliate - Beauty Bloggers,61,2,0.47
2025-09-04,Google_Shopping,Shopping - Bestsellers,191,10,4.0
2025-03-15,Google Search,Brand - Search,477,19,9.75
2025-08-27,GOOGLE SEARCH,Non-Brand - Generic,182,10,5.62
2025-01-09,Google Shopping,Shopping - New Launches,165,8,3.06
2025-07-29,Meta Ads,Retargeting - Carousel,590,19,13.22
2025-10-11,Meta Ads,Prospecting - Static,573,25,19.54
2026-01-01,Google Search,Brand - Search,268,9,4.47
2025-09-16,affiliate,Affiliate - Beauty Bloggers,54,2,0.41
2025-07-24,Google Search,Brand - Search,121,5,2.85
2026-05-30,Meta_Ads,Prospecting - Video,1219,46,41.15
2025-07-15,Affiliate,Affiliate - Cashback Sites,84,4,0.84
2025-11-29,google shopping,Shopping - Bestsellers,199,11,4.6
2025-03-03,Meta Ads,Retargeting - Carousel,455,18,11.29
2026-05-14,Google Search,Brand - Search,381,15,8.64
2026-06-04,Meta Ads,Prospecting - Video,1067,58,56.07
2026-01-01,Affiliate,Affiliate - Beauty Bloggers,22,1,0.22
2025-12-07,Affiliate,Affiliate - Beauty Bloggers,18,1,0.23
2025-08-03,Google Shopping,Shopping - Bestsellers,174,8,3.5
2025-03-27,Meta_Ads,Retargeting - Carousel,323,12,£7.00
2025-03-23,Meta Ads,Prospecting - Video,313,15,7.93
2025-11-03,Affiliate,Affiliate - Beauty Bloggers,161,6,£1.39
2026-04-22,Google Shopping,Shopping - Bestsellers,444,15,6.75
2026-01-14,Google Search,Non-Brand - Generic,375,14,7.25
2025-09-19,affiliate,Affiliate - Cashback Sites,39,2,£0.41
2025-04-28,GOOGLE SHOPPING,Shopping - New Launches,418,17,6.99
2025-07-09,google search,Non-Brand - Competitor,236,11,6.22
2026-02-22,Affiliate,Affiliate - Beauty Bloggers,438,14,3.06
2025-02-09,Google  Search,Brand - Search,460,15,8.03
2025-03-31,Google Search,Brand - Search,218,8,4.2
2025-09-02,Google Shopping,Shopping - New Launches,117,6,2.49
2026-04-10,Meta Ads,Prospecting - Video,690,34,32.89
2025-09-12,google shopping,Shopping - Bestsellers,354,14,£6.33
2025-03-26,Meta Ads,Retargeting - Carousel,294,12,7.57
2026-02-14,Meta Ads,Prospecting - Video,596,25,21.69
2026-04-29,Meta Ads,Prospecting - Video,615,33,24.38
2025-08-25,Google Shopping,Shopping - Bestsellers,178,9,3.72
2025-07-08,Google Shopping,Shopping - Bestsellers,125,6,2.53
2025-09-26,Google Shopping,Shopping - New Launches,250,8,3.27
2025-01-13,Affiliate,Affiliate - Cashback Sites,29,1,0.19
2025-04-15,Google Search,Non-Brand - Competitor,369,19,10.0
2025-01-04,Google Search,Non-Brand - Generic,429,14,7.77
2025-08-16,Meta Ads,Retargeting - Carousel,483,17,£11.82
2025-09-07,Affiliate,Affiliate - Cashback Sites,54,3,0.66
2026-03-09,FB/IG Ads,Retargeting - Carousel,1212,42,£34.74
2025-04-15,Google Shopping,Shopping - Bestsellers,319,10,4.24
2025-12-21,Google Shopping,Shopping - New Launches,317,16,6.75
2026-06-21,Meta Ads,Retargeting - Carousel,825,28,£28.03
2026-05-13,Meta Ads,Prospecting - Static,759,42,36.63
2025-05-12,Affiliate,Affiliate - Beauty Bloggers,89,3,0.65
2025-10-21,google search,Non-Brand - Competitor,304,12,6.51
2025-12-21,Meta Ads,Retargeting - Carousel,668,32,26.58
2025-12-26,AFFILIATE,Affiliate - Beauty Bloggers,20,1,0.21
2026-02-24,Google Shopping,Shopping - New Launches,77,3,1.25
2025-12-14,Google Shopping,Shopping - New Launches,318,13,4.89
2026-04-22,Affiliate,Affiliate - Cashback Sites,108,5,1.17
2025-05-27,Meta Ads,Retargeting - Carousel,658,23,£15.13
2025-06-30,affiliate,Affiliate - Cashback Sites,89,4,0.89
2025-01-01,google shopping,Shopping - Bestsellers,209,7,2.89
2025-08-02,Affiliate ,Affiliate - Beauty Bloggers,216,8,1.7
2025-09-05,AFFILIATE,Affiliate - Cashback Sites,119,5,1.07
2025-01-29,Affiliate,Affiliate - Beauty Bloggers,109,4,£0.88
2026-06-27,Affiliate,Affiliate - Cashback Sites,55,2,0.46
2025-03-26,GOOGLE SEARCH,Brand - Search,429,18,9.54
2026-05-24,Affiliate,Affiliate - Cashback Sites,132,6,1.33
2025-01-27,Google Search,Non-Brand - Competitor,295,13,7.22
2025-02-12,Affiliate,Affiliate - Beauty Bloggers,63,2,0.46
2026-01-15,Google Shopping,Shopping - New Launches,405,18,7.82
2026-05-10,Affiliate,Affiliate - Beauty Bloggers,119,6,1.3
2025-01-07,Meta Ads,Prospecting - Static,319,17,9.55
2025-08-14,Affiliate ,Affiliate - Beauty Bloggers,348,11,2.56
2025-11-10,FB/IG Ads,Prospecting - Static,1005,40,£31.18
2025-03-14,Google Search,Non-Brand - Competitor,313,12,6.65
2025-02-15,Google Shopping,Shopping - New Launches,435,17,7.35
2026-06-03,Meta Ads,Retargeting - Carousel,1413,46,42.51
2026-01-07,Meta Ads,Prospecting - Video,326,14,£12.06
2025-01-06,Google Search,Non-Brand - Generic,262,9,4.86
2026-05-27,Google Search,Non-Brand - Generic,616,29,16.27
2025-05-01,Google Search,Non-Brand - Generic,581,20,10.97
2025-05-20,affiliate,Affiliate - Cashback Sites,112,5,1.06
2026-02-13,GOOGLE SEARCH,Brand - Search,232,12,7.03
2025-08-27,Meta Ads,Prospecting - Static,685,25,18.0
2025-10-24,Meta Ads,Prospecting - Static,622,25,18.54
2025-07-19,Google Search,Brand - Search,372,12,7.39
2025-08-01,Affiliate,Affiliate - Cashback Sites,154,7,1.57
2025-02-25,Meta Ads,Prospecting - Video,607,25,14.66
2025-05-09,Google Shopping,Shopping - New Launches,400,18,7.44
2026-02-10,Meta Ads,Prospecting - Video,692,30,£24.89
2026-04-06,google shopping,Shopping - New Launches,191,8,3.22
2025-06-13,Google Shopping,Shopping - Bestsellers,394,13,5.78
2026-06-01,Meta Ads,Retargeting - Carousel,879,37,38.08
2025-07-09,Google Shopping,Shopping - New Launches,371,20,9.11
2026-01-26,Facebook/Instagram Ads,Prospecting - Static,400,16,£13.92
2025-09-04,Affiliate,Affiliate - Beauty Bloggers,73,3,0.67
2025-11-24,Meta Ads,Prospecting - Video,1525,49,37.65
2025-08-04,Google Shopping,Shopping - New Launches,95,5,2.01
2026-03-19,Affiliate,Affiliate - Cashback Sites,224,9,1.98
2025-04-09,Affiliate,Affiliate - Cashback Sites,26,1,0.22
2026-03-12,Meta Ads,Prospecting - Video,1013,42,38.85
2025-05-17,Google  Search,Non-Brand - Generic,275,15,8.62
2026-05-31,AFFILIATE,Affiliate - Beauty Bloggers,210,7,1.55
2026-03-13,AFFILIATE,Affiliate - Beauty Bloggers,297,12,2.62
2025-10-16,Google Search,Brand - Search,442,19,10.05
2025-12-02,Meta Ads,Prospecting - Static,565,28,23.18
2026-05-20,Google  Search,Brand - Search,726,26,16.02
2025-04-21,Google Shopping,Shopping - Bestsellers,270,9,3.64
2025-08-10,Meta Ads,Retargeting - Carousel,733,32,22.95
2026-03-08,Affiliate,Affiliate - Cashback Sites,171,8,£1.82
2025-02-17,Affiliate,Affiliate - Beauty Bloggers,225,9,2.11
2025-06-02,Meta Ads,Retargeting - Carousel,244,11,6.97
2025-05-22,Google Search,Non-Brand - Generic,573,19,10.92
2025-01-04,Affiliate,Affiliate - Beauty Bloggers,227,8,1.73
2026-06-21,Google Shopping,Shopping - New Launches,331,11,4.1
2026-01-13,Meta Ads,Prospecting - Static,856,38,£29.05
2025-09-07,Google Shopping,Shopping - New Launches,596,20,8.29
2025-07-30,Google Search,Brand - Search,307,12,6.53
2025-02-07,Google Shopping,Shopping - New Launches,382,17,7.59
2025-07-11,AFFILIATE,Affiliate - Cashback Sites,200,7,1.66
2025-06-27,AFFILIATE,Affiliate - Beauty Bloggers,26,1,0.22
2025-04-18,Meta Ads,Prospecting - Static,190,8,4.84
2025-09-12,Meta Ads,Prospecting - Static,408,21,15.07
2025-08-27,Affiliate,Affiliate - Beauty Bloggers,153,5,£1.05
2025-09-30,Affiliate,Affiliate - Beauty Bloggers,38,2,0.42
2025-11-11,Google Shopping,Shopping - New Launches,287,9,3.7
2026-02-27,Google Shopping,Shopping - Bestsellers,129,5,2.14
2026-04-25,Meta Ads,Prospecting - Static,696,28,24.16
2025-10-05,Meta Ads,Prospecting - Static,534,22,17.01
2025-12-12,Meta Ads,Prospecting - Video,409,17,
2025-05-27,Affiliate,Affiliate - Cashback Sites,21,1,0.24
2025-02-13,google search,Non-Brand - Generic,195,9,4.36
2025-04-21,Affiliate,Affiliate - Beauty Bloggers,338,13,3.03
2025-05-31,Affiliate,Affiliate - Beauty Bloggers,177,6,1.23
2025-06-26,Google Search,Non-Brand - Generic,658,23,12.37
2025-05-20,Google_Search,Brand - Search,281,10,5.45
2025-07-22,Affiliate,Affiliate - Beauty Bloggers,0,0,0.0
2025-07-04,Google Shopping,Shopping - New Launches,209,7,2.76
2025-08-30,Google Shopping,Shopping - New Launches,164,6,2.66
2025-06-12,Google Shopping,Shopping - Bestsellers,141,7,£3.03
2025-11-14,Meta Ads,Prospecting - Video,1436,46,36.78
2025-11-04,Affiliate,Affiliate - Beauty Bloggers,467,15,3.23
2025-10-25,Meta Ads,Retargeting - Carousel,584,21,16.17
2025-04-26,Affiliate,Affiliate - Cashback Sites,58,3,0.63
2025-11-20,Google_Shopping,Shopping - New Launches,429,20,9.0
2025-03-16,Affiliate,Affiliate - Beauty Bloggers,150,6,1.18
2026-01-31,Google Shopping,Shopping - Bestsellers,273,12,5.32
2025-03-28,affiliate,Affiliate - Beauty Bloggers,137,5,1.0
2026-05-06,Meta Ads,Retargeting - Carousel,902,31,£30.17
2026-02-26,Meta Ads,Prospecting - Video,823,34,28.77
2025-10-28,Affiliate,Affiliate - Beauty Bloggers,267,11,2.29
2025-06-04,Affiliate,Affiliate - Cashback Sites,235,8,£1.70
2025-09-22,Google_Search,Non-Brand - Competitor,333,13,7.42
2025-09-22,Meta Ads,Prospecting - Static,720,26,£19.78
2026-01-27,Google Search,Non-Brand - Competitor,155,5,2.63
2025-11-17,Meta Ads,Prospecting - Static,568,29,21.99
2026-04-06,Affiliate,Affiliate - Cashback Sites,124,5,£1.11
2026-04-29,Google Shopping,Shopping - New Launches,307,11,4.66
2025-07-31,Google Shopping,Shopping - Bestsellers,262,11,4.78
2026-01-17,Meta Ads,Prospecting - Static,818,29,22.9
2026-02-03,Google_Search,Non-Brand - Competitor,359,13,7.44
2025-11-28,Google Shopping,Shopping - Bestsellers,442,22,9.57
2026-02-11,Google Search,Non-Brand - Competitor,254,12,6.89
2026-03-31,Affiliate,Affiliate - Beauty Bloggers,101,4,0.85
2026-03-06,Google Search,Non-Brand - Generic,341,14,7.85
2025-03-21,Google_Search,Non-Brand - Competitor,315,17,10.0
2025-02-04,Google Search,Brand - Search,227,12,6.41
2026-05-09,Meta Ads,Retargeting - Carousel,1345,44,39.85
2025-02-03,Affiliate,Affiliate - Beauty Bloggers,19,1,0.22
2025-02-20,Meta Ads,Prospecting - Video,663,30,18.47
2025-03-30,Facebook/Instagram Ads,Prospecting - Video,334,15,£9.71
2025-10-23,Affiliate,Affiliate - Cashback Sites,199,7,1.55
2025-09-11,Meta_Ads,Prospecting - Static,471,22,16.35
2025-05-11,Affiliate,Affiliate - Beauty Bloggers,183,10,2.21
2025-11-25,Affiliate,Affiliate - Beauty Bloggers,233,9,1.9
2025-08-28,Meta Ads,Prospecting - Video,598,19,14.37
2025-06-01,Affiliate,Affiliate - Beauty Bloggers,65,3,0.64
2026-03-19,Google Search,Non-Brand - Generic,470,20,10.04
2025-08-21,Google Shopping,Shopping - New Launches,153,5,2.08
2025-12-17,affiliate,Affiliate - Cashback Sites,76,4,£0.94
2026-06-09,Google Shopping,Shopping - Bestsellers,292,10,4.25
2026-01-28,google shopping,Shopping - Bestsellers,403,13,£5.70
2025-09-16,Google_Shopping,Shopping - New Launches,264,11,4.74
2026-02-09,Affiliate,Affiliate - Beauty Bloggers,259,9,1.93
2026-03-11,Google_Shopping,Shopping - New Launches,145,6,2.62
2025-06-25,Google Shopping,Shopping - New Launches,212,8,£3.60
2026-05-29,Google Search,Brand - Search,371,13,6.87
2025-10-02,Meta Ads,Prospecting - Video,653,31,22.09
2025-05-07,FB/IG Ads,Prospecting - Static,442,22,13.04
2025-02-22,Google Search,Non-Brand - Generic,342,15,8.98
2025-11-03,GOOGLE SHOPPING,Shopping - New Launches,406,15,6.47
2025-05-24,GOOGLE SHOPPING,Shopping - New Launches,174,7,3.31
2025-03-08,Meta Ads,Retargeting - Carousel,548,21,12.02
2025-10-27,Google Shopping,Shopping - New Launches,390,16,6.63
2026-05-21,affiliate,Affiliate - Cashback Sites,24,1,0.23
2026-01-18,Affiliate,Affiliate - Beauty Bloggers,117,4,0.86
2026-06-27,Meta Ads,Prospecting - Video,1518,54,£50.87
2026-04-04,FB/IG Ads,Prospecting - Video,688,24,£21.81
2025-12-04,Google Shopping,Shopping - New Launches,400,13,5.54
2025-12-12,Google Search,Brand - Search,432,17,9.08
2025-04-03,Meta Ads,Prospecting - Video,670,22,14.31
2025-05-28,Affiliate,Affiliate - Beauty Bloggers,58,2,0.45
2026-04-04,Google Shopping,Shopping - New Launches,486,18,7.48
2026-04-20,Affiliate,Affiliate - Beauty Bloggers,89,3,0.64
2025-03-20,Affiliate,Affiliate - Beauty Bloggers,187,8,1.71
2025-10-15,Google_Shopping,Shopping - Bestsellers,456,15,6.75
2025-12-29,Affiliate,Affiliate - Beauty Bloggers,0,0,0.0
2025-10-10,Google Search,Brand - Search,412,16,8.72
2026-02-15,Affiliate ,Affiliate - Cashback Sites,23,1,£0.23
2026-06-02,Google Shopping,Shopping - New Launches,415,15,6.0
2026-06-23,Google Shopping,Shopping - New Launches,322,12,5.33
2025-04-29,AFFILIATE,Affiliate - Beauty Bloggers,81,3,0.68
2025-06-04,google shopping,Shopping - Bestsellers,132,7,3.12
2026-06-08,Google Search,Non-Brand - Generic,411,16,8.84
2025-11-02,AFFILIATE,Affiliate - Cashback Sites,217,10,2.13
2025-12-18,Google Shopping,Shopping - New Launches,462,17,£6.71
2026-02-02,Google Shopping,Shopping - Bestsellers,409,13,4.94
2025-05-15,Affiliate,Affiliate - Beauty Bloggers,29,1,0.24
2025-10-13,GOOGLE SHOPPING,Shopping - New Launches,76,3,1.29
2025-02-27,Facebook/Instagram Ads,Prospecting - Video,341,15,£8.38
2026-06-06,Google Shopping,Shopping - Bestsellers,216,9,4.12
2026-03-15,Google Search,Brand - Search,353,16,9.5
2025-08-18,Affiliate,Affiliate - Beauty Bloggers,172,7,1.61
2026-05-07,Google Search,Non-Brand - Competitor,619,32,
2025-09-22,Affiliate,Affiliate - Cashback Sites,54,2,0.45
2025-04-07,Google Shopping,Shopping - New Launches,158,5,2.0
2025-12-22,Meta Ads,Prospecting - Video,1575,52,40.23
2026-04-01,AFFILIATE,Affiliate - Beauty Bloggers,76,3,0.69
2025-09-01,Affiliate,Affiliate - Cashback Sites,0,0,0.0
2026-03-25,Google_Shopping,Shopping - New Launches,343,12,4.73
2026-02-05,Meta Ads,Prospecting - Static,952,38,34.22
2025-10-16,Google Shopping,Shopping - Bestsellers,443,16,6.99
2025-10-23,Google Search,Brand - Search,477,19,£10.40
2025-01-19,Google Shopping,Shopping - New Launches,39,2,0.89
2025-09-17,AFFILIATE,Affiliate - Cashback Sites,147,7,1.51
2026-01-25,Meta Ads,Retargeting - Carousel,157,7,6.12
2025-01-09,Affiliate ,Affiliate - Cashback Sites,0,0,0.0
2026-02-25,google shopping,Shopping - New Launches,161,6,2.57
2025-01-31,google shopping,Shopping - New Launches,91,4,1.63
2025-11-07,Google_Search,Brand - Search,738,27,13.41
2025-08-16,Google Shopping,Shopping - Bestsellers,313,12,4.75
2025-06-02,Affiliate,Affiliate - Cashback Sites,28,1,£0.21
2026-01-06,Google Shopping,Shopping - Bestsellers,358,12,£4.91
2025-08-17,Affiliate,Affiliate - Beauty Bloggers,0,0,0.0
2025-01-02,Google Search,Brand - Search,555,19,10.01
2025-08-30,Google Search,Non-Brand - Generic,587,21,11.64
2025-11-29,Meta Ads,Retargeting - Carousel,838,40,29.23
2025-12-20,Meta Ads,Retargeting - Carousel,878,46,35.89
2026-04-19,Google Search,Non-Brand - Generic,222,12,6.53
2025-02-11,Google_Shopping,Shopping - Bestsellers,327,15,£6.27
2026-01-09,Meta Ads,Prospecting - Video,398,19,£14.14
2025-03-01,Google  Search,Non-Brand - Generic,394,17,9.28
2025-11-16,Affiliate,Affiliate - Beauty Bloggers,251,9,2.07
2025-07-13,Google Search,Brand - Search,361,15,8.51
2025-04-10,Affiliate,Affiliate - Cashback Sites,81,4,0.91
2025-05-25,Google Shopping,Shopping - New Launches,356,16,£6.34
2025-12-22,Google Search,Non-Brand - Generic,343,14,£7.92
2026-01-18,Google Search,Brand - Search,258,14,7.43
2026-06-17,Google Shopping,Shopping - Bestsellers,506,17,7.23
2026-06-30,meta ads,Prospecting - Video,1752,59,55.23
2025-08-29,Meta Ads,Retargeting - Carousel,851,28,£19.76
2025-12-10,Google Shopping,Shopping - New Launches,551,22,8.98
2026-01-26,Google Shopping,Shopping - Bestsellers,44,2,0.87
2025-08-05,Google Search,Brand - Search,548,18,10.08
2025-01-02,Affiliate ,Affiliate - Cashback Sites,180,6,1.25
2025-04-28,Meta Ads,Prospecting - Static,506,23,14.96
2026-04-28,Affiliate,Affiliate - Cashback Sites,102,4,0.89
2025-11-30,Meta Ads,Prospecting - Video,1467,60,46.77
2026-05-26,Google Shopping,Shopping - New Launches,599,22,9.24
2025-05-02,Affiliate,Affiliate - Cashback Sites,123,4,0.91
2025-05-07,Google Search,Non-Brand - Competitor,391,17,£9.88
2025-05-06,Affiliate,Affiliate - Cashback Sites,57,3,0.63
2025-02-28,meta ads,Retargeting - Carousel,566,19,10.19
2025-11-27,google search,Non-Brand - Generic,820,29,15.92
2025-12-09,AFFILIATE,Affiliate - Beauty Bloggers,114,4,0.93
2025-01-28,Google Search,Non-Brand - Competitor,308,14,7.71
2025-06-20,Google Shopping,Shopping - New Launches,114,5,2.15
2025-05-03,Google Search,Non-Brand - Generic,408,15,8.12
2025-04-16,Google Shopping,Shopping - Bestsellers,209,8,3.49
2025-12-11,Google Shopping,Shopping - New Launches,436,19,7.81
2025-07-25,Affiliate,Affiliate - Cashback Sites,82,4,0.81
2026-06-16,Google Search,Non-Brand - Generic,288,15,7.82
2025-01-13,Meta Ads,Prospecting - Video,248,9,5.22
2026-02-17,Google Search,Non-Brand - Competitor,303,10,5.02
2025-05-20,Google Shopping,Shopping - New Launches,61,3,1.25
2025-01-30,Meta Ads,Prospecting - Video,259,9,4.9
2025-06-08,GOOGLE SHOPPING,Shopping - New Launches,275,9,3.85
2025-10-19,Affiliate,Affiliate - Cashback Sites,46,2,0.45
2025-11-23,Google Search,Brand - Search,992,46,25.17
2025-07-14,Google Shopping,Shopping - New Launches,120,4,1.58
2025-10-09,affiliate,Affiliate - Beauty Bloggers,37,2,0.45
2025-05-16,google search,Non-Brand - Competitor,382,12,6.83
2025-10-08,Google_Shopping,Shopping - New Launches,369,17,£6.19
2025-06-21,Affiliate,Affiliate - Cashback Sites,25,1,0.23
2025-04-20,Google Search,Brand - Search,338,15,8.19
2025-08-06,Affiliate,Affiliate - Cashback Sites,166,6,1.27
2025-12-07,Meta Ads,Prospecting - Video,699,34,£26.96
2025-04-25,Meta_Ads,Prospecting - Video,580,20,12.13
2025-01-18,Meta Ads,Retargeting - Carousel,805,26,14.6
2025-12-03,Meta Ads,Prospecting - Static,1047,45,31.81
2026-06-06,Google Search,Non-Brand - Competitor,586,20,10.48
2025-01-12,Meta Ads,Retargeting - Carousel,352,15,8.45
2025-03-05,Google Shopping,Shopping - New Launches,115,6,2.51
2025-03-05,Meta Ads,Prospecting - Video,676,28,14.72
2025-07-02,Affiliate,Affiliate - Beauty Bloggers,58,2,0.45
2026-02-13,Meta Ads,Prospecting - Video,631,22,19.72
2025-02-23,Google Search,Non-Brand - Generic,183,7,4.07
2026-04-26,Google Search,Non-Brand - Generic,342,11,5.76
2025-11-15,Affiliate,Affiliate - Cashback Sites,0,0,0.0
2025-05-16,Affiliate,Affiliate - Cashback Sites,166,8,£1.71
2025-01-22,Affiliate,Affiliate - Cashback Sites,105,5,1.1
2026-03-03,Google Search,Non-Brand - Competitor,176,8,
2025-07-08,Google Search,Non-Brand - Competitor,236,11,6.32
2026-05-03,Google_Search,Non-Brand - Generic,298,16,9.91
2025-08-25,Google_Search,Non-Brand - Competitor,299,14,£7.35
2025-10-04,Affiliate,Affiliate - Beauty Bloggers,139,5,£1.11
2026-05-12,Google Shopping,Shopping - Bestsellers,349,19,8.47
2025-11-30,Affiliate,Affiliate - Beauty Bloggers,196,7,1.5
2025-04-26,Google Shopping,Shopping - Bestsellers,96,5,2.36
2026-02-07,Facebook/Instagram Ads,Retargeting - Carousel,640,21,17.99
2025-04-09,google search,Brand - Search,781,25,14.04
2025-02-22,Google Shopping,Shopping - New Launches,248,10,4.39
2025-07-17,Google Shopping,Shopping - Bestsellers,26,1,0.39
2025-05-13,Affiliate,Affiliate - Cashback Sites,174,8,1.68
2026-06-23,Google Search,Brand - Search,295,16,9.6
2025-07-09,Affiliate,Affiliate - Cashback Sites,250,10,2.25
2026-05-18,Affiliate ,Affiliate - Cashback Sites,74,3,0.64
2025-11-04,Google Search,Brand - Search,236,12,6.56
2026-03-28,Google_Search,Brand - Search,286,10,5.14
2025-09-12,Google Search,Brand - Search,383,16,8.58
2026-04-24,Affiliate,Affiliate - Cashback Sites,36,2,0.5
2026-04-07,Meta Ads,Prospecting - Video,770,33,28.54
2026-05-08,Google Shopping,Shopping - New Launches,358,16,6.43
2025-07-28,Google  Search,Non-Brand - Generic,154,7,4.08
2025-07-03,Meta Ads,Prospecting - Video,411,14,£9.94
2025-11-26,Google Shopping,Shopping - Bestsellers,914,33,14.28
2026-01-13,Google Search,Brand - Search,148,8,4.09
2025-04-20,Meta Ads,Prospecting - Static,602,25,16.1
2025-10-09,Google Search,Non-Brand - Generic,216,11,5.41
2025-10-17,Google Shopping,Shopping - New Launches,546,18,7.64
2026-01-08,Google Search,Non-Brand - Competitor,283,11,5.57
2026-01-11,Meta Ads,Prospecting - Video,394,20,15.04
2026-02-01,Meta Ads,Prospecting - Video,721,35,30.89
2026-01-21,Google Shopping,Shopping - Bestsellers,130,7,3.08
2025-03-08,Google Shopping,Shopping - New Launches,82,4,1.78
2025-03-30,google shopping,Shopping - Bestsellers,22,1,0.41
2025-08-03,affiliate,Affiliate - Cashback Sites,256,10,2.33
2025-11-25,google search,Brand - Search,760,26,15.43
2026-04-27,Google Shopping,Shopping - New Launches,188,9,3.41
2026-03-08,Google Search,Non-Brand - Generic,568,21,£12.31
2026-04-24,Google Shopping,Shopping - New Launches,94,3,1.26
2026-06-14,FB/IG Ads,Retargeting - Carousel,742,30,28.98
2026-03-06,Meta Ads,Prospecting - Static,969,42,39.58
2025-05-13,Google Shopping,Shopping - Bestsellers,592,20,8.25
2025-07-29,GOOGLE SEARCH,Non-Brand - Generic,213,11,5.91
2025-06-24,Meta Ads,Retargeting - Carousel,846,27,17.15
2025-07-06,Affiliate,Affiliate - Beauty Bloggers,25,1,£0.19
2025-05-17,Meta Ads,Prospecting - Video,318,17,11.73
2025-02-07,Affiliate,Affiliate - Beauty Bloggers,119,5,1.05
2026-03-04,Affiliate ,Affiliate - Beauty Bloggers,63,2,0.48
2025-07-27,Google  Search,Brand - Search,524,21,10.8
2025-12-04,Google_Search,Non-Brand - Competitor,339,14,7.81
2025-07-17,affiliate,Affiliate - Cashback Sites,90,4,0.91
2025-02-23,Google Shopping,Shopping - Bestsellers,213,8,3.36
2025-07-03,Affiliate,Affiliate - Cashback Sites,0,0,0.0
2025-09-14,affiliate,Affiliate - Beauty Bloggers,91,3,£0.67
2026-04-05,AFFILIATE,Affiliate - Beauty Bloggers,124,4,0.89
2026-04-20,Google Search,Non-Brand - Competitor,211,10,5.66
2025-03-22,Meta Ads,Prospecting - Static,670,24,14.42
2025-12-13,GOOGLE SHOPPING,Shopping - New Launches,340,12,5.05
2025-11-23,Affiliate ,Affiliate - Beauty Bloggers,326,12,£2.51
2026-06-21,Affiliate,Affiliate - Cashback Sites,26,1,0.23
2025-04-12,Google Search,Non-Brand - Generic,173,7,£3.81
2026-02-19,Affiliate,Affiliate - Cashback Sites,175,7,1.5
2026-05-27,Affiliate,Affiliate - Beauty Bloggers,243,8,1.83
2025-06-05,Google Search,Brand - Search,597,19,
2026-02-04,Affiliate,Affiliate - Beauty Bloggers,221,9,1.84
2026-05-08,Meta Ads,Retargeting - Carousel,914,30,29.14
2026-05-15,Google Shopping,Shopping - Bestsellers,538,27,11.89
2026-05-15,Meta Ads,Prospecting - Video,723,37,33.45
2025-01-31,AFFILIATE,Affiliate - Cashback Sites,89,3,0.67
2026-03-09,Google Shopping,Shopping - New Launches,410,14,6.04
2026-06-01,AFFILIATE,Affiliate - Beauty Bloggers,265,11,2.41
2025-03-17,Affiliate,Affiliate - Beauty Bloggers,95,4,0.98
2025-09-26,Affiliate,Affiliate - Beauty Bloggers,119,5,£1.15
2025-07-21,Meta Ads,Prospecting - Video,565,24,16.87
2025-03-25,Affiliate,Affiliate - Beauty Bloggers,236,8,1.88
2026-01-18,Google Shopping,Shopping - Bestsellers,255,12,4.97
2026-03-02,Google Shopping,Shopping - Bestsellers,374,18,7.02
2025-12-17,Google_Shopping,Shopping - New Launches,478,19,8.71
2026-05-15,Google Search,Non-Brand - Competitor,428,19,10.42
2026-05-26,Google Search,Non-Brand - Competitor,325,11,5.85
2025-11-18,meta ads,Retargeting - Carousel,482,26,20.36
2026-01-22,Google Search,Brand - Search,90,5,2.7
2025-10-16,Affiliate,Affiliate - Cashback Sites,42,2,£0.43
2025-06-19,GOOGLE SEARCH,Brand - Search,450,16,9.17
2026-04-26,Meta Ads,Prospecting - Static,832,38,£35.12
2025-12-29,Meta Ads,Prospecting - Video,395,13,9.97
2025-01-20,Meta Ads,Prospecting - Video,447,14,£7.19
2025-12-24,Affiliate,Affiliate - Cashback Sites,108,4,0.88
2025-12-01,Meta Ads,Retargeting - Carousel,728,31,£23.87
2025-11-30,GOOGLE SHOPPING,Shopping - New Launches,468,20,8.55
2026-04-19,Meta Ads,Prospecting - Static,507,21,19.52
2025-09-26,Meta Ads,Prospecting - Static,412,21,14.97
2025-08-29,Affiliate,Affiliate - Cashback Sites,97,5,£1.12
2025-02-28,Google Search,Brand - Search,502,19,11.54
2025-06-04,Meta Ads,Prospecting - Static,637,25,15.74
2025-02-17,Google Shopping,Shopping - Bestsellers,323,12,4.81
2025-11-05,Affiliate,Affiliate - Beauty Bloggers,175,9,1.99
2025-05-24,Meta Ads,Retargeting - Carousel,865,29,17.57
2026-05-01,Google Shopping,Shopping - Bestsellers,202,7,2.54
2026-02-11,Google Shopping,Shopping - New Launches,189,8,3.27
2026-01-03,Google_Shopping,Shopping - New Launches,89,4,1.75
2026-02-19,Meta_Ads,Retargeting - Carousel,876,29,24.42
2025-03-25,Meta Ads,Retargeting - Carousel,324,17,11.18
2025-09-29,Affiliate,Affiliate - Cashback Sites,25,1,0.22
2025-08-07,Meta_Ads,Retargeting - Carousel,695,33,23.17
2026-02-08,Google Shopping,Shopping - New Launches,379,14,5.61
2025-03-10,Affiliate,Affiliate - Beauty Bloggers,158,7,1.62
2025-07-02,Google Search,Non-Brand - Generic,286,11,6.15
2026-03-03,Google Shopping,Shopping - Bestsellers,83,4,1.52
2025-05-18,GOOGLE SEARCH,Non-Brand - Competitor,423,19,10.04
2025-02-16,Google Search,Non-Brand - Competitor,485,20,11.18
2026-05-22,Affiliate,Affiliate - Cashback Sites,115,4,0.76
2025-05-04,Affiliate,Affiliate - Beauty Bloggers,0,0,0.0
2025-09-13,Meta Ads,Retargeting - Carousel,415,23,17.01
2025-06-04,Google Search,Non-Brand - Generic,274,9,5.24
2025-04-30,FB/IG Ads,Prospecting - Video,559,29,18.04
2025-09-25,Google Shopping,Shopping - Bestsellers,312,10,4.66
2025-09-08,Google Shopping,Shopping - New Launches,74,3,£1.28
2026-06-09,Affiliate ,Affiliate - Cashback Sites,36,2,£0.47
2025-06-23,Affiliate,Affiliate - Cashback Sites,121,5,1.0
2026-06-23,Meta Ads,Retargeting - Carousel,855,38,36.83
2025-09-16,Meta Ads,Prospecting - Static,672,27,19.02
2026-04-06,Meta Ads,Prospecting - Video,1075,34,31.26
2026-05-23,Google_Shopping,Shopping - Bestsellers,125,6,2.43
2025-12-05,GOOGLE SHOPPING,Shopping - Bestsellers,186,10,4.5
2026-01-19,Affiliate,Affiliate - Beauty Bloggers,72,3,0.75
2025-03-07,google shopping,Shopping - New Launches,157,5,2.09
2026-04-16,Google Search,Brand - Search,462,18,9.72
2026-06-30,Google Shopping,Shopping - Bestsellers,341,16,6.3
2025-07-26,Google Shopping,Shopping - New Launches,201,7,3.11
2025-10-14,Affiliate,Affiliate - Cashback Sites,73,3,0.63
2025-02-28,affiliate,Affiliate - Cashback Sites,247,9,1.89
2026-05-17,Google_Shopping,Shopping - Bestsellers,49,2,0.93
2026-03-18,Meta Ads,Prospecting - Video,633,22,£19.87
2025-03-12,Meta Ads,Prospecting - Video,472,20,£11.55
2026-05-28,Google Search,Non-Brand - Generic,728,29,14.77
2025-12-11,Google Search,Non-Brand - Generic,1019,34,18.25
2025-12-02,Affiliate ,Affiliate - Beauty Bloggers,79,3,0.61
2025-12-21,Meta Ads,Retargeting - Carousel,668,32,26.58
2025-07-15,Google Search,Non-Brand - Competitor,421,14,7.7
2025-09-08,Google Search,Non-Brand - Competitor,481,24,13.08
2026-06-30,Affiliate,Affiliate - Beauty Bloggers,265,9,£2.04
2025-02-19,Google Shopping,Shopping - New Launches,97,5,2.11
2025-07-29,Google Shopping,Shopping - New Launches,389,13,£5.47
2025-05-14,Meta_Ads,Prospecting - Static,354,15,10.07
2026-02-08,Google  Search,Non-Brand - Generic,543,20,11.46
2026-05-06,GOOGLE SEARCH,Non-Brand - Generic,191,9,5.42
2026-06-11,GOOGLE SEARCH,Brand - Search,566,19,10.86
2026-04-09,Affiliate,Affiliate - Beauty Bloggers,140,6,1.18
2025-02-02,Meta_Ads,Prospecting - Static,283,13,7.67
2026-02-25,Meta Ads,Prospecting - Static,602,27,21.42
2026-06-07,Google Search,Non-Brand - Generic,445,18,£10.03
2025-10-21,Google Shopping,Shopping - New Launches,123,6,2.52
2025-08-13,Google_Search,Brand - Search,306,16,9.37
2025-05-26,Google Shopping,Shopping - New Launches,325,13,£5.09
2025-03-06,Meta Ads,Prospecting - Video,324,11,6.1
2025-06-14,Affiliate,Affiliate - Beauty Bloggers,63,2,0.45
2025-07-08,Affiliate,Affiliate - Beauty Bloggers,88,3,£0.66
2026-01-28,Google Search,Non-Brand - Generic,246,8,4.39
2026-05-05,Affiliate,Affiliate - Beauty Bloggers,237,9,1.98
2025-02-07,Google_Search,Non-Brand - Competitor,201,11,£6.04
2025-08-11,Google Search,Brand - Search,269,14,7.16
2025-12-15,Meta Ads,Retargeting - Carousel,1066,52,42.42
2026-01-19,FB/IG Ads,Prospecting - Static,544,22,17.08
2025-10-23,Google Shopping,Shopping - Bestsellers,71,3,1.21
2025-07-27,Affiliate,Affiliate - Cashback Sites,0,0,0.0
2025-01-11,Google Search,Non-Brand - Generic,106,4,2.28
2025-04-01,Google_Shopping,Shopping - New Launches,153,7,3.1
2026-06-27,Google Search,Non-Brand - Competitor,327,12,6.15
2025-08-24,Affiliate,Affiliate - Cashback Sites,351,11,£2.32
2026-02-18,Google Search,Non-Brand - Generic,353,19,10.01
2025-08-15,Meta Ads,Retargeting - Carousel,487,18,£13.23
2025-08-03,affiliate,Affiliate - Cashback Sites,256,10,2.33
2026-02-16,Affiliate,Affiliate - Beauty Bloggers,103,4,0.85
2025-09-28,affiliate,Affiliate - Beauty Bloggers,63,2,£0.44
2025-09-06,Meta Ads,Prospecting - Video,294,16,£10.68
2025-10-06,Google Shopping,Shopping - New Launches,203,10,4.18
2026-01-27,Affiliate,Affiliate - Beauty Bloggers,31,1,£0.23
2025-09-21,Google  Search,Brand - Search,478,17,8.48
2025-04-23,Google Shopping,Shopping - Bestsellers,287,9,3.78
2026-04-07,Google Search,Brand - Search,45,2,1.12
2025-03-11,Affiliate,Affiliate - Cashback Sites,178,6,1.35
2025-03-26,Google_Shopping,Shopping - New Launches,135,5,2.16
2026-05-25,Google Shopping,Shopping - New Launches,487,20,8.33
2025-01-09,Facebook/Instagram Ads,Retargeting - Carousel,104,5,2.75
2026-05-13,Google Shopping,Shopping - New Launches,538,20,£8.59
2026-02-06,Affiliate,Affiliate - Beauty Bloggers,114,5,1.1
2026-03-02,Meta Ads,Prospecting - Video,741,38,32.84
2025-01-22,Google_Search,Non-Brand - Generic,261,11,£5.53
2026-01-04,Affiliate,Affiliate - Beauty Bloggers,129,6,1.25
2025-09-08,Meta Ads,Prospecting - Static,461,23,16.3
2025-11-28,Google Search,Brand - Search,1009,32,18.23
2025-07-02,Google Shopping,Shopping - New Launches,176,7,3.23
2025-11-10,Google Search,Brand - Search,365,18,9.64
2025-04-07,Meta Ads,Prospecting - Static,509,18,10.34
2025-09-17,Google Search,Non-Brand - Competitor,65,3,£1.68
2025-04-30,Affiliate,Affiliate - Cashback Sites,21,1,0.21
2025-11-13,Meta Ads,Retargeting - Carousel,920,30,22.1
2025-08-23,Meta Ads,Prospecting - Static,922,35,25.07
2025-09-05,Google Search,Brand - Search,237,13,7.53
2025-09-03,Google Search,Non-Brand - Competitor,340,15,7.79
2025-10-28,Google_Search,Brand - Search,163,6,3.33
2025-06-18,Affiliate,Affiliate - Beauty Bloggers,133,6,£1.39
2026-01-30,Google Search,Non-Brand - Generic,168,7,3.92
2026-06-13,Google Search,Non-Brand - Competitor,531,23,12.74
2025-08-14,meta ads,Prospecting - Static,788,27,21.01
2025-12-05,Google Search,Brand - Search,701,22,12.84
2026-05-24,FB/IG Ads,Retargeting - Carousel,1138,48,45.66
2025-03-08,Affiliate,Affiliate - Beauty Bloggers,0,0,£0.00
2026-04-17,google shopping,Shopping - Bestsellers,269,11,4.81
2025-05-03,Google Shopping,Shopping - Bestsellers,490,17,£7.02
2026-05-21,Google  Search,Non-Brand - Generic,272,13,7.39
2025-08-21,Google Search,Non-Brand - Competitor,603,20,10.27
2026-06-13,Meta Ads,Retargeting - Carousel,994,41,41.46
2025-02-16,affiliate,Affiliate - Cashback Sites,107,5,£1.09
2025-04-17,Meta Ads,Prospecting - Video,529,18,11.46
2025-12-24,Google Search,Non-Brand - Generic,539,28,16.3
2025-02-06,GOOGLE SHOPPING,Shopping - New Launches,262,10,4.15
2026-04-02,Facebook/Instagram Ads,Prospecting - Static,838,31,28.21
2025-06-16,meta ads,Retargeting - Carousel,386,20,13.98
2025-08-04,Meta Ads,Prospecting - Video,657,21,£14.55
2026-02-03,Affiliate,Affiliate - Cashback Sites,251,9,2.06
2025-11-16,Google Shopping,Shopping - Bestsellers,443,18,6.93
2025-04-25,google search,Brand - Search,117,5,2.66
2025-02-20,Affiliate,Affiliate - Cashback Sites,36,2,0.46
2026-06-18,Google Shopping,Shopping - Bestsellers,149,5,2.12
2026-06-26,Google Shopping,Shopping - New Launches,286,9,3.77
2025-01-06,Affiliate,Affiliate - Cashback Sites,243,10,£2.28
2025-02-21,Affiliate,Affiliate - Beauty Bloggers,71,3,0.71
2025-12-28,affiliate,Affiliate - Cashback Sites,24,1,0.21
2026-06-12,google search,Non-Brand - Competitor,309,12,6.16
2026-06-26,Google Search,Non-Brand - Competitor,417,17,8.49
2026-02-20,Google Search,Non-Brand - Competitor,433,15,7.9
2025-01-01,Meta Ads,Prospecting - Static,251,8,4.4
2025-10-17,Meta Ads,Prospecting - Video,764,30,£23.18
2026-06-28,Google Shopping,Shopping - Bestsellers,499,17,6.78
2026-02-05,Affiliate,Affiliate - Cashback Sites,207,7,1.57
2025-11-06,Google Shopping,Shopping - New Launches,298,11,4.57
2025-12-23,meta ads,Prospecting - Static,1200,45,35.24
2025-03-28,Google Search,Non-Brand - Generic,75,3,1.66
2026-03-17,Affiliate,Affiliate - Beauty Bloggers,78,4,£0.87
2026-01-16,Affiliate,Affiliate - Cashback Sites,27,1,0.21
2025-02-07,Meta Ads,Retargeting - Carousel,547,25,1509.00
2025-11-11,Google  Search,Brand - Search,274,15,8.55
2025-12-24,Facebook/Instagram Ads,Retargeting - Carousel,719,23,£18.23
2025-10-11,Google Search,Non-Brand - Competitor,485,17,8.74
2025-12-29,Google Shopping,Shopping - New Launches,330,16,7.3
2025-06-15,affiliate,Affiliate - Cashback Sites,223,7,1.59
2025-09-30,Meta Ads,Prospecting - Video,713,35,26.44
2025-02-19,Affiliate,Affiliate - Cashback Sites,300,10,2.22
2025-11-14,Google Search,Non-Brand - Generic,415,16,8.11
2025-10-01,Affiliate,Affiliate - Beauty Bloggers,91,5,1.06
2026-05-07,Google Shopping,Shopping - Bestsellers,229,8,3.21
2025-08-14,Google Shopping,Shopping - New Launches,280,10,4.41
2026-01-12,Google Search,Brand - Search,158,8,4.65
2026-06-12,Affiliate,Affiliate - Beauty Bloggers,0,0,0.0
2026-02-04,Google Search,Brand - Search,428,14,6.99
2025-11-22,Google Search,Brand - Search,518,17,8.98
2025-12-03,Google Shopping,Shopping - Bestsellers,218,9,3.77
2025-07-06,Facebook/Instagram Ads,Prospecting - Static,448,17,11.75
2025-07-03,google search,Non-Brand - Competitor,282,10,5.54
2025-11-01,google shopping,Shopping - Bestsellers,404,13,5.1
2026-06-19,Google Shopping,Shopping - Bestsellers,347,11,£4.59
2025-01-07,affiliate,Affiliate - Beauty Bloggers,141,6,1.36
2025-10-08,affiliate,Affiliate - Beauty Bloggers,90,3,0.64
2025-04-08,GOOGLE SEARCH,Brand - Search,297,14,8.26
2025-01-09,Google_Search,Brand - Search,143,5,3.02
2025-11-14,Affiliate,Affiliate - Cashback Sites,50,2,£0.42
2026-01-30,Meta Ads,Prospecting - Video,689,25,20.96
2025-10-12,Meta Ads,Prospecting - Video,334,18,14.18
2025-03-23,Affiliate,Affiliate - Cashback Sites,208,8,1.8
2025-08-12,Facebook/Instagram Ads,Prospecting - Static,639,22,15.83
2026-04-21,google shopping,Shopping - New Launches,785,25,10.39
2025-08-28,GOOGLE SHOPPING,Shopping - Bestsellers,150,7,2.6
2025-08-26,Google Shopping,Shopping - Bestsellers,301,14,6.12
2026-05-29,FB/IG Ads,Retargeting - Carousel,537,24,20.03
2025-05-28,Google Shopping,Shopping - Bestsellers,103,5,2.16
2025-05-10,Affiliate,Affiliate - Beauty Bloggers,74,4,£0.87
2025-04-22,meta ads,Retargeting - Carousel,666,28,17.57
2026-05-21,GOOGLE SHOPPING,Shopping - Bestsellers,314,12,4.73
2026-04-10,Affiliate,Affiliate - Beauty Bloggers,145,6,1.28
2025-09-10,Affiliate,Affiliate - Beauty Bloggers,123,4,0.9
2025-07-11,Meta Ads,Prospecting - Static,278,13,9.11
2025-12-16,Meta Ads,Prospecting - Static,747,28,21.98
2025-06-06,Google Search,Non-Brand - Competitor,214,8,4.52
2026-05-10,Google Search,Brand - Search,317,15,7.93
2026-02-21,Google Shopping,Shopping - Bestsellers,90,4,1.62
2025-05-05,Meta Ads,Prospecting - Static,631,20,£13.27
2025-09-06,affiliate,Affiliate - Beauty Bloggers,30,1,0.23
2026-04-01,Facebook/Instagram Ads,Prospecting - Video,1337,51,45.28
2026-04-02,Affiliate,Affiliate - Beauty Bloggers,74,3,0.68
2025-05-22,Google Shopping,Shopping - New Launches,158,6,2.62
2025-01-27,Affiliate ,Affiliate - Cashback Sites,62,2,0.45
2025-06-07,Affiliate,Affiliate - Beauty Bloggers,46,2,0.47
2025-06-17,Google Shopping,Shopping - New Launches,144,5,2.16
2025-09-05,Google Shopping,Shopping - Bestsellers,173,9,3.82
2026-02-23,GOOGLE SHOPPING,Shopping - New Launches,346,11,4.58
2025-12-06,Google Search,Brand - Search,678,26,14.26
2026-03-21,Google Shopping,Shopping - New Launches,158,6,2.39
2025-06-25,Affiliate,Affiliate - Beauty Bloggers,98,4,0.95
2026-06-01,Google Shopping,Shopping - New Launches,410,14,5.9
2025-10-04,Google Shopping,Shopping - Bestsellers,226,8,3.4
2026-01-16,Meta Ads,Retargeting - Carousel,239,13,10.55
2026-04-11,Google Shopping,Shopping - Bestsellers,329,11,5.15
2025-01-06,GOOGLE SHOPPING,Shopping - New Launches,121,5,2.15
2026-05-31,Meta Ads,Prospecting - Video,686,33,29.27
2026-06-20,Facebook/Instagram Ads,Prospecting - Static,866,41,43.5
2025-12-17,Meta Ads,Prospecting - Static,737,38,32.76
2025-12-28,Google Search,Non-Brand - Generic,91,3,1.82
2026-02-18,Affiliate,Affiliate - Cashback Sites,19,1,0.2
2026-04-15,Affiliate,Affiliate - Cashback Sites,23,1,0.21
2025-04-18,Google  Search,Non-Brand - Generic,351,17,8.74
2025-11-22,Meta Ads,Prospecting - Static,589,28,21.47
2026-02-12,Meta_Ads,Prospecting - Video,1307,45,37.94
2026-03-15,GOOGLE SHOPPING,Shopping - New Launches,483,23,10.28
2026-04-04,Google Search,Brand - Search,241,8,5.1
2025-02-04,FB/IG Ads,Retargeting - Carousel,607,23,13.88
2025-01-16,Google Shopping,Shopping - New Launches,174,6,2.62
2025-08-02,Google Search,Brand - Search,268,14,7.54
2025-04-07,Google Search,Non-Brand - Generic,282,15,8.63
2026-05-14,Facebook/Instagram Ads,Prospecting - Static,1098,35,30.6
2026-03-31,Google Shopping,Shopping - Bestsellers,460,15,6.35
2025-11-02,google search,Non-Brand - Generic,519,28,13.97
2026-03-28,Google_Shopping,Shopping - New Launches,248,8,3.17
2025-06-15,Google Search,Non-Brand - Competitor,645,29,14.89
2026-01-25,AFFILIATE,Affiliate - Cashback Sites,69,3,£0.61
2025-11-26,Meta Ads,Prospecting - Static,2428,83,70.37
2025-02-19,Meta Ads,Prospecting - Static,222,11,5.68
2026-05-23,AFFILIATE,Affiliate - Beauty Bloggers,222,8,1.76
2025-04-10,Meta Ads,Retargeting - Carousel,381,15,9.72
2025-04-20,Google Shopping,Shopping - Bestsellers,149,5,1.94
2026-02-22,Google Search,Brand - Search,380,19,11.25
2025-07-31,Affiliate,Affiliate - Beauty Bloggers,188,6,1.41
2025-09-24,Google Search,Non-Brand - Generic,109,6,3.25
2025-04-11,affiliate,Affiliate - Cashback Sites,151,8,£1.73
2025-03-27,Affiliate,Affiliate - Beauty Bloggers,144,7,1.44
2025-10-01,Google Search,Non-Brand - Competitor,632,22,11.54
2025-11-15,FB/IG Ads,Retargeting - Carousel,613,34,29.35
2026-06-20,Google Search,Brand - Search,180,9,5.31
2025-06-09,Google Search,Non-Brand - Generic,644,24,12.45
2025-01-01,Affiliate,Affiliate - Cashback Sites,78,3,0.67
2025-01-02,Meta Ads,Prospecting - Static,367,14,7.17
2025-10-24,Google Search,Non-Brand - Competitor,504,16,8.65
2025-04-06,Affiliate ,Affiliate - Beauty Bloggers,90,4,£0.89
2025-03-19,Google Search,Non-Brand - Generic,256,9,5.68
2026-06-06,Affiliate,Affiliate - Beauty Bloggers,43,2,0.42
2025-07-10,Facebook/Instagram Ads,Prospecting - Static,388,20,14.18
2025-06-13,Meta Ads,Prospecting - Video,599,27,18.05
2025-08-23,GOOGLE SEARCH,Non-Brand - Generic,400,15,8.91
2025-01-16,Google Search,Brand - Search,211,7,4.05
2026-03-16,Meta Ads,Retargeting - Carousel,807,37,34.53
2025-04-14,Google Search,Non-Brand - Generic,582,21,11.79
2025-02-12,Google_Shopping,Shopping - New Launches,169,8,3.19
2026-01-15,Google Search,Non-Brand - Competitor,357,12,6.8
2026-03-22,AFFILIATE,Affiliate - Cashback Sites,41,2,0.39
2025-12-14,Google Search,Non-Brand - Competitor,326,14,7.68
2025-01-25,Meta Ads,Retargeting - Carousel,363,14,8.1
2025-05-18,Meta Ads,Prospecting - Static,456,19,13.58
2026-03-22,Google Search,Non-Brand - Generic,438,17,9.18
2025-05-25,Google Shopping,Shopping - New Launches,356,16,£6.34
2026-05-02,Google Shopping,Shopping - Bestsellers,356,16,7.05
2025-03-17,Meta Ads,Prospecting - Video,426,19,£11.36
2025-09-02,Google Search,Non-Brand - Competitor,433,14,7.28
2025-10-07,Google Search,Non-Brand - Competitor,589,19,10.36
2025-01-10,Google Shopping,Shopping - Bestsellers,152,8,3.13
2026-06-28,FB/IG Ads,Prospecting - Static,714,33,32.45
2026-02-18,Meta_Ads,Prospecting - Video,634,30,24.81
2025-03-22,Affiliate,Affiliate - Beauty Bloggers,112,4,0.9
2025-08-27,Google Shopping,Shopping - New Launches,294,10,4.07
2025-05-09,Facebook/Instagram Ads,Prospecting - Video,449,24,14.87
2026-01-17,Google Shopping,Shopping - New Launches,203,8,3.21
2025-11-30,Google Search,Brand - Search,1048,33,18.16
2026-02-10,Google Search,Non-Brand - Generic,306,13,6.97
2025-06-13,Google Search,Non-Brand - Generic,353,14,8.03
2025-07-28,Google Shopping,Shopping - Bestsellers,143,6,2.69
2025-03-16,Google Shopping,Shopping - Bestsellers,293,11,£4.93
2026-06-10,google shopping,Shopping - Bestsellers,279,11,4.57
2026-01-25,Google Shopping,Shopping - Bestsellers,136,5,1.96
2026-02-21,Google Search,Brand - Search,171,6,3.58
2026-04-08,Google Search,Brand - Search,78,3,1.57
2025-06-24,Affiliate,Affiliate - Cashback Sites,124,4,0.82
2026-06-14,Affiliate,Affiliate - Cashback Sites,141,6,1.24
2026-04-23,Meta Ads,Prospecting - Static,617,26,22.53
2025-05-09,Affiliate,Affiliate - Beauty Bloggers,239,8,1.86
2025-01-12,Google_Shopping,Shopping - Bestsellers,86,3,1.32
2025-07-28,meta ads,Retargeting - Carousel,810,26,£17.58
2026-01-06,Affiliate,Affiliate - Cashback Sites,120,5,1.08
2025-09-09,google shopping,Shopping - New Launches,201,7,2.96
2025-12-11,affiliate,Affiliate - Cashback Sites,124,5,£1.15
2025-05-24,Affiliate,Affiliate - Cashback Sites,240,10,2.35
2026-06-02,AFFILIATE,Affiliate - Cashback Sites,238,8,£1.72
2026-05-25,meta ads,Prospecting - Static,835,45,40.05
2026-05-30,Affiliate,Affiliate - Beauty Bloggers,120,4,0.87
2025-01-15,Google Shopping,Shopping - New Launches,253,12,5.06
2025-10-04,Meta Ads,Prospecting - Video,844,33,24.76
2025-11-11,Affiliate,Affiliate - Cashback Sites,0,0,0.0
2025-07-23,Meta Ads,Prospecting - Video,449,19,£13.28
2025-02-09,Affiliate,Affiliate - Beauty Bloggers,287,9,1.88
2026-03-30,Affiliate,Affiliate - Cashback Sites,69,3,0.64
2026-04-09,Google Shopping,Shopping - New Launches,280,10,3.93
2026-05-27,Meta Ads,Retargeting - Carousel,1159,48,47.39
2026-06-27,Google Shopping,Shopping - Bestsellers,338,18,7.6
2026-04-27,Google Search,Brand - Search,333,12,6.48
2026-05-21,Meta Ads,Prospecting - Static,998,44,39.17
2026-02-16,Google Search,Non-Brand - Competitor,272,9,£5.33
2026-02-19,Google Search,Non-Brand - Competitor,505,17,£9.03
2026-04-01,google shopping,Shopping - New Launches,370,12,4.99
2025-07-03,Google Shopping,Shopping - Bestsellers,109,4,£1.82
2026-02-18,Google Shopping,Shopping - New Launches,252,8,3.11
2025-11-08,GOOGLE SEARCH,Brand - Search,680,22,10.45
2025-05-25,Google Search,Non-Brand - Competitor,243,12,5.98
2025-05-21,Google Shopping,Shopping - Bestsellers,280,9,3.92
2025-04-30,Google Shopping,Shopping - New Launches,243,8,3.45
2026-01-15,Affiliate ,Affiliate - Beauty Bloggers,119,6,1.24
2025-07-14,Affiliate,Affiliate - Cashback Sites,29,1,0.21
2025-07-19,Meta Ads,Prospecting - Video,281,13,9.42
2025-07-18,Affiliate,Affiliate - Beauty Bloggers,135,7,1.49
2026-05-07,Meta Ads,Prospecting - Video,596,31,30.87
2025-07-13,Google Shopping,Shopping - New Launches,336,11,4.36
2025-05-17,GOOGLE SHOPPING,Shopping - Bestsellers,200,10,3.95
2025-06-20,Affiliate,Affiliate - Beauty Bloggers,241,11,2.54
2026-06-28,Google Search,Non-Brand - Competitor,533,18,9.48
2026-03-28,affiliate,Affiliate - Cashback Sites,61,2,0.46
2025-08-20,Google_Search,Brand - Search,298,16,8.74
2026-03-31,Google Search,Brand - Search,360,17,9.81
2025-01-24,Affiliate,Affiliate - Beauty Bloggers,127,4,0.98
2025-10-15,Meta Ads,Retargeting - Carousel,247,12,9.11
2025-07-16,Google Shopping,Shopping - New Launches,242,13,5.47
2025-10-18,affiliate,Affiliate - Beauty Bloggers,155,5,£1.15
2025-12-03,Google Search,Non-Brand - Generic,472,16,9.47
2025-05-25,Affiliate,Affiliate - Beauty Bloggers,37,2,0.45
2026-01-22,Meta Ads,Retargeting - Carousel,300,12,9.69
2025-01-30,GOOGLE SEARCH,Non-Brand - Competitor,180,8,£4.10
2025-03-06,Affiliate ,Affiliate - Cashback Sites,131,6,1.22
2026-06-17,GOOGLE SEARCH,Non-Brand - Generic,585,24,£13.22
2026-06-15,Meta Ads,Prospecting - Static,956,48,44.61
2026-04-12,FB/IG Ads,Retargeting - Carousel,1010,32,25.67
2025-01-03,Google_Search,Brand - Search,207,10,5.54
2025-02-24,meta ads,Retargeting - Carousel,392,21,11.78
2025-04-02,Meta Ads,Prospecting - Static,146,5,2.98
2025-02-18,Affiliate ,Affiliate - Cashback Sites,44,2,0.44
2026-03-19,Meta Ads,Prospecting - Static,847,28,24.59
2026-01-03,Affiliate ,Affiliate - Cashback Sites,77,3,0.64
2025-07-18,Google Shopping,Shopping - Bestsellers,164,7,3.01
2026-03-25,Google  Search,Brand - Search,181,8,4.45
2026-01-07,Affiliate,Affiliate - Beauty Bloggers,119,5,1.18
2025-10-27,Meta Ads,Prospecting - Video,1018,32,£24.55
2026-05-01,Google Search,Non-Brand - Competitor,444,22,11.36
2026-03-01,FB/IG Ads,Prospecting - Static,548,19,£15.81
2026-05-01,Meta Ads,Retargeting - Carousel,1143,51,46.12
2025-10-13,AFFILIATE,Affiliate - Cashback Sites,142,5,£1.17
2026-02-19,Google Shopping,Shopping - New Launches,207,8,3.24
2025-04-22,Affiliate,Affiliate - Beauty Bloggers,53,2,0.41
2025-08-21,Affiliate ,Affiliate - Cashback Sites,0,0,0.0
2026-01-11,Affiliate,Affiliate - Cashback Sites,95,3,0.66
2025-10-20,meta ads,Prospecting - Video,583,30,22.96
2025-04-08,Meta Ads,Prospecting - Video,590,25,15.33
2025-03-13,Google Search,Non-Brand - Competitor,262,11,6.46
2026-03-20,google shopping,Shopping - Bestsellers,345,18,£8.16
2025-09-27,Google Search,Brand - Search,273,15,8.57
2026-02-27,Google Search,Brand - Search,246,8,4.63
2025-10-20,Affiliate ,Affiliate - Cashback Sites,126,5,1.13
2025-02-19,Google Search,Brand - Search,126,6,2.97
2025-08-31,Meta Ads,Prospecting - Video,522,21,14.39
2025-12-19,Meta Ads,Retargeting - Carousel,790,38,28.47
2026-03-30,Google Search,Non-Brand - Competitor,280,12,6.9
2025-11-09,Affiliate,Affiliate - Beauty Bloggers,252,12,2.89
2025-12-08,Affiliate ,Affiliate - Cashback Sites,91,3,£0.67
2026-02-10,Google Shopping,Shopping - Bestsellers,172,6,2.42
2025-08-18,Google Shopping,Shopping - Bestsellers,210,11,4.57
2026-03-19,GOOGLE SHOPPING,Shopping - New Launches,154,7,3.12
2026-05-22,Meta Ads,Prospecting - Video,958,44,£39.76
2025-10-16,Meta Ads,Prospecting - Video,445,21,15.8
2025-01-27,Meta Ads,Retargeting - Carousel,152,7,4.1
2025-12-27,Meta Ads,Prospecting - Video,459,23,£17.86
2025-01-19,Affiliate,Affiliate - Beauty Bloggers,0,0,0.0
2025-10-31,Meta Ads,Retargeting - Carousel,776,26,£18.60
2025-01-03,Affiliate,Affiliate - Beauty Bloggers,92,4,0.89
2025-10-05,Google Shopping,Shopping - New Launches,225,9,3.6
2025-08-06,Meta Ads,Prospecting - Static,379,21,14.56
2025-04-01,Google Search,Non-Brand - Competitor,239,10,5.15
2025-04-28,Google Search,Non-Brand - Competitor,708,23,£12.49
2025-08-25,Affiliate,Affiliate - Cashback Sites,42,2,0.43
2025-08-11,Affiliate,Affiliate - Cashback Sites,117,4,0.81
2025-02-15,Affiliate,Affiliate - Beauty Bloggers,62,2,0.42
2026-01-02,Google Search,Non-Brand - Competitor,259,12,6.55
2025-12-19,AFFILIATE,Affiliate - Cashback Sites,81,3,0.66
2025-01-15,Meta Ads,Prospecting - Static,478,21,£12.09
2026-01-23,Google Search,Non-Brand - Generic,99,5,2.71
2025-01-26,GOOGLE SHOPPING,Shopping - New Launches,137,5,£2.35
2026-03-07,Affiliate ,Affiliate - Cashback Sites,118,5,1.1
2025-04-05,Google_Search,Non-Brand - Competitor,333,14,8.05
2026-04-14,Google Shopping,Shopping - Bestsellers,325,15,5.65
2025-02-08,Google Shopping,Shopping - Bestsellers,83,4,1.54
2025-03-31,Facebook/Instagram Ads,Prospecting - Static,479,15,9.55
2025-07-15,Meta Ads,Prospecting - Static,860,29,19.71
2025-05-21,Meta_Ads,Prospecting - Video,553,24,15.2
2025-05-26,Affiliate,Affiliate - Beauty Bloggers,158,5,1.1
2026-06-18,Google Search,Non-Brand - Generic,526,20,11.46
2026-06-20,Google Shopping,Shopping - New Launches,195,8,3.3
2026-03-09,Affiliate,Affiliate - Beauty Bloggers,106,5,1.08
2026-04-03,Google_Shopping,Shopping - Bestsellers,247,12,£5.05
2026-04-12,Google_Shopping,Shopping - New Launches,222,7,3.11
2025-09-13,google shopping,Shopping - Bestsellers,453,18,6.97
2025-06-14,Google Search,Non-Brand - Generic,373,12,6.64
2025-08-05,Affiliate,Affiliate - Beauty Bloggers,216,7,£1.69
2026-03-04,Google Search,Brand - Search,247,8,4.48
2026-05-09,Affiliate,Affiliate - Cashback Sites,88,3,0.66
2026-01-06,Meta_Ads,Retargeting - Carousel,326,14,11.09
2026-04-14,GOOGLE SEARCH,Non-Brand - Generic,486,17,£8.81
2025-01-22,google shopping,Shopping - Bestsellers,125,4,1.74
2025-05-29,Google Search,Brand - Search,334,13,7.18
2025-06-22,FB/IG Ads,Prospecting - Video,405,13,£8.24
2025-07-27,Google  Search,Brand - Search,524,21,10.8
2025-03-11,Google Shopping,Shopping - New Launches,168,6,£2.66
2025-10-25,Google Shopping,Shopping - Bestsellers,382,18,7.32
2025-02-27,Google Search,Non-Brand - Competitor,527,24,12.41
2025-06-18,Google  Search,Non-Brand - Competitor,220,11,6.49
2025-12-12,Google Shopping,Shopping - New Launches,240,13,5.1
2025-01-21,Google Search,Non-Brand - Generic,165,6,3.43
2026-01-19,Google Search,Non-Brand - Competitor,299,10,5.23
2025-09-10,Google Shopping,Shopping - New Launches,321,12,£5.08
2025-06-14,Google Shopping,Shopping - New Launches,264,9,4.19
2025-12-21,AFFILIATE,Affiliate - Beauty Bloggers,153,5,£1.15
2025-12-01,Google Search,Non-Brand - Generic,497,22,12.32
2025-06-22,affiliate,Affiliate - Cashback Sites,174,6,1.34
2026-03-30,Google Shopping,Shopping - Bestsellers,226,9,3.63
2025-06-11,Meta Ads,Prospecting - Static,530,26,17.82
2025-05-01,Google Shopping,Shopping - New Launches,131,5,1.88
2025-05-22,Affiliate,Affiliate - Cashback Sites,332,11,2.45
2026-02-07,Google Search,Non-Brand - Generic,363,15,£8.39
2025-06-10,Google_Shopping,Shopping - Bestsellers,191,7,2.79
2026-06-11,Meta Ads,Prospecting - Video,1116,44,44.56
2025-01-15,Affiliate,Affiliate - Cashback Sites,111,4,0.87
2025-07-05,Affiliate ,Affiliate - Cashback Sites,149,7,£1.54
2025-03-04,Google Shopping,Shopping - New Launches,246,11,4.86
2025-11-20,FB/IG Ads,Prospecting - Video,705,24,18.49
2025-08-17,Google Search,Brand - Search,200,11,5.73
2026-01-12,Meta Ads,Prospecting - Static,580,22,18.5
2025-12-06,Meta Ads,Prospecting - Video,915,48,41.79
2025-01-08,Google  Search,Non-Brand - Generic,279,14,7.1
2026-06-25,Affiliate,Affiliate - Beauty Bloggers,151,5,£1.06
2025-07-25,Google Shopping,Shopping - New Launches,158,7,3.02
2025-05-19,Meta Ads,Retargeting - Carousel,751,34,23.87
2026-03-30,Meta Ads,Prospecting - Video,748,27,24.74
2026-02-23,Meta Ads,Prospecting - Static,818,27,24.89
2026-02-26,Google Search,Brand - Search,291,12,6.54
2026-02-17,meta ads,Prospecting - Video,623,27,£23.22
2025-04-12,Google_Shopping,Shopping - Bestsellers,92,3,1.28
2025-09-09,Google Search,Brand - Search,282,14,7.75
2026-06-27,Google Shopping,Shopping - Bestsellers,338,18,7.6
2025-06-19,Google Shopping,Shopping - Bestsellers,227,10,4.18
2025-06-08,Meta Ads,Retargeting - Carousel,421,20,12.82
2026-03-13,Google Search,Non-Brand - Competitor,133,6,£3.37
2026-03-03,Affiliate,Affiliate - Beauty Bloggers,18,1,0.21
2026-03-14,Google Shopping,Shopping - New Launches,130,6,£2.41
2025-12-25,Affiliate,Affiliate - Cashback Sites,21,1,£0.23
2025-04-16,Affiliate,Affiliate - Beauty Bloggers,154,6,1.45
2025-04-28,Affiliate,Affiliate - Cashback Sites,92,3,0.6
2026-03-26,Facebook/Instagram Ads,Prospecting - Video,990,31,26.04
2026-02-04,Google Shopping,Shopping - Bestsellers,200,10,£3.95
2025-12-22,Affiliate ,Affiliate - Beauty Bloggers,161,8,1.63
2025-12-04,Affiliate ,Affiliate - Cashback Sites,228,9,2.03
2025-06-29,Meta Ads,Retargeting - Carousel,276,14,8.55
2025-05-27,Google Search,Brand - Search,348,11,5.99
2025-01-24,Google Shopping,Shopping - Bestsellers,84,3,1.21
2025-07-21,Google Shopping,Shopping - New Launches,77,3,1.37
2025-05-04,Meta Ads,Prospecting - Static,401,20,12.5
2026-06-29,meta ads,Prospecting - Video,850,41,36.9
2025-11-03,Google_Search,Non-Brand - Competitor,650,24,12.55
2025-06-23,Google_Shopping,Shopping - New Launches,217,9,3.66
2025-09-24,Meta_Ads,Retargeting - Carousel,507,24,19.53
2026-03-17,Meta Ads,Retargeting - Carousel,738,25,22.83
2026-04-12,Affiliate,Affiliate - Beauty Bloggers,189,7,1.53
2025-09-28,Google_Search,Non-Brand - Competitor,264,9,4.65
2025-07-30,GOOGLE SHOPPING,Shopping - Bestsellers,104,5,2.21
2025-06-30,Meta Ads,Retargeting - Carousel,575,20,13.03
2025-03-03,Google Search,Non-Brand - Competitor,574,25,£13.26
2026-04-24,Google Search,Non-Brand - Competitor,273,10,4.98
2025-05-26,Google Search,Brand - Search,333,14,7.34
2025-07-19,Affiliate,Affiliate - Cashback Sites,23,1,0.21
2025-06-29,Affiliate,Affiliate - Cashback Sites,0,0,£0.00
2025-11-29,Affiliate,Affiliate - Cashback Sites,266,9,1.88
2025-12-02,Google Shopping,Shopping - Bestsellers,280,12,£5.03
2026-06-26,Meta Ads,Prospecting - Static,792,44,£40.09
2026-03-20,Meta Ads,Retargeting - Carousel,1007,40,33.11
2026-04-09,Meta Ads,Retargeting - Carousel,1023,39,£36.83
2025-11-12,Google Search,Brand - Search,405,18,10.31
2025-03-20,Google Search,Non-Brand - Generic,203,11,5.8
2025-01-04,Google Shopping,Shopping - New Launches,403,14,5.58
2026-01-23,Meta Ads,Prospecting - Static,414,13,10.94
2025-12-08,Google Shopping,Shopping - New Launches,406,13,5.45
2025-11-26,Affiliate,Affiliate - Beauty Bloggers,282,10,2.26
2025-11-08,Meta Ads,Prospecting - Static,608,26,18.63
2025-12-06,Google_Shopping,Shopping - Bestsellers,415,22,8.68
2025-05-28,meta ads,Retargeting - Carousel,313,13,8.71
2025-02-02,AFFILIATE,Affiliate - Cashback Sites,100,5,1.03
2026-01-09,Google Shopping,Shopping - New Launches,311,10,3.98
2025-06-22,Google Search,Non-Brand - Generic,350,18,10.29
2025-06-06,Google Shopping,Shopping - New Launches,335,11,4.3
2026-01-26,Affiliate,Affiliate - Cashback Sites,84,3,0.69
2025-06-11,Google_Search,Brand - Search,535,18,9.77
2025-05-12,Meta Ads,Prospecting - Video,753,25,16.15
2025-02-01,Affiliate ,Affiliate - Cashback Sites,114,4,0.9
2026-06-05,FB/IG Ads,Prospecting - Video,960,33,£30.84
2026-04-13,Affiliate,Affiliate - Beauty Bloggers,291,10,2.08
2025-03-04,meta ads,Prospecting - Static,784,25,16.48
2025-05-29,AFFILIATE,Affiliate - Beauty Bloggers,206,7,£1.58
2025-03-13,Affiliate,Affiliate - Beauty Bloggers,81,3,0.68
2025-02-10,FB/IG Ads,Prospecting - Video,537,21,12.93
2026-06-29,affiliate,Affiliate - Cashback Sites,253,8,1.8
2026-04-06,Google Search,Brand - Search,524,18,9.36
2025-01-25,Google Shopping,Shopping - New Launches,107,5,2.1
2025-03-30,Google Search,Non-Brand - Competitor,281,9,£5.30
2026-02-10,Affiliate,Affiliate - Cashback Sites,46,2,0.41
2025-06-18,google shopping,Shopping - Bestsellers,87,4,1.61
2025-06-13,affiliate,Affiliate - Beauty Bloggers,187,9,1.9
2025-11-19,AFFILIATE,Affiliate - Beauty Bloggers,58,3,0.65
2025-03-24,Meta Ads,Prospecting - Static,464,15,8.79
2025-08-09,google search,Non-Brand - Generic,128,6,3.45
2025-02-26,Google Search,Non-Brand - Competitor,240,13,7.45
2026-02-26,Google Shopping,Shopping - Bestsellers,244,8,3.17
2026-03-24,Affiliate,Affiliate - Cashback Sites,279,10,2.11
2025-11-06,AFFILIATE,Affiliate - Cashback Sites,22,1,0.25
2025-06-26,Google Shopping,Shopping - New Launches,183,10,4.29
2025-01-28,Affiliate,Affiliate - Cashback Sites,0,0,0.0
2025-03-29,Google Shopping,Shopping - Bestsellers,127,7,2.71
2026-03-23,Meta Ads,Prospecting - Static,931,30,27.54
2025-04-24,Meta Ads,Retargeting - Carousel,576,25,14.45
2026-03-17,Google_Shopping,Shopping - Bestsellers,174,8,3.75
2025-03-18,Google Shopping,Shopping - New Launches,162,8,3.63
2026-05-18,Google Search,Non-Brand - Competitor,853,32,16.91
2025-04-12,Meta Ads,Prospecting - Video,860,30,18.47
2025-09-19,Google Search,Brand - Search,331,16,9.43
2025-01-18,Google_Shopping,Shopping - Bestsellers,25,1,0.44
2026-01-10,Google Search,Non-Brand - Generic,317,12,£7.07
2026-02-14,Google Search,Brand - Search,372,20,10.63
2025-03-24,Affiliate,Affiliate - Cashback Sites,69,3,0.7
2025-09-06,GOOGLE SEARCH,Brand - Search,182,6,3.34
2025-09-29,Google Search,Non-Brand - Generic,459,18,£9.56
2026-06-29,Google Shopping,Shopping - New Launches,416,14,5.52
2025-05-12,Google Search,Non-Brand - Competitor,483,19,9.72
2026-04-30,Google Search,Non-Brand - Competitor,338,17,9.09
2025-08-20,Meta Ads,Retargeting - Carousel,768,31,£21.42
2025-08-18,Google Search,Non-Brand - Generic,149,5,3.12
2026-02-09,Google Search,Non-Brand - Generic,387,20,11.15
2025-11-20,Google Search,Non-Brand - Generic,764,25,13.62
2025-03-20,GOOGLE SHOPPING,Shopping - Bestsellers,451,17,6.69
2026-02-06,Google Shopping,Shopping - New Launches,319,12,4.87
2026-04-25,Affiliate,Affiliate - Beauty Bloggers,60,3,0.63
2026-01-03,GOOGLE SEARCH,Non-Brand - Generic,269,11,6.61
2025-09-09,Meta Ads,Retargeting - Carousel,621,26,18.01
2025-10-17,Google Search,Non-Brand - Competitor,400,13,7.13
2026-05-31,Google Shopping,Shopping - New Launches,255,11,4.39
2025-03-16,Meta Ads,Prospecting - Video,535,17,10.13
2026-03-04,Meta Ads,Retargeting - Carousel,738,34,30.12
2025-12-30,Affiliate,Affiliate - Cashback Sites,143,5,1.02
2025-06-24,Google Search,Non-Brand - Generic,432,14,8.03
2025-12-27,Affiliate,Affiliate - Cashback Sites,79,3,0.61
2025-11-11,Meta Ads,Prospecting - Static,896,34,27.76
2026-02-20,Google Shopping,Shopping - Bestsellers,312,11,4.73
2026-06-07,Facebook/Instagram Ads,Prospecting - Static,772,27,25.13
2025-09-27,Affiliate,Affiliate - Cashback Sites,45,2,£0.47
2025-12-25,Google Search,Brand - Search,177,7,3.85
2025-08-15,Google Search,Brand - Search,736,24,£12.72
2025-06-10,Affiliate,Affiliate - Cashback Sites,126,5,£1.07
2025-06-27,Google Shopping,Shopping - Bestsellers,281,11,4.05
2025-06-16,Google Shopping,Shopping - New Launches,136,5,£1.97
2025-04-13,AFFILIATE,Affiliate - Cashback Sites,20,1,0.22
2025-12-13,Affiliate,Affiliate - Beauty Bloggers,328,11,2.46
2026-04-12,Google Search,Brand - Search,442,18,9.81
2025-06-08,Google  Search,Non-Brand - Generic,229,8,4.42
2025-12-31,google search,Non-Brand - Generic,118,6,3.15
2025-06-17,Meta Ads,Prospecting - Static,466,15,10.39
2026-04-07,Affiliate,Affiliate - Beauty Bloggers,43,2,£0.42
2026-05-13,Google  Search,Brand - Search,573,26,13.74
2026-03-15,affiliate,Affiliate - Beauty Bloggers,26,1,0.2
2026-05-03,Meta Ads,Retargeting - Carousel,1153,47,£42.16
2026-03-12,Google Search,Non-Brand - Generic,393,18,9.32
2026-01-20,Google Shopping,Shopping - New Launches,260,12,4.93
2025-07-14,Google Search,Non-Brand - Competitor,367,20,11.78
2025-05-06,Google Search,Non-Brand - Competitor,558,18,9.61
2025-04-02,Google Shopping,Shopping - Bestsellers,212,11,4.77
2026-03-14,Facebook/Instagram Ads,Prospecting - Video,656,32,£27.33
2025-09-18,Google Shopping,Shopping - New Launches,119,4,1.64
2025-08-03,Meta Ads,Retargeting - Carousel,313,14,10.23
2025-07-05,Meta Ads,Retargeting - Carousel,456,17,11.54
2026-02-02,Google Search,Non-Brand - Generic,167,9,5.21
2025-03-29,Affiliate,Affiliate - Beauty Bloggers,91,3,0.66
2026-05-06,Affiliate,Affiliate - Cashback Sites,96,5,1.08
2025-07-22,Meta Ads,Prospecting - Video,732,33,22.2
2025-08-18,Meta Ads,Prospecting - Static,639,32,23.22
2026-06-10,Meta Ads,Retargeting - Carousel,1042,35,£33.93
2025-07-02,Meta Ads,Retargeting - Carousel,244,11,7.41
2025-07-25,Google Search,Brand - Search,237,9,4.44
2025-08-06,Google Search,Non-Brand - Competitor,172,8,£4.31
2025-05-16,Meta Ads,Prospecting - Static,652,25,16.06
2025-12-05,affiliate,Affiliate - Cashback Sites,47,2,0.42
2025-05-12,Google Shopping,Shopping - New Launches,276,13,5.33
2025-12-12,Affiliate,Affiliate - Beauty Bloggers,229,8,1.82
2025-12-27,GOOGLE SEARCH,Brand - Search,206,9,£5.09
2025-06-12,Meta Ads,Prospecting - Video,548,22,15.51
2026-05-07,Affiliate,Affiliate - Beauty Bloggers,273,9,2.11
2025-12-20,Affiliate,Affiliate - Cashback Sites,159,7,1.5
2025-08-29,Google Shopping,Shopping - New Launches,172,6,2.65
2026-06-14,Google Shopping,Shopping - New Launches,143,6,2.5
2026-05-26,meta ads,Prospecting - Video,1378,47,43.41
2025-10-22,Google Search,Non-Brand - Competitor,270,14,7.47
2025-11-16,GOOGLE SEARCH,Non-Brand - Competitor,516,21,11.82
2025-03-27,Google_Shopping,Shopping - Bestsellers,213,7,3.02
2025-05-11,Google Search,Brand - Search,270,10,5.89
2025-06-26,Meta Ads,Retargeting - Carousel,716,23,15.6
2026-03-10,Google_Search,Non-Brand - Generic,161,8,4.43
2025-03-21,Google Shopping,Shopping - New Launches,631,21,8.97
2026-05-19,meta ads,Prospecting - Video,780,28,24.57
2025-11-13,Affiliate,Affiliate - Cashback Sites,29,1,0.23
2025-04-11,Google Search,Brand - Search,264,10,5.43
2025-02-12,Google Search,Non-Brand - Generic,475,19,£10.30
2025-05-29,Meta Ads,Prospecting - Video,781,36,22.59
2025-05-07,Google Shopping,Shopping - Bestsellers,264,9,3.83
2025-10-28,Meta Ads,Retargeting - Carousel,429,22,17.82
2025-09-03,affiliate,Affiliate - Cashback Sites,0,0,£0.00
2026-04-13,Google Shopping,Shopping - New Launches,448,15,5.49
2025-08-24,Google Shopping,Shopping - New Launches,244,12,4.85
2026-02-06,Google Search,Non-Brand - Generic,376,12,£6.79
2025-07-13,Affiliate,Affiliate - Cashback Sites,0,0,0.0
2025-10-14,Meta Ads,Prospecting - Static,729,27,21.08
2025-03-21,AFFILIATE,Affiliate - Cashback Sites,216,7,£1.63
2026-05-19,Google Search,Brand - Search,554,23,12.72
2026-04-18,Facebook/Instagram Ads,Prospecting - Video,965,36,31.1
2025-03-30,Affiliate,Affiliate - Cashback Sites,0,0,0.0
2025-06-28,Affiliate,Affiliate - Beauty Bloggers,306,11,2.59
2025-12-08,Google Search,Non-Brand - Competitor,410,20,11.64
2026-04-02,google shopping,Shopping - New Launches,220,7,2.83
2026-01-16,Google Shopping,Shopping - New Launches,120,4,£1.74
2025-06-19,Affiliate,Affiliate - Cashback Sites,109,6,£1.28
2026-05-04,Google Shopping,Shopping - Bestsellers,321,11,4.15
2026-05-23,Google Search,Non-Brand - Competitor,624,21,11.23
2025-10-19,Google Search,Non-Brand - Generic,388,14,8.53
2026-03-07,Google Shopping,Shopping - New Launches,199,7,2.56
2025-12-31,Google Shopping,Shopping - New Launches,265,10,4.1
2025-11-02,FB/IG Ads,Prospecting - Video,360,17,
2026-03-26,google shopping,Shopping - Bestsellers,361,19,8.08
2026-05-06,google shopping,Shopping - Bestsellers,181,10,4.26
2025-06-09,Google Shopping,Shopping - New Launches,196,7,2.96
2026-02-13,affiliate,Affiliate - Beauty Bloggers,128,6,1.3
2026-01-20,Meta Ads,Prospecting - Static,795,30,26.18
2025-07-06,Google Shopping,Shopping - New Launches,576,21,8.61
2025-02-18,Google Shopping,Shopping - Bestsellers,317,11,4.7
2026-01-02,Affiliate,Affiliate - Cashback Sites,73,3,£0.70
2026-04-23,Google Search,Non-Brand - Competitor,242,10,5.7
2026-02-22,Meta Ads,Prospecting - Video,614,20,£16.82
2026-02-12,Google Shopping,Shopping - New Launches,249,11,4.09
2025-05-16,Google Shopping,Shopping - Bestsellers,243,8,3.48
2025-05-15,Google Shopping,Shopping - New Launches,228,9,£3.92
2026-06-04,Google Shopping,Shopping - Bestsellers,395,19,7.65
2025-08-21,Affiliate ,Affiliate - Cashback Sites,0,0,0.0
2025-01-05,Meta Ads,Retargeting - Carousel,367,12,7.0
2025-06-11,Google Shopping,Shopping - New Launches,267,10,4.5
2025-04-19,Meta Ads,Prospecting - Video,621,27,£16.75
2025-07-30,Affiliate,Affiliate - Beauty Bloggers,0,0,0.0
2025-04-22,google shopping,Shopping - Bestsellers,338,14,5.82
2026-03-31,Meta Ads,Prospecting - Video,776,33,27.01
2026-05-16,Meta_Ads,Prospecting - Static,1009,48,47.63
2026-05-26,AFFILIATE,Affiliate - Cashback Sites,60,2,£0.42
2025-04-20,Affiliate,Affiliate - Beauty Bloggers,202,7,1.51
2025-07-01,Google Search,Non-Brand - Competitor,204,8,4.43
2025-09-20,GOOGLE SEARCH,Non-Brand - Generic,798,27,14.77
2025-07-18,Google  Search,Brand - Search,153,5,2.9
2026-03-06,Affiliate,Affiliate - Beauty Bloggers,54,2,£0.44
2025-07-16,Facebook/Instagram Ads,Prospecting - Static,916,30,20.89
2025-07-26,Meta Ads,Prospecting - Static,188,8,5.59
2026-05-28,Meta Ads,Prospecting - Static,788,27,£25.60
2026-06-05,Google Shopping,Shopping - Bestsellers,443,16,7.1
2026-01-20,Google Search,Non-Brand - Competitor,267,10,5.82
2026-06-04,Google Search,Non-Brand - Competitor,539,23,12.58
2026-01-01,Meta Ads,Retargeting - Carousel,554,25,20.48
2026-01-08,Affiliate,Affiliate - Beauty Bloggers,109,4,0.91
2025-03-19,Google Shopping,Shopping - Bestsellers,247,8,£3.65
2025-05-02,FB/IG Ads,Prospecting - Static,345,12,£7.43
2026-03-14,Affiliate,Affiliate - Cashback Sites,92,5,1.12
2025-08-08,Google Shopping,Shopping - New Launches,419,14,5.77
2025-11-07,Affiliate,Affiliate - Beauty Bloggers,118,6,1.28
2025-06-23,Google Search,Non-Brand - Competitor,361,16,9.19
2025-05-03,Facebook/Instagram Ads,Prospecting - Video,605,21,12.93
2026-02-11,Meta Ads,Retargeting - Carousel,1085,35,£30.79
2025-05-20,Meta Ads,Retargeting - Carousel,696,25,16.24
2025-01-13,Google Search,Non-Brand - Competitor,208,10,5.2
2025-04-12,Affiliate,Affiliate - Beauty Bloggers,72,3,0.6
2025-11-18,Google Shopping,Shopping - Bestsellers,261,10,4.27
2025-06-03,Google Search,Non-Brand - Generic,485,19,10.23
2026-02-08,Meta Ads,Retargeting - Carousel,1110,35,29.84
2026-06-24,Meta Ads,Prospecting - Static,1925,65,58.92
2025-05-21,Google Search,Brand - Search,394,13,6.64
2026-06-23,Affiliate,Affiliate - Cashback Sites,78,3,£0.65
2026-06-25,Meta_Ads,Prospecting - Video,871,30,28.2
2025-11-01,Affiliate,Affiliate - Beauty Bloggers,40,2,0.46
2025-08-07,Google Search,Brand - Search,373,14,7.72
2025-09-23,Google Shopping,Shopping - New Launches,269,10,4.05
2025-01-08,Meta Ads,Retargeting - Carousel,775,25,13.0
2026-06-11,Affiliate,Affiliate - Cashback Sites,196,7,1.59
2026-05-17,Meta Ads,Retargeting - Carousel,604,23,21.58
2025-05-19,Google Shopping,Shopping - Bestsellers,308,10,4.49
2025-07-10,Affiliate,Affiliate - Cashback Sites,97,4,0.84
2026-03-27,Affiliate,Affiliate - Cashback Sites,45,2,0.44
2026-02-04,Meta Ads,Prospecting - Static,877,35,30.45
2025-10-27,Google Search,Non-Brand - Competitor,226,9,4.69
2026-02-06,Meta_Ads,Prospecting - Video,1027,38,34.75
2025-07-13,Meta Ads,Prospecting - Video,340,17,11.43
2025-10-05,Google Search,Brand - Search,499,16,8.34
2025-02-02,Google Shopping,Shopping - Bestsellers,277,10,4.09
2025-06-08,Affiliate,Affiliate - Beauty Bloggers,62,2,0.47
2025-05-19,Affiliate,Affiliate - Beauty Bloggers,220,7,1.59
2025-08-01,Google Search,Brand - Search,342,13,7.53
2026-05-24,Google Search,Non-Brand - Competitor,253,9,4.9
2025-10-18,Meta Ads,Prospecting - Static,818,31,£23.27
2025-04-24,Affiliate ,Affiliate - Cashback Sites,0,0,£0.00
2025-02-10,Affiliate,Affiliate - Beauty Bloggers,160,6,1.44
2025-01-08,Affiliate,Affiliate - Cashback Sites,77,4,0.9
2026-03-16,Affiliate,Affiliate - Beauty Bloggers,194,8,1.79
2026-04-13,Google Search,Brand - Search,281,13,6.89
2025-12-09,FB/IG Ads,Retargeting - Carousel,1415,46,37.69
2025-11-17,Google Search,Brand - Search,472,20,10.44
2025-12-18,Meta Ads,Retargeting - Carousel,1164,40,31.53
2026-01-31,Google  Search,Brand - Search,301,13,7.17
2025-01-11,Meta Ads,Retargeting - Carousel,274,10,
2026-01-25,google search,Non-Brand - Generic,319,16,8.66
2025-08-10,Google Shopping,Shopping - New Launches,334,13,5.28
2026-03-12,Google Shopping,Shopping - Bestsellers,255,8,3.48
2026-06-15,affiliate,Affiliate - Beauty Bloggers,26,1,0.23
2025-11-21,Affiliate,Affiliate - Cashback Sites,191,7,1.52
2026-04-23,Affiliate,Affiliate - Beauty Bloggers,192,8,£1.80
2025-03-12,Google Shopping,Shopping - New Launches,309,16,6.25
2025-10-26,Google Shopping,Shopping - Bestsellers,377,13,£5.49
2025-08-22,Google Shopping,Shopping - New Launches,201,9,4.02
2026-05-30,google shopping,Shopping - New Launches,126,4,£1.59
2025-08-28,affiliate,Affiliate - Cashback Sites,105,4,0.83
2026-02-24,Meta Ads,Prospecting - Video,809,26,22.34
2026-03-10,Google Shopping,Shopping - New Launches,364,14,6.29
2025-09-15,Google  Search,Non-Brand - Generic,358,16,8.98
2026-01-14,Google Shopping,Shopping - Bestsellers,107,4,1.65
2025-02-12,Facebook/Instagram Ads,Retargeting - Carousel,391,20,11.14
2026-06-21,Google Search,Non-Brand - Competitor,629,20,11.03
2025-10-22,Google_Shopping,Shopping - Bestsellers,177,6,2.42
2026-01-31,AFFILIATE,Affiliate - Beauty Bloggers,71,3,0.64
2026-02-21,Affiliate,Affiliate - Beauty Bloggers,150,6,1.2
2025-09-24,Affiliate,Affiliate - Cashback Sites,272,10,£1.98
2025-09-07,Google Search,Brand - Search,281,12,7.05
2025-02-21,Meta_Ads,Prospecting - Video,524,20,£10.83
2025-03-01,Meta Ads,Prospecting - Static,237,13,7.73
2025-04-11,GOOGLE SHOPPING,Shopping - Bestsellers,230,10,4.56
2025-10-21,Affiliate,Affiliate - Beauty Bloggers,30,1,0.23
2025-12-03,Affiliate,Affiliate - Beauty Bloggers,82,4,£0.89
2025-05-30,Google Search,Non-Brand - Competitor,226,11,6.33
2025-06-16,Affiliate,Affiliate - Cashback Sites,190,7,1.37
2025-05-09,Google Search,Non-Brand - Competitor,303,15,8.24
2025-12-28,Google Shopping,Shopping - New Launches,260,9,3.48
2025-04-05,Affiliate,Affiliate - Cashback Sites,101,4,0.86
2025-08-19,Affiliate,Affiliate - Cashback Sites,0,0,0.0
2026-03-03,Meta Ads,Retargeting - Carousel,528,20,16.38
2025-02-08,Affiliate,Affiliate - Beauty Bloggers,0,0,£0.00
2026-03-18,Google  Search,Non-Brand - Generic,326,14,7.9
2025-08-11,Meta Ads,Retargeting - Carousel,334,18,12.2
2025-09-17,Facebook/Instagram Ads,Prospecting - Static,579,21,16.29
2026-04-29,Google_Search,Non-Brand - Competitor,338,12,6.71
2026-04-08,Affiliate,Affiliate - Cashback Sites,50,2,£0.43
2025-08-20,Google Shopping,Shopping - Bestsellers,180,7,2.91
2026-06-11,Google Shopping,Shopping - New Launches,341,12,5.13
2026-01-29,Affiliate,Affiliate - Beauty Bloggers,0,0,0.0
2026-05-10,Google Shopping,Shopping - Bestsellers,517,19,7.97
2025-10-24,Affiliate,Affiliate - Cashback Sites,177,6,1.19
2025-05-13,meta ads,Retargeting - Carousel,693,30,19.54
2026-04-15,google shopping,Shopping - New Launches,141,5,1.91
2025-07-11,google shopping,Shopping - Bestsellers,271,9,3.76
2026-02-15,Google  Search,Non-Brand - Competitor,428,17,9.56
2025-09-08,Affiliate,Affiliate - Cashback Sites,26,1,0.23
2025-08-26,Meta_Ads,Prospecting - Static,435,21,14.77
2026-02-12,Google Search,Brand - Search,190,9,5.12
2026-06-03,Google Shopping,Shopping - Bestsellers,168,7,2.73
2026-03-23,Affiliate,Affiliate - Beauty Bloggers,75,3,0.68
2026-01-27,Meta Ads,Prospecting - Static,229,10,8.17
2026-03-20,Affiliate,Affiliate - Cashback Sites,131,7,1.59
2025-09-03,Meta Ads,Prospecting - Video,578,23,17.82
2025-07-23,Google Shopping,Shopping - Bestsellers,158,7,3.08
2025-09-23,Google Search,Non-Brand - Competitor,176,9,5.07
2025-06-21,Google Search,Brand - Search,317,12,6.67
2025-07-20,Google Search,Non-Brand - Competitor,218,8,4.16
2026-01-13,Google Shopping,Shopping - Bestsellers,93,3,£1.22
2025-04-13,GOOGLE SHOPPING,Shopping - New Launches,275,13,5.57
2025-09-06,Google Shopping,Shopping - New Launches,105,4,1.76
2025-03-01,Google Shopping,Shopping - New Launches,113,6,2.54
2025-12-08,meta ads,Prospecting - Video,940,35,27.62
2025-03-16,Google Search,Brand - Search,367,16,£8.80
2025-02-20,Google  Search,Non-Brand - Competitor,656,21,11.46
2025-04-04,Affiliate,Affiliate - Cashback Sites,123,5,£1.00
2026-02-01,Affiliate,Affiliate - Cashback Sites,83,4,0.81
2025-01-25,AFFILIATE,Affiliate - Cashback Sites,52,2,0.45
2025-06-21,Meta Ads,Prospecting - Video,418,14,9.5
2025-06-11,Affiliate,Affiliate - Beauty Bloggers,287,9,1.85
2025-01-28,Google Shopping,Shopping - Bestsellers,184,8,3.14
2025-12-07,Google Search,Non-Brand - Generic,507,26,13.8
2025-02-14,Affiliate,Affiliate - Cashback Sites,71,3,0.65
2025-06-05,Meta Ads,Prospecting - Static,286,11,7.22
2025-12-28,FB/IG Ads,Prospecting - Video,484,21,16.5
2025-06-07,Facebook/Instagram Ads,Prospecting - Video,412,16,9.9
2026-03-06,Google Shopping,Shopping - Bestsellers,297,12,5.5
2025-10-13,Meta_Ads,Prospecting - Video,517,23,17.52
2026-06-22,Google  Search,Brand - Search,307,11,6.03
2025-02-09,meta ads,Prospecting - Static,460,24,13.55
2026-06-16,Google Shopping,Shopping - Bestsellers,209,10,4.38
2025-02-03,Meta Ads,Retargeting - Carousel,529,19,11.14
2025-05-02,google shopping,Shopping - New Launches,245,10,3.85
2025-08-10,Affiliate,Affiliate - Cashback Sites,158,7,1.69
2025-01-14,Google Search,Non-Brand - Competitor,118,5,2.48
2025-12-13,Google Search,Non-Brand - Generic,442,19,9.61
2025-11-17,Affiliate,Affiliate - Beauty Bloggers,220,7,1.5
2026-04-25,Google Search,Non-Brand - Competitor,437,14,7.9
2026-02-11,Affiliate ,Affiliate - Beauty Bloggers,145,5,1.1
2025-03-24,Google Shopping,Shopping - New Launches,63,2,0.83
2025-08-31,Google Search,Brand - Search,333,12,6.55
2025-11-27,Google_Shopping,Shopping - New Launches,793,29,12.52
2025-07-04,Google Search,Brand - Search,172,7,4.01
2025-07-08,Facebook/Instagram Ads,Prospecting - Video,271,11,£8.07
2025-09-13,Affiliate,Affiliate - Beauty Bloggers,180,6,1.39
2026-01-22,Google_Shopping,Shopping - New Launches,292,12,4.76
2026-04-30,GOOGLE SHOPPING,Shopping - New Launches,335,15,6.06
2025-01-06,Meta Ads,Retargeting - Carousel,329,12,6.51
2025-07-16,Google Search,Non-Brand - Competitor,483,22,12.91
2025-04-29,GOOGLE SHOPPING,Shopping - Bestsellers,89,3,1.13
2025-11-23,meta ads,Prospecting - Video,983,40,30.13
2025-06-02,Google Search,Non-Brand - Generic,212,10,5.07
2026-04-16,Google Shopping,Shopping - Bestsellers,287,9,£3.61
2026-06-09,Meta Ads,Prospecting - Static,980,52,48.41
2026-02-17,Affiliate,Affiliate - Beauty Bloggers,111,6,1.39
2026-06-25,Google Search,Non-Brand - Competitor,282,10,5.77
2025-03-14,Google Shopping,Shopping - New Launches,294,12,5.0
2025-11-14,Google Shopping,Shopping - Bestsellers,352,15,6.38
2026-05-03,AFFILIATE,Affiliate - Cashback Sites,78,3,0.64
2025-04-27,Affiliate,Affiliate - Cashback Sites,55,3,0.7
2025-06-01,Google Search,Non-Brand - Competitor,281,11,6.38
2025-01-17,Meta Ads,Prospecting - Static,235,10,£5.18
2025-04-23,Affiliate,Affiliate - Beauty Bloggers,176,8,£1.78
2026-06-24,Google Search,Non-Brand - Competitor,700,26,16.02
2025-09-18,Google Search,Non-Brand - Generic,222,8,4.41
2025-02-22,FB/IG Ads,Retargeting - Carousel,317,15,9.06
2026-03-02,Google Search,Non-Brand - Competitor,470,15,8.46
2025-02-05,Affiliate,Affiliate - Beauty Bloggers,59,3,0.66
2026-05-28,AFFILIATE,Affiliate - Cashback Sites,0,0,0.0
2026-03-29,Affiliate,Affiliate - Cashback Sites,250,9,1.89
2025-06-29,Google Search,Brand - Search,331,15,7.69
2025-10-30,Google Search,Non-Brand - Generic,426,23,12.46
2026-06-17,Meta_Ads,Prospecting - Video,502,23,20.17
2026-03-11,Google Search,Brand - Search,172,8,4.38
2026-03-13,Meta Ads,Prospecting - Video,619,26,21.97
2025-05-14,Google Search,Non-Brand - Competitor,424,14,7.16
2025-12-25,Google Shopping,Shopping - New Launches,104,4,£1.63
2026-02-23,Affiliate,Affiliate - Cashback Sites,49,2,0.44
2025-10-14,Google Search,Brand - Search,926,29,15.44
2025-06-20,Meta Ads,Prospecting - Video,537,22,15.43
2025-01-23,Google Shopping,Shopping - Bestsellers,224,8,3.29
2025-02-25,Google Shopping,Shopping - New Launches,56,3,1.14
2025-11-09,Meta Ads,Prospecting - Video,530,19,13.76
2026-02-21,FB/IG Ads,Prospecting - Static,474,26,22.19
2025-10-10,Affiliate,Affiliate - Cashback Sites,91,3,0.63
2025-04-29,Google Search,Non-Brand - Competitor,78,4,2.23
2026-05-09,Google Search,Brand - Search,291,11,£6.06
2025-06-05,Affiliate,Affiliate - Beauty Bloggers,75,4,0.97
2025-11-19,meta ads,Retargeting - Carousel,505,27,21.84
2026-05-15,affiliate,Affiliate - Beauty Bloggers,216,8,1.87
2026-06-29,Google  Search,Non-Brand - Competitor,573,18,9.83
2026-03-21,Meta Ads,Prospecting - Static,1081,34,31.0
2025-11-15,Google Shopping,Shopping - New Launches,278,11,4.76
2026-04-19,Google Shopping,Shopping - Bestsellers,327,13,5.07
2026-05-14,affiliate,Affiliate - Beauty Bloggers,26,1,0.22
2025-04-16,Google Search,Non-Brand - Generic,264,14,£8.38
2025-07-27,Meta_Ads,Prospecting - Video,582,30,20.4
2025-02-05,Google Search,Non-Brand - Competitor,421,15,7.81
2026-04-21,Affiliate,Affiliate - Beauty Bloggers,85,3,£0.70
2026-01-08,meta ads,Prospecting - Video,465,20,16.67
2025-04-26,Meta Ads,Prospecting - Static,488,20,12.31
2026-01-11,Google Shopping,Shopping - New Launches,319,13,5.58
2025-08-16,Affiliate,Affiliate - Beauty Bloggers,99,4,0.94
2025-01-27,Google_Shopping,Shopping - New Launches,337,13,£5.13
2026-04-03,Meta Ads,Prospecting - Static,628,31,27.12
2025-08-11,Google Shopping,Shopping - New Launches,269,10,4.31
2026-01-26,google search,Non-Brand - Generic,221,9,£4.63
2025-08-24,Meta Ads,Prospecting - Static,562,19,13.57
2025-10-21,meta ads,Retargeting - Carousel,986,32,23.73
2026-01-16,Google Search,Non-Brand - Competitor,278,9,£4.65
2026-04-03,Google Search,Non-Brand - Competitor,211,9,4.95
2025-12-23,Affiliate,Affiliate - Beauty Bloggers,108,5,1.01
2025-11-28,Meta Ads,Prospecting - Static,825,44,35.08
2025-06-03,Google Shopping,Shopping - New Launches,371,13,5.32
2025-12-15,Google Shopping,Shopping - New Launches,673,32,12.67
2025-10-15,Google Search,Non-Brand - Competitor,282,13,7.17
2026-04-03,Affiliate,Affiliate - Beauty Bloggers,136,5,1.08
2025-12-10,Google Search,Non-Brand - Competitor,676,30,16.98
2025-12-15,Google_Search,Non-Brand - Generic,751,24,£13.02
2025-10-19,Google Shopping,Shopping - New Launches,56,2,0.83
2026-03-26,Affiliate,Affiliate - Beauty Bloggers,106,4,0.87
2025-09-19,google shopping,Shopping - Bestsellers,366,12,5.25
2025-05-10,Meta Ads,Prospecting - Static,279,14,8.41
2026-02-07,Affiliate,Affiliate - Cashback Sites,136,7,1.48
2026-02-08,Affiliate,Affiliate - Beauty Bloggers,231,9,1.83
2025-01-13,Google_Shopping,Shopping - Bestsellers,122,6,2.66
2026-04-19,Affiliate,Affiliate - Beauty Bloggers,174,7,1.63
2026-05-08,GOOGLE SEARCH,Non-Brand - Generic,681,27,£14.60
2025-01-14,Google Shopping,Shopping - New Launches,136,7,2.9
2025-10-03,Google Search,Non-Brand - Generic,411,13,6.37
2026-03-24,FB/IG Ads,Prospecting - Video,432,21,17.23
2026-02-28,Google Shopping,Shopping - New Launches,276,11,4.63
2026-01-11,Google Search,Non-Brand - Competitor,184,9,4.82
2025-07-24,Meta Ads,Retargeting - Carousel,764,26,17.17
2025-10-20,Google Search,Non-Brand - Generic,608,24,£13.35
2025-06-09,Affiliate,Affiliate - Beauty Bloggers,0,0,0.0
2025-10-19,Meta Ads,Prospecting - Static,758,28,21.34
2025-09-20,Meta_Ads,Prospecting - Video,729,25,£18.19
2026-05-16,GOOGLE SHOPPING,Shopping - Bestsellers,434,18,7.51
2025-05-05,Google Shopping,Shopping - Bestsellers,159,7,2.9
2025-08-28,Google Search,Brand - Search,445,15,8.56
2025-01-07,Google_Shopping,Shopping - Bestsellers,146,7,2.83
2026-03-05,FB/IG Ads,Prospecting - Static,533,23,17.55
2025-01-20,Google Shopping,Shopping - New Launches,161,8,3.45
2025-03-04,Google Search,Brand - Search,379,12,£6.82
2025-12-19,Google Shopping,Shopping - Bestsellers,467,17,7.39
2026-03-29,Google Shopping,Shopping - Bestsellers,235,8,3.15
2026-02-05,GOOGLE SHOPPING,Shopping - New Launches,216,8,£3.22
2026-04-09,Google Search,Non-Brand - Competitor,244,10,5.56
2026-01-15,FB/IG Ads,Prospecting - Video,251,13,£11.14
2025-08-31,Google Shopping,Shopping - Bestsellers,144,7,2.82
2026-01-04,Meta Ads,Prospecting - Static,830,26,18.9
2025-03-10,Google Search,Non-Brand - Generic,111,4,2.32
2025-09-11,Affiliate,Affiliate - Cashback Sites,124,4,0.78
2025-03-02,Google Search,Brand - Search,159,5,2.56
2025-08-15,google shopping,Shopping - Bestsellers,232,11,4.46
2025-03-19,Meta Ads,Prospecting - Static,288,16,9.04
2025-09-04,Google Search,Non-Brand - Competitor,678,23,11.71
2025-09-27,Google Shopping,Shopping - New Launches,311,15,£6.32
2025-03-02,Google_Shopping,Shopping - New Launches,177,8,3.31
2025-04-09,Facebook/Instagram Ads,Retargeting - Carousel,620,20,11.59
2026-02-09,Meta Ads,Prospecting - Video,496,19,16.43
2026-05-22,Google Search,Non-Brand - Generic,356,15,8.42
2025-05-07,affiliate,Affiliate - Cashback Sites,203,8,£1.82
2025-09-29,Meta Ads,Retargeting - Carousel,753,24,18.0
2025-08-13,Facebook/Instagram Ads,Prospecting - Static,613,24,16.81
2025-11-24,Google Shopping,Shopping - New Launches,261,14,5.77
2025-12-16,Google Search,Non-Brand - Competitor,491,16,8.97
2025-07-06,Google Search,Non-Brand - Competitor,382,14,6.94
2025-10-22,Affiliate,Affiliate - Beauty Bloggers,121,5,1.1
2025-12-27,Google Shopping,Shopping - New Launches,142,6,£2.43
2025-03-11,Meta Ads,Prospecting - Video,166,8,4.97
2026-06-06,Meta Ads,Retargeting - Carousel,951,30,29.06
2025-05-27,Google_Shopping,Shopping - New Launches,457,23,9.14
2025-07-11,Google Search,Non-Brand - Generic,221,8,4.75
2026-01-14,Affiliate,Affiliate - Beauty Bloggers,87,3,0.64
2025-03-10,Google Shopping,Shopping - New Launches,214,7,2.89
2025-04-05,Meta Ads,Retargeting - Carousel,905,36,21.51
2025-03-18,FB/IG Ads,Prospecting - Video,296,15,8.7
2025-11-21,Google Shopping,Shopping - New Launches,150,5,2.22
2025-01-16,Meta Ads,Retargeting - Carousel,268,11,5.89
2025-03-07,google search,Non-Brand - Competitor,478,17,8.52
2026-05-20,Google Shopping,Shopping - New Launches,391,13,5.39
2025-05-06,Meta Ads,Prospecting - Video,535,24,15.42
2025-09-23,Affiliate ,Affiliate - Cashback Sites,128,5,1.13
2026-01-12,Google_Shopping,Shopping - Bestsellers,207,9,£3.81
2025-11-10,Google Shopping,Shopping - New Launches,167,7,2.9
2025-10-11,Affiliate,Affiliate - Cashback Sites,53,2,£0.45
2025-07-24,affiliate,Affiliate - Cashback Sites,27,1,0.21
2026-04-14,Facebook/Instagram Ads,Retargeting - Carousel,1230,41,38.83
2025-11-29,Google Search,Non-Brand - Generic,968,34,19.78
2025-03-05,Google  Search,Non-Brand - Generic,200,11,£6.34
2026-01-05,Meta Ads,Prospecting - Static,425,20,16.44
2025-06-28,Facebook/Instagram Ads,Retargeting - Carousel,373,16,£10.59
2026-05-17,AFFILIATE,Affiliate - Cashback Sites,75,4,0.94
2025-02-23,Meta Ads,Prospecting - Video,593,19,£10.43
2025-08-07,Affiliate,Affiliate - Beauty Bloggers,24,1,0.23
2026-04-23,Google Shopping,Shopping - New Launches,297,15,£6.49
2026-05-11,Google Shopping,Shopping - New Launches,89,3,1.22
2026-04-05,Google Search,Brand - Search,532,28,17.76
2025-03-23,Google Shopping,Shopping - New Launches,489,18,7.46
2025-11-02,Google Shopping,Shopping - Bestsellers,288,16,6.19
2026-05-02,Meta Ads,Retargeting - Carousel,1019,45,£44.15
2025-01-18,Google Search,Non-Brand - Generic,59,3,1.75
2025-08-12,Affiliate,Affiliate - Cashback Sites,0,0,0.0
2026-04-21,Google Search,Brand - Search,467,16,8.41
2025-10-30,Affiliate,Affiliate - Beauty Bloggers,147,5,1.03
2025-04-10,Google Search,Non-Brand - Generic,363,14,7.45
2026-02-20,Meta Ads,Retargeting - Carousel,731,26,21.77
2025-01-17,Google Search,Brand - Search,109,5,2.66
2025-12-05,Meta Ads,Retargeting - Carousel,499,26,21.49
2025-08-02,Meta Ads,Prospecting - Static,386,21,15.29
2025-10-12,Affiliate,Affiliate - Beauty Bloggers,47,2,0.45
2026-03-16,Google Search,Non-Brand - Generic,174,8,4.14
2025-04-01,Affiliate,Affiliate - Cashback Sites,194,10,2.14
2025-12-01,Google Shopping,Shopping - Bestsellers,567,22,9.53
2025-02-02,Google Search,Non-Brand - Generic,490,18,9.9
2025-07-10,GOOGLE SEARCH,Brand - Search,167,6,3.27
2025-04-21,Google Search,Non-Brand - Competitor,761,27,14.83
2025-11-01,Meta Ads,Prospecting - Video,486,26,19.59
2026-06-19,FB/IG Ads,Prospecting - Static,678,33,31.29
2026-06-18,Affiliate,Affiliate - Cashback Sites,176,7,1.46
2025-09-18,affiliate,Affiliate - Cashback Sites,45,2,0.45
2025-11-09,Google_Search,Non-Brand - Generic,437,21,11.71
2026-05-20,Affiliate,Affiliate - Beauty Bloggers,185,8,1.85
2025-05-21,Affiliate,Affiliate - Beauty Bloggers,40,2,0.43
2025-06-25,Meta Ads,Retargeting - Carousel,375,16,10.64
2025-03-02,Meta Ads,Prospecting - Video,245,10,5.67
2025-10-02,Affiliate,Affiliate - Cashback Sites,25,1,£0.22
2025-07-27,Google Shopping,Shopping - Bestsellers,147,7,2.67
2026-03-20,Google Search,Non-Brand - Generic,474,15,7.97
2025-01-26,Google_Search,Non-Brand - Generic,284,15,8.23
2025-03-31,Affiliate,Affiliate - Beauty Bloggers,140,5,1.03
2025-11-08,Affiliate,Affiliate - Beauty Bloggers,240,8,£1.84
2025-04-03,Google Shopping,Shopping - New Launches,515,18,7.47
2026-04-20,Meta Ads,Retargeting - Carousel,697,34,31.19
2026-06-13,Affiliate,Affiliate - Cashback Sites,52,2,0.4
2026-01-21,Google Search,Non-Brand - Generic,207,8,4.31
2025-07-18,Meta Ads,Prospecting - Video,340,13,9.0
2025-09-15,Meta Ads,Prospecting - Video,518,21,16.07
2025-12-14,Affiliate,Affiliate - Beauty Bloggers,157,6,1.36
2025-11-15,Google_Search,Non-Brand - Competitor,354,13,£6.79
2026-03-15,Meta Ads,Retargeting - Carousel,914,30,25.95
2026-05-03,Google Shopping,Shopping - Bestsellers,276,9,4.0
2026-02-24,Google Search,Brand - Search,257,12,6.19
2026-04-01,Google Search,Brand - Search,492,18,10.44
2025-05-15,Google Search,Non-Brand - Generic,458,20,10.24
2025-09-09,Affiliate,Affiliate - Beauty Bloggers,157,7,1.61
2026-04-30,Meta Ads,Prospecting - Video,695,28,25.0
2026-04-24,Meta Ads,Prospecting - Video,526,24,23.75
2025-03-21,Meta Ads,Prospecting - Video,627,26,£16.33
2026-03-27,Google_Shopping,Shopping - Bestsellers,193,7,£3.08
2025-09-01,google search,Non-Brand - Competitor,342,19,10.49
2025-01-15,Google Search,Non-Brand - Competitor,310,10,5.38
2025-12-18,Affiliate,Affiliate - Beauty Bloggers,61,3,0.65
2026-01-30,Affiliate,Affiliate - Cashback Sites,0,0,0.0
2025-03-31,google shopping,Shopping - New Launches,234,10,4.42
2026-01-24,Meta Ads,Prospecting - Video,758,28,24.48
2025-05-08,Meta Ads,Retargeting - Carousel,832,29,18.7
2026-01-28,Meta Ads,Retargeting - Carousel,188,10,8.0
2026-03-14,Google Search,Non-Brand - Competitor,447,16,9.3
2025-10-26,Meta Ads,Prospecting - Static,743,34,£27.26
2026-05-11,Google Search,Brand - Search,405,17,9.42
2025-11-09,Google Shopping,Shopping - Bestsellers,360,13,5.45
2025-10-30,Meta Ads,Prospecting - Static,362,20,14.92
2025-01-03,meta ads,Retargeting - Carousel,196,10,5.59
2026-05-28,Google Shopping,Shopping - Bestsellers,651,25,9.95
2025-02-15,Facebook/Instagram Ads,Prospecting - Video,136,7,4.01
2026-06-02,Google Search,Non-Brand - Competitor,451,18,9.75
2025-06-06,AFFILIATE,Affiliate - Beauty Bloggers,247,9,1.9
2025-09-30,Google Shopping,Shopping - Bestsellers,247,9,3.85
2025-10-31,Google Shopping,Shopping - New Launches,227,12,£5.42
2025-10-13,Google Search,Non-Brand - Competitor,365,14,7.82
2026-03-11,Affiliate,Affiliate - Beauty Bloggers,84,3,0.68
2025-08-25,Meta Ads,Retargeting - Carousel,354,15,10.2
2025-02-04,Google Shopping,Shopping - Bestsellers,345,12,5.09
2026-02-03,Google Shopping,Shopping - New Launches,338,12,4.63
2025-08-05,Google Shopping,Shopping - New Launches,385,15,£6.50
2025-08-15,Affiliate ,Affiliate - Beauty Bloggers,130,5,1.18
2026-03-05,google search,Brand - Search,337,12,6.55
2026-05-04,Google Search,Non-Brand - Competitor,280,13,6.79
2025-06-25,Google Search,Non-Brand - Generic,400,17,10.01
2025-06-29,Google Shopping,Shopping - New Launches,250,11,4.84
2026-04-15,Meta Ads,Prospecting - Static,491,26,24.07
2025-09-26,Google Search,Brand - Search,539,19,10.48
2026-06-18,Meta Ads,Prospecting - Video,694,32,29.13
2025-02-01,Google Shopping,Shopping - New Launches,96,4,£1.71
2025-08-06,Google Shopping,Shopping - Bestsellers,365,19,8.36
2025-08-08,Meta Ads,Prospecting - Static,361,15,11.48
2025-09-25,Facebook/Instagram Ads,Prospecting - Video,411,20,£14.31
2025-03-06,Google Search,Non-Brand - Competitor,167,7,3.99
2026-05-12,Affiliate,Affiliate - Cashback Sites,237,12,2.51
2026-03-28,Meta Ads,Retargeting - Carousel,706,30,24.47
2026-01-30,Google Shopping,Shopping - Bestsellers,168,9,£3.97
2025-07-29,Affiliate,Affiliate - Beauty Bloggers,85,3,0.64
2026-03-26,Google Search,Non-Brand - Generic,454,23,12.61
2025-01-23,Affiliate,Affiliate - Beauty Bloggers,22,1,0.21
2026-04-30,Affiliate,Affiliate - Cashback Sites,67,3,0.67
2025-01-05,Google Search,Non-Brand - Competitor,55,3,1.69
2026-06-15,Google_Search,Non-Brand - Competitor,489,21,11.35
2025-12-24,Google_Shopping,Shopping - New Launches,282,12,4.95
2026-04-05,Meta Ads,Prospecting - Video,769,26,23.68
2025-09-25,Affiliate,Affiliate - Cashback Sites,39,2,0.45
2025-02-09,Google Shopping,Shopping - New Launches,183,10,4.36
2026-04-28,Meta Ads,Retargeting - Carousel,920,29,£24.86
2025-12-10,Meta Ads,Retargeting - Carousel,926,31,25.51
2026-03-18,Google Shopping,Shopping - Bestsellers,432,21,9.21
2025-08-09,Affiliate,Affiliate - Cashback Sites,134,7,1.51
2026-01-27,Google Shopping,Shopping - Bestsellers,98,5,2.14
2025-09-05,Meta Ads,Prospecting - Static,571,21,15.09
2025-08-31,Affiliate,Affiliate - Cashback Sites,50,2,0.48
2025-06-14,Meta Ads,Prospecting - Static,422,22,15.4
2025-04-06,Meta Ads,Retargeting - Carousel,241,8,4.99
2025-11-07,meta ads,Prospecting - Video,556,26,19.37
2026-06-10,Affiliate,Affiliate - Beauty Bloggers,257,13,3.13
2026-06-03,Google Search,Brand - Search,516,28,£16.72
2025-01-23,Meta_Ads,Retargeting - Carousel,429,18,10.05
2025-06-18,Meta Ads,Prospecting - Video,801,34,22.35
2025-04-18,Google_Shopping,Shopping - Bestsellers,342,17,7.2
2025-01-26,Meta Ads,Retargeting - Carousel,273,13,6.97
2025-09-27,meta ads,Prospecting - Static,625,29,21.86
2026-04-28,Google Shopping,Shopping - Bestsellers,625,21,8.32
2025-04-25,Google Shopping,Shopping - New Launches,325,11,4.68
2025-09-11,Google Search,Non-Brand - Competitor,459,16,8.64
2025-06-03,Meta Ads,Prospecting - Static,302,16,10.91
2026-01-24,Google  Search,Brand - Search,192,7,3.7
2025-08-17,Google_Shopping,Shopping - New Launches,178,8,3.28
2025-10-15,Affiliate,Affiliate - Cashback Sites,241,8,1.82
2026-02-28,Google  Search,Non-Brand - Competitor,340,14,7.82
2025-10-11,Google Shopping,Shopping - New Launches,487,18,7.68
2025-05-02,Google Search,Non-Brand - Competitor,427,14,£7.79
2025-01-11,Affiliate,Affiliate - Beauty Bloggers,55,3,0.66
2025-04-16,FB/IG Ads,Prospecting - Static,733,23,14.26
2025-05-29,Google Shopping,Shopping - New Launches,195,10,4.28
2025-01-10,Meta Ads,Retargeting - Carousel,312,11,5.68
2025-10-12,Google Search,Non-Brand - Generic,488,23,13.56
2025-05-28,Google_Search,Brand - Search,596,19,10.49
2025-07-22,Google_Shopping,Shopping - Bestsellers,293,11,4.42
2025-09-07,Meta Ads,Retargeting - Carousel,335,13,9.06
2025-04-24,Google_Shopping,Shopping - New Launches,239,8,3.48
2025-07-24,Google Shopping,Shopping - New Launches,288,10,4.78
2025-12-09,Google Shopping,Shopping - New Launches,239,9,3.76
2026-05-13,Affiliate,Affiliate - Cashback Sites,151,7,£1.46
2025-02-10,Google Search,Non-Brand - Generic,441,17,9.14
2026-05-08,AFFILIATE,Affiliate - Beauty Bloggers,133,7,1.43
2025-10-20,Google Shopping,Shopping - Bestsellers,215,8,3.32
2025-10-03,Facebook/Instagram Ads,Prospecting - Video,733,30,22.09
2025-04-29,Meta Ads,Retargeting - Carousel,581,20,12.34
2026-03-10,Meta Ads,Prospecting - Static,994,33,29.77
2025-11-17,Google Shopping,Shopping - New Launches,112,4,1.83
2025-01-25,Google_Search,Brand - Search,172,7,3.64
2025-11-25,Google Shopping,Shopping - Bestsellers,1043,34,14.94
2025-10-30,google shopping,Shopping - New Launches,111,6,2.52
2025-12-01,Affiliate,Affiliate - Beauty Bloggers,241,11,2.38
2025-07-07,Google Shopping,Shopping - New Launches,297,10,4.29
2026-03-25,Meta Ads,Retargeting - Carousel,591,24,19.06
2025-07-17,Google Search,Non-Brand - Generic,343,13,£6.90
2026-01-09,Google Search,Non-Brand - Competitor,233,9,4.16
2025-10-08,Meta Ads,Prospecting - Static,558,28,19.63
2025-02-26,Meta Ads,Prospecting - Static,312,15,8.77
2025-04-23,Meta Ads,Prospecting - Video,1083,36,24.17
2025-08-08,Google Search,Non-Brand - Competitor,536,17,£9.05
2026-06-19,Google  Search,Brand - Search,70,3,1.6
2025-04-06,Google Shopping,Shopping - Bestsellers,323,11,4.53
2026-05-31,Google Search,Non-Brand - Competitor,361,12,6.34
2026-01-07,Google Shopping,Shopping - New Launches,337,14,6.1
2025-07-23,AFFILIATE,Affiliate - Beauty Bloggers,99,4,£0.97
2026-04-22,Google Search,Non-Brand - Competitor,593,27,14.85
2025-09-21,Affiliate,Affiliate - Cashback Sites,18,1,0.23
2025-06-12,Google Search,Non-Brand - Generic,522,22,12.33
2025-11-22,Google Shopping,Shopping - Bestsellers,381,15,6.09
2026-03-23,google shopping,Shopping - Bestsellers,158,8,3.29
2025-03-22,GOOGLE SHOPPING,Shopping - New Launches,541,24,9.93
2025-06-12,Affiliate,Affiliate - Beauty Bloggers,160,6,1.31
2026-04-17,Affiliate,Affiliate - Cashback Sites,26,1,0.21
2026-05-14,Google Shopping,Shopping - Bestsellers,351,16,6.92
2026-06-24,Google Shopping,Shopping - Bestsellers,333,15,6.7
2026-01-12,Affiliate,Affiliate - Beauty Bloggers,39,2,£0.43
2025-08-26,Google Search,Non-Brand - Generic,459,23,13.03
2025-04-21,Meta Ads,Prospecting - Video,616,20,11.77
2026-01-17,Affiliate ,Affiliate - Beauty Bloggers,281,10,2.19
2026-02-20,Affiliate,Affiliate - Beauty Bloggers,300,11,£2.53
2025-05-26,Meta Ads,Prospecting - Video,665,21,12.71
2026-04-21,FB/IG Ads,Prospecting - Static,712,31,27.16
2025-07-07,Meta_Ads,Prospecting - Video,733,24,15.58
2026-04-14,Affiliate,Affiliate - Beauty Bloggers,47,2,£0.43
2026-02-05,Google Search,Non-Brand - Generic,586,21,11.41
2025-09-10,Meta Ads,Retargeting - Carousel,415,23,17.89
2026-03-01,Google Shopping,Shopping - Bestsellers,358,12,4.96
2025-08-07,Google Shopping,Shopping - New Launches,183,8,£3.28
2025-06-28,Google Shopping,Shopping - Bestsellers,71,3,1.15
2025-04-03,Affiliate,Affiliate - Cashback Sites,91,3,£0.62
2025-04-10,Google Shopping,Shopping - Bestsellers,188,8,3.33
2026-04-22,Meta Ads,Prospecting - Static,726,38,36.96
2025-10-25,Google Search,Non-Brand - Competitor,283,12,6.85
2025-02-17,Google_Search,Brand - Search,285,11,5.71
2025-08-19,Google Shopping,Shopping - Bestsellers,395,15,6.19
2025-03-22,Google  Search,Non-Brand - Generic,518,17,8.82
2026-01-14,Meta Ads,Prospecting - Video,540,26,21.36
2026-06-09,Google  Search,Brand - Search,258,10,5.58
2025-06-10,Google Search,Brand - Search,191,9,4.6
2025-10-27,Affiliate,Affiliate - Cashback Sites,159,8,£1.84
2025-01-31,Meta Ads,Retargeting - Carousel,236,10,5.75
2025-01-03,Google Shopping,Shopping - New Launches,56,2,0.9
2026-05-10,Meta Ads,Prospecting - Video,519,17,14.42
2025-02-11,Google Search,Non-Brand - Generic,536,17,9.14
2025-07-21,Google Search,Brand - Search,166,9,5.29
2026-03-29,Meta Ads,Prospecting - Static,953,34,25.77
2026-02-16,Meta Ads,Prospecting - Static,550,27,22.23
2025-10-09,Google Shopping,Shopping - Bestsellers,351,12,£4.79
2025-02-27,Affiliate,Affiliate - Beauty Bloggers,28,1,0.23
2025-12-10,Affiliate,Affiliate - Beauty Bloggers,40,2,0.44
2025-04-04,Google Shopping,Shopping - New Launches,309,11,4.91
2025-05-23,Affiliate ,Affiliate - Beauty Bloggers,26,1,0.24
2026-06-02,Meta Ads,Retargeting - Carousel,904,31,29.59
2026-02-01,google search,Non-Brand - Generic,375,15,8.35
2025-07-01,meta ads,Prospecting - Static,543,20,15.0
2025-03-09,Affiliate,Affiliate - Cashback Sites,134,7,1.44
2026-02-16,Google Shopping,Shopping - Bestsellers,28,1,0.39
2026-05-04,Meta Ads,Retargeting - Carousel,689,36,33.23
2026-03-05,Google Shopping,Shopping - Bestsellers,240,8,£3.30
2026-05-24,Google Shopping,Shopping - New Launches,112,6,2.55
2025-03-01,Affiliate,Affiliate - Cashback Sites,82,3,0.68
2025-08-22,Meta Ads,Retargeting - Carousel,649,25,18.27
2025-10-29,Affiliate,Affiliate - Beauty Bloggers,167,7,1.6
2025-01-20,Google Search,Non-Brand - Generic,419,14,6.98
2025-02-25,Affiliate,Affiliate - Beauty Bloggers,55,2,0.44
2025-06-15,Meta Ads,Retargeting - Carousel,439,20,14.15
2025-06-10,Meta Ads,Prospecting - Video,757,42,30.86
2026-02-03,Meta Ads,Retargeting - Carousel,867,31,23.06
2025-09-03,Google Shopping,Shopping - Bestsellers,359,16,6.68
2026-03-04,google shopping,Shopping - Bestsellers,342,16,6.91
2026-01-21,Meta Ads,Prospecting - Static,784,37,30.44
2026-04-18,Affiliate,Affiliate - Beauty Bloggers,134,5,£1.18
2025-04-26,Google_Search,Non-Brand - Competitor,433,15,8.43
2025-03-19,Affiliate,Affiliate - Cashback Sites,31,1,0.21
2025-09-18,meta ads,Prospecting - Video,411,22,16.24
2025-10-31,Affiliate,Affiliate - Beauty Bloggers,50,2,0.44
2025-04-14,Google Shopping,Shopping - New Launches,247,9,3.99
2025-09-15,Google Shopping,Shopping - Bestsellers,237,8,3.55
2025-10-22,Meta Ads,Retargeting - Carousel,361,20,£14.50
2025-03-12,Google Search,Brand - Search,465,16,9.71
2025-05-05,Affiliate,Affiliate - Beauty Bloggers,92,3,0.71
2025-03-24,google search,Non-Brand - Competitor,515,20,10.6
2025-01-01,Google Search,Non-Brand - Generic,247,12,6.43
2025-05-24,Google Search,Non-Brand - Generic,695,22,12.67
2025-08-22,Google Search,Non-Brand - Competitor,431,21,11.65
2026-03-21,Affiliate,Affiliate - Cashback Sites,57,2,0.39
2026-03-09,Google Search,Non-Brand - Generic,204,8,4.56
2025-06-02,Google Shopping,Shopping - New Launches,573,23,9.61
2025-07-05,Google Shopping,Shopping - New Launches,126,5,2.35
2025-10-24,Google Shopping,Shopping - New Launches,377,12,4.89
2025-03-26,Affiliate,Affiliate - Cashback Sites,24,1,0.21
2025-10-29,Meta Ads,Retargeting - Carousel,836,30,£21.03
2025-05-04,Google Shopping,Shopping - Bestsellers,308,12,4.95
2026-06-01,Google Search,Non-Brand - Generic,591,24,12.24
2025-07-15,Google Shopping,Shopping - New Launches,252,10,4.21
2025-10-08,Google_Search,Non-Brand - Competitor,653,21,11.84
2026-02-27,Meta Ads,Retargeting - Carousel,853,28,21.87
2025-08-20,Affiliate,Affiliate - Beauty Bloggers,191,7,1.44
2025-01-14,Affiliate,Affiliate - Cashback Sites,219,7,1.51
2025-03-29,Meta Ads,Retargeting - Carousel,605,24,£14.11
2026-05-12,Google Search,Brand - Search,346,19,10.57
2025-08-24,Google Search,Non-Brand - Generic,294,10,5.58
2025-07-12,Affiliate,Affiliate - Cashback Sites,121,4,0.94
2025-01-10,Affiliate,Affiliate - Beauty Bloggers,0,0,0.0
2025-05-11,Meta Ads,Prospecting - Static,627,29,17.16
2025-11-19,Google Search,Non-Brand - Generic,325,15,8.78
2025-05-03,Affiliate,Affiliate - Beauty Bloggers,78,3,0.7
2025-03-18,GOOGLE SEARCH,Brand - Search,376,17,9.42
2025-02-23,Affiliate,Affiliate - Cashback Sites,0,0,0.0
2026-04-08,Google Shopping,Shopping - New Launches,243,10,3.98
2025-11-27,Facebook/Instagram Ads,Retargeting - Carousel,1997,83,65.3
2025-12-15,Affiliate,Affiliate - Beauty Bloggers,58,3,0.65
2025-05-15,Meta Ads,Retargeting - Carousel,542,23,14.64
2026-05-23,Meta_Ads,Retargeting - Carousel,515,24,23.06
2026-03-07,Google Search,Non-Brand - Generic,464,18,9.77
2025-11-12,Google Shopping,Shopping - Bestsellers,737,33,12.61
2025-12-17,Google Search,Non-Brand - Generic,657,27,14.33
2025-10-06,Google Search,Brand - Search,411,21,11.01
2026-05-09,Google Shopping,Shopping - Bestsellers,323,13,5.41
2026-01-24,Google_Shopping,Shopping - New Launches,184,6,2.52
2025-01-02,Google Shopping,Shopping - New Launches,271,10,4.27
2026-06-19,AFFILIATE,Affiliate - Cashback Sites,51,2,£0.42
2025-03-09,Google Search,Non-Brand - Competitor,443,17,10.0
2025-09-23,meta ads,Prospecting - Video,413,22,17.18
2025-02-08,Google Search,Brand - Search,268,13,7.16
2025-01-20,Affiliate,Affiliate - Beauty Bloggers,72,3,0.68
2025-12-30,Google_Shopping,Shopping - Bestsellers,138,5,1.97
2025-11-13,Google Shopping,Shopping - Bestsellers,318,13,5.13
2025-07-10,Google Shopping,Shopping - Bestsellers,434,17,7.27
2025-07-31,Google Search,Brand - Search,420,18,9.68
2025-04-08,Google Shopping,Shopping - New Launches,270,9,3.68
2025-03-28,Google Shopping,Shopping - Bestsellers,323,16,6.59
2025-02-13,Meta Ads,Retargeting - Carousel,369,17,11.26
2025-03-11,Google Search,Brand - Search,344,13,£7.12
2026-01-18,Meta Ads,Prospecting - Static,501,25,18.52
2026-05-19,Affiliate,Affiliate - Cashback Sites,53,2,£0.42
2025-01-07,GOOGLE SEARCH,Brand - Search,324,11,6.19
2025-02-10,Google Shopping,Shopping - New Launches,265,14,5.66
2026-06-12,Meta Ads,Retargeting - Carousel,794,41,38.25
2025-06-23,Meta Ads,Retargeting - Carousel,794,25,16.47
2026-06-05,Google Search,Brand - Search,438,18,9.12
2025-01-30,Affiliate,Affiliate - Cashback Sites,99,5,1.15
2025-09-28,Meta Ads,Retargeting - Carousel,381,19,13.85
2025-03-07,Meta Ads,Prospecting - Static,518,19,11.01
2026-03-27,Meta Ads,Prospecting - Video,737,29,26.83
2025-05-23,Meta Ads,Prospecting - Static,456,23,13.56
2026-05-05,Google Shopping,Shopping - New Launches,218,10,4.55
2025-10-26,Google Search,Non-Brand - Generic,853,29,15.98
2025-01-21,Google Shopping,Shopping - Bestsellers,105,4,1.76
2026-05-02,Google Search,Non-Brand - Competitor,501,19,10.87
2026-03-27,Google Search,Non-Brand - Generic,646,23,12.79
2025-07-04,Meta_Ads,Prospecting - Video,665,28,18.79
2026-04-13,Meta Ads,Prospecting - Video,461,24,19.96
2026-04-18,Facebook/Instagram Ads,Prospecting - Video,965,36,31.1
2025-11-08,Google Shopping,Shopping - New Launches,540,19,8.13
2026-06-24,affiliate,Affiliate - Cashback Sites,142,7,1.45
2025-10-07,Meta Ads,Prospecting - Video,647,25,18.81
2025-04-13,Meta Ads,Prospecting - Static,830,28,18.57
2026-05-11,Affiliate,Affiliate - Beauty Bloggers,109,4,0.86
2026-03-29,Google_Search,Non-Brand - Competitor,740,27,13.87
2025-01-29,Google Shopping,Shopping - Bestsellers,283,11,£4.26
2026-05-12,Meta Ads,Retargeting - Carousel,822,40,38.93
2025-04-19,Affiliate,Affiliate - Beauty Bloggers,166,8,£1.77
2025-01-21,Affiliate,Affiliate - Cashback Sites,48,2,£0.45
2025-01-24,Google  Search,Brand - Search,513,18,8.7
2025-03-17,Google Shopping,Shopping - Bestsellers,236,13,5.36
2025-01-05,Affiliate,Affiliate - Cashback Sites,23,1,0.22
2026-01-31,Meta_Ads,Prospecting - Video,374,14,12.36
2025-02-16,Google Shopping,Shopping - Bestsellers,588,19,7.43
2025-02-26,Affiliate,Affiliate - Beauty Bloggers,92,3,0.67
2025-11-05,Google Shopping,Shopping - New Launches,236,9,3.91
2025-03-25,Google Shopping,Shopping - Bestsellers,373,12,5.71
2026-02-12,affiliate,Affiliate - Cashback Sites,376,12,2.6
2026-01-23,affiliate,Affiliate - Beauty Bloggers,55,3,0.65
2025-11-10,Affiliate,Affiliate - Beauty Bloggers,210,7,1.52
2026-04-29,affiliate,Affiliate - Beauty Bloggers,238,12,2.54
2025-05-08,Google Search,Non-Brand - Generic,591,24,13.61
2025-12-30,Google_Search,Non-Brand - Generic,28,1,0.56
2025-03-20,Meta Ads,Prospecting - Video,676,28,16.26
2025-10-04,Google Search,Brand - Search,256,12,7.16
2025-07-17,Meta Ads,Retargeting - Carousel,722,29,£19.09
2025-07-26,Affiliate,Affiliate - Beauty Bloggers,0,0,0.0
2026-02-15,Google Shopping,Shopping - New Launches,325,16,7.07
2025-05-18,Affiliate,Affiliate - Cashback Sites,44,2,£0.44
2025-06-17,Affiliate,Affiliate - Beauty Bloggers,263,12,2.73
2026-03-22,FB/IG Ads,Prospecting - Video,938,32,27.62
2025-11-12,Meta Ads,Prospecting - Static,818,27,20.31
2025-10-18,GOOGLE SHOPPING,Shopping - Bestsellers,283,9,4.3
2025-09-20,Google Shopping,Shopping - New Launches,73,3,1.19
2026-05-30,Google Search,Non-Brand - Competitor,349,17,10.05
2025-10-29,Google Search,Non-Brand - Generic,397,21,12.03
2025-03-27,Google_Search,Non-Brand - Competitor,422,14,7.35
2025-09-29,Google Shopping,Shopping - Bestsellers,151,8,3.27
2025-03-18,Affiliate,Affiliate - Cashback Sites,122,5,1.01
2026-05-25,Affiliate,Affiliate - Beauty Bloggers,0,0,0.0
2025-08-19,Meta_Ads,Prospecting - Video,782,29,22.67
2025-10-23,Meta Ads,Retargeting - Carousel,543,19,14.14
2026-01-22,Affiliate,Affiliate - Beauty Bloggers,63,3,0.71
2026-03-21,Google Search,Non-Brand - Competitor,552,20,10.92
2026-01-09,Affiliate,Affiliate - Beauty Bloggers,173,7,1.47
2025-01-05,Google_Shopping,Shopping - Bestsellers,181,6,2.43
2026-03-12,Affiliate,Affiliate - Beauty Bloggers,124,6,1.35
2025-01-17,Affiliate,Affiliate - Cashback Sites,113,4,0.93
2026-05-27,GOOGLE SHOPPING,Shopping - New Launches,620,21,8.91
2026-05-18,Meta Ads,Prospecting - Video,1192,39,35.61
2025-06-30,google shopping,Shopping - New Launches,139,7,2.79
2025-01-29,Google Search,Non-Brand - Generic,209,8,4.65
2026-04-18,Google Search,Brand - Search,814,27,£14.08
2026-04-11,GOOGLE SEARCH,Non-Brand - Generic,314,17,10.37
2026-06-08,AFFILIATE,Affiliate - Beauty Bloggers,222,8,1.72
2025-07-01,Google Shopping,Shopping - Bestsellers,358,13,5.59
2026-02-15,meta ads,Retargeting - Carousel,533,25,20.69
2025-05-10,Google Search,Non-Brand - Generic,254,10,5.33
2026-06-22,GOOGLE SHOPPING,Shopping - Bestsellers,611,23,9.46
2025-10-09,Meta Ads,Prospecting - Static,785,29,21.68
2025-04-14,Affiliate,Affiliate - Cashback Sites,0,0,£0.00
2026-02-02,Meta Ads,Prospecting - Video,503,25,21.06
2026-01-13,affiliate,Affiliate - Beauty Bloggers,0,0,0.0
2026-01-10,Google Shopping,Shopping - New Launches,294,14,5.42
2025-03-07,Affiliate,Affiliate - Cashback Sites,90,5,1.09
2025-04-09,Google Shopping,Shopping - Bestsellers,170,6,2.75
2026-03-24,Google Shopping,Shopping - Bestsellers,284,9,3.53
2025-07-31,Meta_Ads,Retargeting - Carousel,678,23,16.13
2025-03-14,Affiliate,Affiliate - Beauty Bloggers,56,3,0.62
2025-11-18,Affiliate,Affiliate - Beauty Bloggers,84,4,0.88
2025-03-04,Affiliate,Affiliate - Beauty Bloggers,175,6,1.29
2026-04-27,FB/IG Ads,Retargeting - Carousel,620,30,29.9
2025-06-01,Google Shopping,Shopping - Bestsellers,222,8,3.54
2026-02-28,affiliate,Affiliate - Cashback Sites,313,15,3.25
2025-10-06,Affiliate,Affiliate - Beauty Bloggers,128,7,1.58
2025-12-26,Meta Ads,Prospecting - Static,478,17,14.21
2025-09-14,Google Shopping,Shopping - Bestsellers,359,19,7.82
2026-01-29,Google Shopping,Shopping - Bestsellers,362,12,4.77
2025-12-16,Affiliate,Affiliate - Beauty Bloggers,50,2,0.47
2025-04-06,Google Search,Brand - Search,326,12,£6.82
2026-05-04,AFFILIATE,Affiliate - Cashback Sites,82,4,0.92
2026-05-25,Google Search,Brand - Search,307,17,9.32
2025-08-30,Affiliate,Affiliate - Beauty Bloggers,63,3,0.65
2025-04-02,Affiliate,Affiliate - Beauty Bloggers,56,3,£0.69
2025-04-11,Meta_Ads,Prospecting - Static,345,17,10.42
2025-06-19,Meta Ads,Retargeting - Carousel,808,42,£28.21
2026-05-19,Google Shopping,Shopping - Bestsellers,661,26,10.93
2025-05-22,Meta Ads,Prospecting - Static,369,12,7.62
2025-09-14,Meta Ads,Prospecting - Video,761,24,16.33
2025-10-07,Affiliate ,Affiliate - Beauty Bloggers,190,7,1.47
2025-08-13,Affiliate ,Affiliate - Beauty Bloggers,193,7,1.73
2025-05-14,Affiliate,Affiliate - Cashback Sites,151,5,1.17
2026-03-25,Affiliate,Affiliate - Beauty Bloggers,69,3,0.66
2025-08-26,Affiliate,Affiliate - Cashback Sites,96,5,£1.02
2025-09-02,Affiliate,Affiliate - Cashback Sites,102,5,1.14
2025-05-05,Google Search,Non-Brand - Competitor,406,16,8.12
2025-05-17,Affiliate,Affiliate - Beauty Bloggers,60,2,0.48
2025-04-25,Affiliate,Affiliate - Cashback Sites,106,4,£0.86
2025-11-24,Google Search,Non-Brand - Competitor,732,38,19.3
2025-02-22,Affiliate,Affiliate - Cashback Sites,108,6,1.27
2025-08-23,Google Shopping,Shopping - New Launches,191,7,2.82
2025-12-25,Meta Ads,Prospecting - Video,514,27,£20.92
2026-02-22,Google_Shopping,Shopping - Bestsellers,390,18,7.64
2025-02-13,Google Shopping,Shopping - New Launches,185,8,3.33
2025-11-24,Affiliate ,Affiliate - Cashback Sites,235,11,2.55
2025-02-18,Google Search,Brand - Search,210,7,3.58
2025-02-05,Meta Ads,Retargeting - Carousel,663,22,£12.70
2026-04-25,Google Shopping,Shopping - Bestsellers,275,12,£4.74
2026-04-28,Google Search,Non-Brand - Competitor,517,21,11.1
2025-12-26,Google Search,Brand - Search,187,9,5.02
2025-11-01,GOOGLE SEARCH,Non-Brand - Competitor,286,15,£8.36
2025-10-12,Google Shopping,Shopping - New Launches,223,7,2.73
2026-04-17,Meta Ads,Prospecting - Static,784,34,31.0
2025-12-23,Google Shopping,Shopping - New Launches,370,13,5.48
2025-02-27,Google Shopping,Shopping - Bestsellers,169,6,2.77
2025-05-23,Google Shopping,Shopping - Bestsellers,149,6,2.58
2025-07-09,meta ads,Prospecting - Static,315,12,8.25
2025-11-07,Google Shopping,Shopping - New Launches,283,12,5.69
2025-05-30,google shopping,Shopping - New Launches,339,11,4.72
2025-02-08,Meta Ads,Prospecting - Video,458,19,11.4
2025-12-30,meta ads,Prospecting - Video,173,6,£4.46
2025-08-10,Google Search,Brand - Search,465,17,9.01
2025-10-29,Google Shopping,Shopping - New Launches,442,16,6.34
2025-12-06,Affiliate ,Affiliate - Cashback Sites,193,7,1.55
2026-06-07,affiliate,Affiliate - Cashback Sites,150,6,1.26
2025-01-19,Meta Ads,Prospecting - Video,539,18,9.66
2025-07-22,Google  Search,Brand - Search,691,26,13.44
2025-04-14,Meta Ads,Prospecting - Static,295,13,7.01
2025-12-31,Affiliate,Affiliate - Cashback Sites,243,8,£1.82
2025-11-04,Meta Ads,Retargeting - Carousel,760,41,31.36
2025-08-21,Meta Ads,Retargeting - Carousel,415,20,15.27
2026-02-17,Google Shopping,Shopping - Bestsellers,227,12,4.92
2025-02-28,GOOGLE SHOPPING,Shopping - Bestsellers,183,10,4.03
2026-06-12,Google Shopping,Shopping - Bestsellers,451,18,8.19
2025-07-20,Affiliate,Affiliate - Cashback Sites,56,3,0.64
2025-08-09,Meta_Ads,Retargeting - Carousel,623,30,18.99
2026-02-13,GOOGLE SHOPPING,Shopping - New Launches,197,10,429.00
2025-09-21,meta ads,Retargeting - Carousel,891,30,24.24
2025-03-14,Meta Ads,Prospecting - Video,90,3,1.76
2025-08-17,Meta Ads,Prospecting - Static,434,16,10.55
2026-05-05,Google Search,Non-Brand - Competitor,228,11,6.34
2025-10-01,Google Shopping,Shopping - New Launches,159,8,3.33
2025-10-05,Affiliate,Affiliate - Cashback Sites,75,4,0.81
2026-04-18,GOOGLE SHOPPING,Shopping - New Launches,159,8,3.69
2025-01-29,meta ads,Prospecting - Static,126,7,3.77
2026-01-29,google search,Brand - Search,270,13,6.7
2025-04-27,Google Shopping,Shopping - New Launches,151,6,£2.36
2025-02-11,affiliate,Affiliate - Beauty Bloggers,67,3,£0.63
2025-08-13,Google Shopping,Shopping - Bestsellers,112,6,2.57
2026-02-07,GOOGLE SHOPPING,Shopping - New Launches,309,13,5.83
2025-10-03,Google Shopping,Shopping - Bestsellers,307,13,5.7
2025-08-19,Google  Search,Non-Brand - Generic,292,15,8.07
2026-01-24,Affiliate,Affiliate - Beauty Bloggers,0,0,£0.00
2025-05-30,Meta Ads,Retargeting - Carousel,617,25,17.09
2026-05-01,Affiliate,Affiliate - Cashback Sites,91,3,0.65
2025-03-06,Google_Shopping,Shopping - Bestsellers,154,7,2.98
2025-03-05,Affiliate,Affiliate - Cashback Sites,24,1,0.23
2025-07-01,Affiliate,Affiliate - Beauty Bloggers,62,3,0.62
2025-07-12,Google Search,Non-Brand - Competitor,162,9,£4.72
2026-03-08,Meta Ads,Prospecting - Static,913,35,29.48
2026-01-05,google shopping,Shopping - Bestsellers,93,3,1.25
2025-01-28,Meta Ads,Prospecting - Static,221,12,6.59
2026-02-24,AFFILIATE,Affiliate - Beauty Bloggers,52,2,0.43
2026-03-01,Google Search,Brand - Search,294,16,8.98
2025-11-03,Meta Ads,Prospecting - Video,832,46,34.97
2025-06-28,Google Search,Brand - Search,525,18,£9.90
2026-01-05,affiliate,Affiliate - Beauty Bloggers,135,5,£1.12
2025-09-12,Affiliate,Affiliate - Beauty Bloggers,154,5,1.11
2025-10-18,Google Search,Brand - Search,261,13,7.46
2025-08-29,Google Search,Non-Brand - Competitor,452,16,8.78
2025-03-09,Meta Ads,Retargeting - Carousel,890,28,£15.49
2025-01-16,Affiliate,Affiliate - Beauty Bloggers,18,1,£0.22
2025-10-01,Meta Ads,Prospecting - Video,1037,36,24.13
2025-08-12,Google Search,Brand - Search,464,15,8.26
2025-11-20,Affiliate,Affiliate - Cashback Sites,191,7,1.51
2025-07-14,Meta Ads,Retargeting - Carousel,310,14,11.42
2025-01-10,Google Search,Brand - Search,269,10,5.61
2025-03-02,Affiliate,Affiliate - Cashback Sites,77,3,0.68
2025-01-21,Meta Ads,Prospecting - Static,365,17,9.06
2026-06-13,Google Shopping,Shopping - Bestsellers,84,4,£1.79
2025-08-04,Google Search,Non-Brand - Generic,357,13,7.11
2025-04-04,Google Search,Non-Brand - Competitor,116,6,3.36
2026-05-16,Affiliate,Affiliate - Cashback Sites,196,10,2.36
2026-04-08,Meta Ads,Prospecting - Video,217,8,7.0
2025-12-07,Google Shopping,Shopping - New Launches,378,12,4.78
2025-07-07,affiliate,Affiliate - Beauty Bloggers,31,1,0.23
2025-09-17,Google_Shopping,Shopping - Bestsellers,257,13,£5.44
2025-11-05,Meta Ads,Prospecting - Static,857,28,20.13
2025-08-08,affiliate,Affiliate - Cashback Sites,117,6,1.47
2026-04-11,FB/IG Ads,Retargeting - Carousel,1069,34,32.46
2025-04-30,Google Search,Brand - Search,661,25,12.33
2025-02-26,Google Shopping,Shopping - New Launches,158,8,3.28
2025-06-08,Google  Search,Non-Brand - Generic,229,8,4.42
2025-02-24,Google Search,Non-Brand - Competitor,414,15,8.36
2025-09-21,Google_Shopping,Shopping - New Launches,214,7,3.08
2026-04-16,Affiliate,Affiliate - Beauty Bloggers,77,4,0.89
2025-02-15,Google_Search,Non-Brand - Generic,21,1,0.56
2025-06-09,Meta Ads,Prospecting - Static,409,14,9.44
2025-01-12,google search,Non-Brand - Generic,212,8,4.29
2026-01-10,Meta Ads,Retargeting - Carousel,354,16,13.41
2025-03-08,Google Search,Brand - Search,442,15,7.89
2025-09-30,Google Search,Brand - Search,429,23,12.07
2026-06-22,Facebook/Instagram Ads,Retargeting - Carousel,1178,38,34.39
2025-11-06,Meta Ads,Retargeting - Carousel,787,38,32.41
2026-06-25,Google Shopping,Shopping - New Launches,651,21,8.99
2025-08-01,Meta Ads,Prospecting - Static,254,13,8.57
2025-01-24,Meta Ads,Retargeting - Carousel,328,11,5.84
2025-03-25,Google Search,Non-Brand - Generic,273,15,8.55
2026-06-04,Affiliate,Affiliate - Beauty Bloggers,0,0,0.0
2025-04-04,meta ads,Prospecting - Static,382,14,9.21
2025-12-22,Google Shopping,Shopping - Bestsellers,379,13,5.38
2025-04-13,Google Search,Non-Brand - Generic,294,11,£6.32
2025-06-21,Google Shopping,Shopping - New Launches,374,12,5.1
2025-04-15,meta ads,Prospecting - Video,288,13,£7.96
2025-12-20,google shopping,Shopping - Bestsellers,351,14,5.98
2025-02-06,Google Search,Non-Brand - Competitor,376,12,6.93
2026-01-29,Meta Ads,Prospecting - Video,415,16,13.15
2025-09-04,Meta Ads,Prospecting - Video,584,26,£20.16
2025-01-04,meta ads,Retargeting - Carousel,268,13,7.04
2025-05-13,Google Search,Brand - Search,578,23,12.38
2025-04-08,Affiliate,Affiliate - Cashback Sites,202,9,1.99
2025-08-02,Google Shopping,Shopping - Bestsellers,521,17,7.06
2025-07-20,Google Shopping,Shopping - New Launches,42,2,0.85
2026-05-02,Affiliate ,Affiliate - Cashback Sites,138,5,£1.04
2026-06-16,meta ads,Prospecting - Video,700,32,£28.22
2025-04-07,AFFILIATE,Affiliate - Beauty Bloggers,48,2,0.47
2025-07-28,Affiliate,Affiliate - Cashback Sites,141,5,£1.02
2025-02-17,meta ads,Prospecting - Video,434,15,8.64
2026-02-28,Meta Ads,Prospecting - Video,521,25,20.38
2025-04-02,Google Search,Non-Brand - Generic,185,7,3.98
2025-10-17,Affiliate,Affiliate - Beauty Bloggers,123,4,0.85
2025-03-03,google shopping,Shopping - New Launches,384,15,£6.05
2025-08-09,Google_Shopping,Shopping - New Launches,368,13,5.77
2025-03-10,Meta Ads,Retargeting - Carousel,641,32,18.13
2025-02-06,Affiliate,Affiliate - Cashback Sites,59,2,0.41
2025-10-10,google shopping,Shopping - Bestsellers,543,19,8.07
2025-03-15,meta ads,Retargeting - Carousel,462,15,8.92
2025-03-23,Google Search,Non-Brand - Generic,252,8,4.19
2025-07-12,Meta Ads,Prospecting - Video,313,17,11.8
2026-03-05,Affiliate,Affiliate - Beauty Bloggers,164,6,1.36
2025-08-14,Google Search,Non-Brand - Competitor,338,17,8.87
2026-05-16,Google Search,Brand - Search,276,15,9.01
2026-05-29,Google Shopping,Shopping - Bestsellers,170,9,3.75
2025-09-01,Meta Ads,Prospecting - Video,495,27,18.33
2025-01-26,Affiliate,Affiliate - Beauty Bloggers,81,3,0.66
2026-04-26,Google Shopping,Shopping - Bestsellers,154,6,2.44
2026-01-03,FB/IG Ads,Prospecting - Video,554,18,15.3
2025-01-11,Google Shopping,Shopping - New Launches,141,7,3.0
2025-12-13,Meta_Ads,Retargeting - Carousel,544,27,20.64
2025-04-05,Google Shopping,Shopping - Bestsellers,246,9,3.57
2025-11-16,FB/IG Ads,Retargeting - Carousel,641,33,£24.85
2026-05-17,Google  Search,Non-Brand - Generic,527,20,11.46
2025-02-21,Google Shopping,Shopping - New Launches,349,11,4.58
2025-09-25,Google Search,Non-Brand - Competitor,317,13,£6.80
2026-06-03,AFFILIATE,Affiliate - Beauty Bloggers,58,3,0.65
2026-01-01,Google Shopping,Shopping - New Launches,226,9,£3.63
2025-02-21,Google Search,Brand - Search,191,7,3.75
2026-05-11,Meta Ads,Prospecting - Video,546,30,30.26
2025-07-05,Google Search,Non-Brand - Generic,200,11,6.2
2025-09-16,Google  Search,Non-Brand - Generic,191,8,£4.05
2026-06-15,Google Shopping,Shopping - New Launches,287,15,6.12
2025-12-23,Google Search,Non-Brand - Competitor,415,20,11.24
2026-03-08,Google Shopping,Shopping - Bestsellers,330,12,5.23
