date,channel,device,sessions,add_to_cart,begin_checkout,purchases
2026-02-20,Google Search,Mobile,5,0,0,0
2025-02-20,Affiliate,Mobile,3,0,0,0
2025-05-31,Google Search,Tablet,1,0,0,0
2025-03-29,Direct,Mobile,2,0,0,0
2025-06-19,Direct,Mobile,10,0,0,0
2025-08-18,Email,Mobile,3,0,0,0
2025-04-28,Organic Search,Desktop,4,1,1,1
2026-06-29,Google Shopping,Tablet,1,0,0,0
2026-01-27,Google Shopping,Desktop,3,0,0,0
2025-06-17,Facebook/Instagram Ads,Mobile,8,0,0,0
2026-04-17,Direct,Tablet,0,0,0,0
2025-06-28,Affiliate,Desktop,0,0,0,0
2025-12-17,email,Mobile,5,0,0,0
2025-10-02,Direct,Mobile,4,2,1,0
2025-08-23,Email,Desktop,0,0,0,0
2025-11-15,Google_Shopping,Tablet,1,0,0,0
2026-01-04,Organic Search,Mobile,6,1,0,0
2026-01-17,Google Search,Tablet,0,0,0,0
2025-12-09,Meta Ads,Tablet,0,0,0,0
2026-06-10,GOOGLE SEARCH,Desktop,4,1,0,0
2025-04-23,Affiliate,Tablet,1,0,0,0
2025-07-10,Direct,Desktop,0,0,0,0
2026-02-22,Meta Ads,Mobile,9,0,0,0
2025-04-21,Google Search,Mobile,11,0,0,0
2026-06-22,Meta Ads,Tablet,7,0,0,0
2026-03-27,GOOGLE SEARCH,Tablet,1,0,0,0
2025-10-21,Organic Search,Mobile,7,0,0,0
2025-03-16,Google Search,Mobile,10,2,0,0
2025-03-20,direct,Mobile,4,0,0,0
2026-04-05,Google Shopping,Mobile,3,0,0,0
2025-12-13,Google Search,Tablet,1,0,0,0
2025-01-04,Direct,Desktop,1,1,1,1
2026-01-11,google shopping,Mobile,6,0,0,0
2026-02-21,Affiliate,Tablet,0,0,0,0
2025-10-26,Google  Search,Tablet,1,0,0,0
2025-08-07,Direct,Mobile,0,0,0,0
2025-12-15,Google Search,Desktop,4,0,0,0
2025-02-02,Affiliate,Tablet,0,0,0,0
2025-10-18,Affiliate,Mobile,3,0,0,0
2025-05-31,direct,Mobile,5,3,1,0
2026-06-25,Affiliate,Desktop,1,0,0,0
2025-08-15,Google Shopping,Desktop,3,0,0,0
2025-04-06,EMAIL,Desktop,3,1,0,0
2025-02-03,AFFILIATE,Mobile,0,0,0,0
2026-02-27,affiliate,Desktop,1,0,0,0
2026-01-12,Google Search,Tablet,2,0,0,0
2025-03-21,Email,Mobile,2,0,0,0
2025-12-27,Email,Mobile,2,0,0,0
2025-10-22,Email,Tablet,2,0,0,0
2026-02-01,Organic Search,Desktop,2,0,0,0
2026-05-16,Meta Ads,Mobile,27,0,0,0
2025-07-03,Organic Search,Mobile,7,1,1,0
2026-01-26,Google Search,Mobile,2,0,0,0
2026-04-24,Google Search,Tablet,0,0,0,0
2025-09-19,Email,Mobile,1,0,0,0
2025-10-01,Affiliate,Desktop,3,2,1,1
2025-01-16,Organic_Search,Tablet,2,0,0,0
2025-10-21,Affiliate,Mobile,0,0,0,0
2025-07-08,SEO,Mobile,6,2,1,0
2026-02-19,Organic Search,Desktop,7,1,1,1
2025-03-20,Organic_Search,Desktop,6,0,0,0
2025-06-06,Google Shopping,Mobile,5,0,0,0
2025-01-23,Google Shopping,Desktop,2,0,0,0
2025-01-15,Google Shopping,Mobile,4,0,0,0
2025-03-27,Affiliate,Tablet,1,0,0,0
2025-11-26,GOOGLE SEARCH,Mobile,15,3,2,0
2025-01-07,Affiliate,Desktop,0,0,0,0
2025-05-01,Google Search,Mobile,9,1,1,1
2026-03-22,FB/IG Ads,Desktop,11,0,0,0
2025-06-22,Affiliate,Tablet,0,0,0,0
2025-07-01,Google Search,Desktop,4,0,0,0
2025-11-21,Direct,Mobile,7,1,0,0
2025-02-15,Organic Search,Desktop,4,0,0,0
2025-03-04,GOOGLE SHOPPING,Tablet,0,0,0,0
2025-10-04,Email,Desktop,1,0,0,0
2025-01-10,Google Search,Mobile,5,0,0,0
2026-02-03,Affiliate ,Mobile,4,0,0,0
2026-03-24,Affiliate,Mobile,3,1,1,1
2025-02-05,Affiliate,Mobile,3,0,0,0
2025-07-14,Affiliate,Mobile,1,0,0,0
2026-03-03,Meta Ads,Mobile,11,1,0,0
2025-02-10,Meta Ads,Mobile,12,2,0,0
2025-04-07,Google  Search,Tablet,1,0,0,0
2025-09-21,Affiliate,Desktop,0,0,0,0
2026-01-14,Google Shopping,Mobile,4,0,0,0
2025-09-12,Meta_Ads,Tablet,0,0,0,0
2026-04-01,affiliate,Tablet,0,0,0,0
2025-06-26,Meta Ads,Tablet,2,0,0,0
2026-02-22,Email,Mobile,6,0,0,0
2025-10-10,Google Search,Desktop,6,1,1,0
2026-03-07,meta ads,Tablet,0,0,0,0
2026-05-07,Organic Search,Mobile,11,1,0,0
2025-09-18,SEO,Mobile,12,2,1,0
2025-03-24,affiliate,Desktop,1,0,0,0
2026-03-22,Affiliate,Tablet,1,0,0,0
2026-03-13,Affiliate,Desktop,1,0,0,0
2025-03-17,Organic Search,Tablet,0,0,0,0
2025-08-10,affiliate,Desktop,0,0,0,0
2026-06-07,Meta Ads,Mobile,18,2,0,0
2026-04-04,Meta Ads,Tablet,0,0,0,0
2025-08-13,Email,Desktop,0,0,0,0
2025-09-18,google shopping,Desktop,2,0,0,0
2025-08-24,EMAIL,Mobile,4,0,0,0
2025-12-23,Meta_Ads,Tablet,2,0,0,0
2025-01-24,Organic Search,Mobile,2,2,2,1
2026-01-13,Direct,Desktop,2,0,0,0
2026-03-23,Google Shopping,Tablet,0,0,0,0
2025-06-06,Meta Ads,Mobile,14,0,0,0
2025-01-23,Email,Desktop,3,0,0,0
2025-09-14,Meta Ads,Tablet,2,0,0,0
2026-02-06,Direct,Desktop,2,0,0,0
2025-04-27,Meta Ads,Mobile,10,0,0,0
2026-05-29,Organic Search,Mobile,7,0,0,0
2026-03-11,Organic Search,Tablet,1,0,0,0
2025-05-07,Meta Ads,Mobile,8,0,0,0
2025-04-24,Affiliate,Mobile,0,0,0,0
2026-06-17,Google Shopping,Mobile,13,1,1,0
2025-03-22,Facebook/Instagram Ads,Desktop,5,0,0,0
2025-12-20,AFFILIATE,Mobile,5,2,2,0
2025-12-06,Affiliate,Desktop,3,0,0,0
2025-03-21,Google  Search,Mobile,10,1,1,0
2026-06-23,Google Shopping,Desktop,5,0,0,0
2026-02-10,Google Search,Desktop,2,0,0,0
2025-04-04,Direct,Mobile,3,0,0,0
2025-11-08,Meta Ads,Desktop,11,0,0,0
2025-02-24,Meta Ads,Tablet,3,0,0,0
2026-04-09,EMAIL,Mobile,5,1,0,0
2025-09-30,Email,Tablet,0,0,0,0
2026-02-10,Email Marketing,Tablet,2,0,0,0
2025-10-14,Google Shopping,Tablet,0,0,0,0
2025-01-01,email,Desktop,0,0,0,0
2026-02-10,Meta Ads,Mobile,15,0,0,0
2025-08-03,(direct),Desktop,1,0,0,0
2025-10-21,Google Search,Desktop,3,0,0,0
2025-05-10,Google Shopping,Tablet,2,0,0,0
2026-02-14,Google  Search,Mobile,11,4,3,3
2025-01-26,affiliate,Mobile,3,1,0,0
2025-04-01,Affiliate,Mobile,4,0,0,0
2025-12-12,Organic Search,Mobile,12,1,1,0
2025-12-07,Meta Ads,Desktop,9,0,0,0
2025-12-15,Meta Ads,Mobile,25,0,0,0
2025-03-11,Google Search,Desktop,5,1,1,1
2025-12-10,Organic Search,Tablet,5,1,0,0
2025-11-07,Affiliate,Desktop,2,0,0,0
2025-11-15,Google Shopping,Mobile,7,0,0,0
2026-06-23,Organic Search,Mobile,9,1,0,0
2026-04-27,Meta Ads,Desktop,13,1,1,1
2026-03-04,Direct,Mobile,4,1,1,0
2025-02-12,Google  Search,Tablet,1,0,0,0
2026-04-24,email,Tablet,0,0,0,0
2025-12-20,Google  Search,Mobile,14,1,1,0
2026-06-23,Meta Ads,Desktop,13,1,1,1
2026-06-17,Google Shopping,Desktop,3,1,1,1
2025-02-04,GOOGLE SEARCH,Mobile,4,0,0,0
2026-01-19,Direct,Tablet,0,0,0,0
2026-04-30,Direct,Tablet,0,0,0,0
2025-02-17,Google Search,Tablet,0,0,0,0
2026-04-15,Google Search,Tablet,1,0,0,0
2025-07-16,EMAIL,Tablet,0,0,0,0
2025-08-24,Meta Ads,Tablet,1,0,0,0
2025-05-28,google search,Tablet,1,1,0,0
2026-04-01,email,Mobile,3,0,0,0
2025-06-24,Affiliate,Desktop,3,0,0,0
2025-10-18,Email,Tablet,0,0,0,0
2025-01-27,Google Shopping,Desktop,2,0,0,0
2026-01-11,(direct),Mobile,3,1,1,0
2026-04-23,Meta Ads,Desktop,6,0,0,0
2026-01-26,Organic Search,Desktop,0,0,0,0
2026-02-21,Email,Desktop,3,0,0,0
2026-01-04,Affiliate,Mobile,1,0,0,0
2025-08-12,Google Shopping,Tablet,0,0,0,0
2026-03-27,Direct,Mobile,1,0,0,0
2025-01-26,EMAIL,Tablet,0,0,0,0
2025-08-10,Organic Search,Tablet,1,0,0,0
2025-12-25,Organic Search,Tablet,1,1,1,1
2026-01-26,Google Shopping,Tablet,0,0,0,0
2025-02-17,Direct,Tablet,0,0,0,0
2025-12-30,google shopping,Tablet,0,0,0,0
2025-05-17,Affiliate ,Mobile,1,0,0,0
2025-06-24,Affiliate,Tablet,0,0,0,0
2025-08-09,Google Search,Tablet,2,0,0,0
2026-01-18,Meta Ads,Tablet,0,0,0,0
2026-02-08,Meta Ads,Tablet,4,0,0,0
2025-09-16,organic search,Mobile,6,0,0,0
2026-06-21,Email,Mobile,3,2,2,1
2025-10-27,Direct,Tablet,1,0,0,0
2025-02-01,Email,Tablet,1,0,0,0
2025-02-08,Direct,Tablet,1,0,0,0
2025-10-09,Organic Search,Desktop,3,2,2,2
2026-02-05,Meta Ads,Desktop,15,4,3,1
2025-01-28,Meta Ads,Mobile,10,0,0,0
2025-01-13,Meta_Ads,Tablet,0,0,0,0
2025-02-03,direct,Mobile,2,0,0,0
2025-01-15,meta ads,Tablet,2,0,0,0
2025-10-08,Affiliate,Tablet,0,0,0,0
2025-07-05,Affiliate,Desktop,3,0,0,0
2026-04-27,google search,Mobile,10,0,0,0
2025-04-05,Google Search,Tablet,1,0,0,0
2025-03-31,FB/IG Ads,Tablet,0,0,0,0
2025-03-23,Organic Search,Desktop,4,0,0,0
2025-02-21,email,Desktop,2,0,0,0
2025-01-28,Meta Ads,Desktop,3,1,0,0
2025-05-02,Google Shopping,Tablet,2,0,0,0
2025-02-01,Google Shopping,Mobile,4,0,0,0
2026-06-30,Meta Ads,Mobile,29,0,0,0
2026-04-13,Facebook/Instagram Ads,Desktop,8,0,0,0
2025-08-18,Google Search,Mobile,4,0,0,0
2026-04-09,Google Search,Tablet,2,0,0,0
2025-06-06,Direct,Mobile,5,0,0,0
2025-02-20,Email,Tablet,1,0,0,0
2025-10-19,Organic Search,Desktop,5,1,1,0
2026-05-26,Affiliate,Mobile,3,0,0,0
2025-03-17,Direct,Tablet,0,0,0,0
2025-01-13,google shopping,Mobile,6,0,0,0
2025-05-10,Google Search,Tablet,2,0,0,0
2025-09-16,Google Shopping,Tablet,1,0,0,0
2026-02-02,Organic Search,Mobile,8,1,0,0
2025-08-27,(direct),Tablet,0,0,0,0
2025-08-05,Direct,Mobile,2,1,1,0
2025-10-28,GOOGLE SHOPPING,Desktop,2,0,0,0
2025-04-23,Email,Desktop,2,2,2,0
2026-03-16,Affiliate,Desktop,6,0,0,0
2025-01-10,Organic Search,Tablet,0,0,0,0
2025-06-15,organic search,Desktop,9,1,0,0
2025-05-23,Affiliate,Mobile,1,0,0,0
2026-02-28,(direct),Desktop,2,0,0,0
2025-03-14,Email Marketing,Mobile,6,1,0,0
2025-11-30,Direct,Desktop,1,1,1,1
2025-06-06,Organic_Search,Tablet,4,0,0,0
2025-04-11,Direct,Tablet,1,0,0,0
2025-11-24,Direct,Desktop,5,0,0,0
2025-10-18,Email,Desktop,2,0,0,0
2025-06-07,EMAIL,Desktop,2,0,0,0
2026-02-14,Direct,Desktop,2,0,0,0
2026-06-12,Organic Search,Desktop,1,0,0,0
2025-10-23,EMAIL,Desktop,4,0,0,0
2025-06-16,Google Search,Desktop,5,0,0,0
2025-04-17,Google Shopping,Mobile,2,0,0,0
2025-06-08,Organic Search,Desktop,6,1,0,0
2025-02-24,FB/IG Ads,Mobile,9,0,0,0
2026-05-26,Direct,Desktop,2,0,0,0
2025-08-27,Google Search,Desktop,4,0,0,0
2026-06-15,Email,Mobile,2,1,0,0
2025-09-12,Direct,Desktop,1,0,0,0
2026-06-28,Google Shopping,Desktop,9,0,0,0
2026-06-28,Email,Mobile,5,0,0,0
2025-12-23,Organic Search,Mobile,10,1,1,1
2025-10-18,Google Search,Desktop,2,0,0,0
2025-11-27,Organic Search,Mobile,18,2,1,1
2025-09-23,SEO,Mobile,4,0,0,0
2025-05-02,Google Shopping,Mobile,9,1,1,1
2026-02-24,Affiliate,Tablet,0,0,0,0
2026-03-10,Affiliate,Desktop,1,0,0,0
2025-04-08,Google Shopping,Mobile,7,0,0,0
2025-03-23,Affiliate ,Tablet,1,0,0,0
2026-03-12,Google Search,Tablet,1,0,0,0
2026-04-01,FB/IG Ads,Desktop,16,1,0,0
2026-04-12,Meta Ads,Mobile,20,1,1,1
2025-12-01,Email,Tablet,0,0,0,0
2025-03-16,Google Search,Tablet,0,0,0,0
2025-08-08,Google Shopping,Mobile,10,1,0,0
2025-05-29,Google Shopping,Tablet,4,0,0,0
2025-12-28,Email,Desktop,0,0,0,0
2025-08-21,Google Shopping,Tablet,0,0,0,0
2026-02-15,Direct,Mobile,1,0,0,0
2025-03-17,Google Shopping,Mobile,4,0,0,0
2025-03-08,Direct,Mobile,3,0,0,0
2025-11-12,Google Search,Tablet,2,0,0,0
2025-08-30,Google_Shopping,Mobile,2,0,0,0
2026-03-25,SEO,Mobile,11,2,2,1
2025-06-23,Affiliate,Desktop,0,0,0,0
2025-04-16,EMAIL,Desktop,1,0,0,0
2026-05-11,Affiliate,Mobile,4,0,0,0
2026-02-21,Direct,Tablet,1,0,0,0
2025-09-07,Email,Tablet,0,0,0,0
2025-10-01,Direct,Desktop,6,1,0,0
2026-04-04,Email,Mobile,3,1,0,0
2026-01-02,Google Search,Mobile,5,3,1,0
2025-01-06,(direct),Mobile,2,0,0,0
2026-06-22,AFFILIATE,Tablet,0,0,0,0
2026-03-27,Google_Shopping,Desktop,1,0,0,0
2025-09-30,Organic Search,Desktop,5,0,0,0
2025-05-13,email,Tablet,2,0,0,0
2025-07-11,Meta Ads,Desktop,6,1,1,0
2026-02-28,Meta Ads,Desktop,13,0,0,0
2025-05-19,Direct,Mobile,7,3,3,3
2025-10-03,Affiliate,Desktop,2,0,0,0
2026-03-10,Google Shopping,Tablet,1,0,0,0
2025-12-23,GOOGLE SEARCH,Mobile,13,2,1,0
2026-04-24,google shopping,Mobile,5,1,1,1
2025-06-05,Google Search,Desktop,6,2,1,0
2026-06-23,FB/IG Ads,Tablet,1,0,0,0
2025-05-30,Google Shopping,Mobile,6,0,0,0
2026-02-14,Google Shopping,Tablet,0,0,0,0
2025-12-04,Organic Search,Mobile,7,1,1,1
2025-05-19,Meta Ads,Tablet,4,0,0,0
2025-06-04,Affiliate,Mobile,5,0,0,0
2026-01-30,direct,Desktop,2,0,0,0
2026-06-10,Google Shopping,Mobile,7,0,0,0
2025-08-04,SEO,Tablet,1,0,0,0
2025-02-20,Direct,Tablet,2,0,0,0
2025-09-07,Meta Ads,Desktop,6,0,0,0
2025-06-15,affiliate,Tablet,0,0,0,0
2025-03-21,GOOGLE SHOPPING,Tablet,2,1,0,0
2025-10-27,Affiliate,Mobile,3,0,0,0
2025-05-03,google shopping,Desktop,5,0,0,0
2025-12-10,Direct,Mobile,4,0,0,0
2026-04-22,google shopping,Tablet,0,0,0,0
2025-05-13,Meta Ads,Desktop,5,1,1,1
2026-05-09,google search,Mobile,8,0,0,0
2025-12-18,Meta Ads,Mobile,23,1,0,0
2026-05-30,organic search,Desktop,6,3,1,1
2025-11-15,Organic Search,Desktop,4,0,0,0
2025-12-15,Google  Search,Mobile,11,2,2,0
2025-08-17,Meta Ads,Tablet,0,0,0,0
2026-05-06,Direct,Mobile,3,0,0,0
2026-01-02,Affiliate,Mobile,2,0,0,0
2025-05-12,Google Shopping,Tablet,1,0,0,0
2025-10-13,Affiliate,Mobile,2,0,0,0
2025-01-05,Email,Mobile,5,0,0,0
2025-01-30,Google Search,Mobile,5,0,0,0
2025-07-15,Direct,Desktop,4,0,0,0
2025-03-14,Organic Search,Tablet,1,0,0,0
2025-05-29,Affiliate,Mobile,4,0,0,0
2026-04-12,Meta Ads,Tablet,2,0,0,0
2025-04-14,google search,Desktop,5,1,1,1
2025-05-24,Google Search,Mobile,10,0,0,0
2025-12-30,Affiliate,Tablet,0,0,0,0
2025-12-28,Organic Search,Mobile,5,0,0,0
2026-04-29,EMAIL,Tablet,0,0,0,0
2026-04-28,Meta Ads,Desktop,12,0,0,0
2025-06-19,Meta Ads,Tablet,4,0,0,0
2025-01-14,Email,Mobile,3,0,0,0
2025-02-20,Google Shopping,Desktop,5,0,0,0
2025-12-20,Google Search,Desktop,11,0,0,0
2026-01-15,Email,Mobile,2,0,0,0
2026-05-29,Email,Desktop,4,2,2,1
2026-05-26,Google Shopping,Tablet,2,0,0,0
2025-02-24,Organic Search,Mobile,4,0,0,0
2025-07-08,Google Shopping,Mobile,5,0,0,0
2026-02-24,FB/IG Ads,Mobile,14,1,1,1
2025-07-19,Direct,Tablet,2,0,0,0
2025-02-02,Affiliate,Mobile,4,0,0,0
2025-11-17,AFFILIATE,Desktop,1,0,0,0
2025-09-07,SEO,Tablet,0,0,0,0
2026-06-13,Meta Ads,,1,1,1,1
2025-11-02,Direct,Mobile,8,1,0,0
2025-12-25,Email,Mobile,4,0,0,0
2026-04-27,Meta Ads,Tablet,3,0,0,0
2026-03-04,Meta_Ads,Mobile,16,2,1,1
2026-06-24,Email,Mobile,5,1,1,1
2026-03-03,Affiliate,Mobile,1,0,0,0
2025-06-30,Affiliate,Tablet,0,0,0,0
2025-03-20,Google_Search,Mobile,6,0,0,0
2025-12-31,Affiliate,Mobile,4,0,0,0
2025-12-20,google shopping,Desktop,4,0,0,0
2025-03-09,Organic Search,Tablet,2,0,0,0
2025-10-10,Direct,Mobile,4,0,0,0
2025-08-18,Meta Ads,Mobile,14,0,0,0
2025-08-29,Google_Shopping,Desktop,2,0,0,0
2026-06-13,FB/IG Ads,Desktop,6,0,0,0
2026-04-18,AFFILIATE,Desktop,3,0,0,0
2025-03-23,Affiliate,Desktop,2,0,0,0
2026-05-21,Organic Search,Tablet,3,0,0,0
2025-08-10,Affiliate,Tablet,0,0,0,0
2025-10-31,Meta Ads,Desktop,10,1,0,0
2025-05-09,Meta Ads,Desktop,7,0,0,0
2025-05-03,Email,Mobile,4,1,0,0
2025-12-18,Google Search,Desktop,6,0,0,0
2025-01-23,Affiliate ,Mobile,1,0,0,0
2025-10-08,Google_Search,Mobile,15,1,0,0
2025-10-11,Email,Mobile,6,1,1,0
2025-09-01,Google Search,Mobile,3,1,1,0
2025-12-25,Meta Ads,Mobile,9,0,0,0
2025-05-05,Direct,Desktop,3,1,0,0
2026-02-10,Affiliate,Tablet,0,0,0,0
2025-07-10,Google Shopping,Desktop,5,0,0,0
2025-10-08,Google Shopping,Desktop,4,0,0,0
2025-07-22,Organic Search,Tablet,0,0,0,0
2026-04-13,organic search,Desktop,3,0,0,0
2026-05-27,affiliate,Mobile,2,0,0,0
2025-10-20,Meta Ads,Tablet,0,0,0,0
2026-02-26,Email,Mobile,2,0,0,0
2026-05-23,GOOGLE SHOPPING,Desktop,1,0,0,0
2025-02-01,Google Shopping,Desktop,0,0,0,0
2025-05-20,Meta Ads,Tablet,2,0,0,0
2025-04-03,Organic Search,Desktop,3,0,0,0
2025-07-04,Google Search,Desktop,3,1,1,1
2025-10-01,Email,Tablet,0,0,0,0
2025-06-29,Affiliate ,Desktop,1,0,0,0
2026-02-20,Email,Tablet,0,0,0,0
2025-05-25,Direct,Tablet,0,0,0,0
2025-06-25,Google Search,Desktop,5,0,0,0
2025-03-31,Organic Search,Mobile,4,0,0,0
2025-07-07,Email,Desktop,2,0,0,0
2025-03-29,Organic Search,Tablet,0,0,0,0
2026-05-16,Organic Search,Desktop,11,2,1,1
2025-08-26,Direct,Mobile,3,0,0,0
2025-05-01,Direct,Tablet,1,0,0,0
2026-03-13,FB/IG Ads,Desktop,7,0,0,0
2025-04-30,Organic Search,Tablet,1,0,0,0
2026-03-31,Affiliate,Mobile,2,0,0,0
2026-04-21,Affiliate,Desktop,1,0,0,0
2025-07-29,Email Marketing,Desktop,1,0,0,0
2025-06-03,Organic Search,Tablet,1,0,0,0
2025-03-30,Organic Search,Desktop,5,0,0,0
2026-04-02,email,Desktop,1,0,0,0
2025-01-14,(direct),Tablet,0,0,0,0
2026-01-23,EMAIL,Mobile,1,0,0,0
2026-06-20,Meta Ads,Desktop,14,0,0,0
2026-05-17,Affiliate,Tablet,1,0,0,0
2025-02-05,Google Shopping,Mobile,8,0,0,0
2025-06-20,Organic Search,Tablet,1,0,0,0
2025-12-03,Organic Search,Mobile,16,1,0,0
2025-05-24,Google Shopping,Mobile,3,0,0,0
2026-06-11,Google Shopping,Tablet,0,0,0,0
2026-03-11,Affiliate,Tablet,1,0,0,0
2025-02-25,meta ads,Mobile,10,0,0,0
2025-11-30,Google Search,Desktop,15,0,0,0
2025-02-25,Affiliate,Tablet,0,0,0,0
2025-03-15,Direct,Desktop,3,0,0,0
2025-11-22,Google Search,Tablet,1,0,0,0
2025-12-30,google search,Desktop,0,0,0,0
2026-03-13,Affiliate,Mobile,4,0,0,0
2025-11-18,Email,Tablet,0,0,0,0
2025-03-19,Affiliate ,Desktop,0,0,0,0
2025-08-30,Google Search,Desktop,5,1,0,0
2025-11-18,Affiliate,Desktop,2,1,0,0
2026-05-17,Direct,Mobile,3,0,0,0
2026-06-27,GOOGLE SHOPPING,Tablet,0,0,0,0
2025-12-20,SEO,Mobile,13,1,0,0
2025-02-20,Email,Mobile,4,1,0,0
2025-01-24,Organic Search,Desktop,1,0,0,0
2025-02-18,GOOGLE SHOPPING,Tablet,0,0,0,0
2025-08-31,Google Search,Tablet,0,0,0,0
2025-08-13,Google Search,Tablet,0,0,0,0
2025-02-16,Affiliate,Desktop,1,0,0,0
2025-12-06,Direct,Desktop,5,0,0,0
2025-08-01,email,Desktop,4,0,0,0
2025-07-16,Affiliate,Desktop,1,0,0,0
2025-10-28,Meta Ads,Desktop,7,0,0,0
2025-11-23,Google Search,Mobile,17,2,1,1
2025-02-24,Organic Search,Desktop,0,0,0,0
2026-03-18,Affiliate,Desktop,0,0,0,0
2025-08-31,Organic Search,Mobile,6,1,0,0
2025-05-01,affiliate,Mobile,5,1,1,1
2025-09-14,Meta Ads,Desktop,11,0,0,0
2025-12-21,Organic Search,Mobile,7,0,0,0
2025-03-22,Affiliate,Desktop,0,0,0,0
2026-05-15,Meta Ads,Mobile,21,4,1,1
2025-01-14,Email,Desktop,0,0,0,0
2025-12-06,Email,Desktop,5,1,1,1
2026-04-13,Google Shopping,Tablet,1,0,0,0
2026-02-07,Organic Search,Mobile,10,2,2,1
2026-04-05,Organic Search,Tablet,0,0,0,0
2026-01-02,DIRECT,Desktop,1,0,0,0
2025-10-02,organic search,Tablet,0,0,0,0
2025-12-13,Direct,Mobile,5,1,0,0
2025-03-08,Affiliate,Tablet,0,0,0,0
2025-07-11,Direct,Desktop,0,0,0,0
2025-02-14,Meta Ads,Mobile,3,0,0,0
2026-05-12,Organic Search,Desktop,6,0,0,0
2025-06-06,AFFILIATE,Tablet,0,0,0,0
2025-08-19,Google Search,Mobile,7,0,0,0
2025-10-22,Google Search,Desktop,3,0,0,0
2025-11-17,Organic_Search,Tablet,1,0,0,0
2025-08-14,Organic Search,Mobile,6,2,1,1
2026-05-23,DIRECT,Tablet,0,0,0,0
2025-09-27,Affiliate ,Desktop,0,0,0,0
2026-04-18,Meta Ads,Mobile,21,0,0,0
2025-04-30,Meta Ads,Tablet,2,1,0,0
2025-03-31,Google_Shopping,Desktop,2,0,0,0
2026-01-09,GOOGLE SHOPPING,Desktop,0,0,0,0
2025-09-07,Affiliate,Desktop,0,0,0,0
2026-01-09,Google Search,Tablet,0,0,0,0
2026-02-18,Meta Ads,Mobile,17,1,1,0
2026-03-28,Direct,Tablet,1,0,0,0
2025-03-06,Google Shopping,Tablet,1,0,0,0
2026-04-12,Affiliate,Tablet,1,0,0,0
2026-03-04,Email,Desktop,2,0,0,0
2025-07-23,Direct,Tablet,0,0,0,0
2026-01-15,Organic Search,Desktop,2,1,1,0
2025-08-06,Affiliate,Tablet,2,0,0,0
2025-07-08,GOOGLE SEARCH,Mobile,6,0,0,0
2025-08-12,Email,Mobile,3,0,0,0
2025-09-29,Organic Search,Desktop,7,1,1,0
2025-10-23,(direct),Desktop,0,0,0,0
2026-06-24,Organic Search,Mobile,9,1,0,0
2026-06-07,DIRECT,Desktop,4,0,0,0
2026-01-25,Google Search,Desktop,4,1,0,0
2025-03-15,Email,Mobile,5,0,0,0
2026-01-09,Organic Search,Desktop,3,0,0,0
2025-04-23,Meta Ads,Desktop,11,1,0,0
2025-10-09,Google Search,Tablet,1,0,0,0
2025-05-21,Affiliate,Desktop,1,0,0,0
2025-09-30,Google Search,Tablet,1,1,1,1
2026-01-15,Organic Search,Tablet,0,0,0,0
2026-06-09,Affiliate,Tablet,2,0,0,0
2025-07-24,Email,Mobile,3,1,0,0
2026-04-10,Google Search,Mobile,3,0,0,0
2025-09-26,Email,Mobile,5,0,0,0
2025-02-28,Organic Search,Mobile,4,0,0,0
2026-04-26,Google Search,Desktop,5,1,1,0
2025-12-02,Meta Ads,Desktop,16,0,0,0
2026-01-17,Direct,Tablet,0,0,0,0
2025-12-21,Affiliate,Desktop,3,1,0,0
2025-10-11,Meta Ads,Desktop,9,0,0,0
2026-01-27,Affiliate,Mobile,2,0,0,0
2025-02-23,Affiliate,Tablet,0,0,0,0
2025-05-30,Affiliate ,Tablet,1,0,0,0
2025-01-23,Meta Ads,Tablet,1,0,0,0
2025-06-16,Direct,Tablet,1,0,0,0
2025-08-27,Organic Search,Desktop,3,0,0,0
2026-06-06,Affiliate ,Tablet,0,0,0,0
2025-08-17,Organic Search,Tablet,0,0,0,0
2026-06-22,Organic Search,Tablet,2,0,0,0
2025-09-02,Organic Search,Mobile,2,0,0,0
2025-02-22,GOOGLE SHOPPING,Tablet,1,0,0,0
2025-04-18,Google Search,Tablet,0,0,0,0
2025-06-23,Affiliate,Mobile,1,0,0,0
2025-12-21,Google Shopping,Desktop,5,1,1,1
2025-01-23,Direct,Tablet,0,0,0,0
2025-12-20,Email,Tablet,0,0,0,0
2026-04-23,Google Search,Desktop,6,0,0,0
2025-11-01,direct,Desktop,0,0,0,0
2026-05-23,SEO,Tablet,0,0,0,0
2025-03-16,FB/IG Ads,Tablet,2,0,0,0
2025-09-23,Direct,Mobile,5,0,0,0
2025-06-10,Meta_Ads,Tablet,2,0,0,0
2026-04-30,Meta Ads,Desktop,7,0,0,0
2026-06-12,Google Shopping,Desktop,7,0,0,0
2025-11-15,Affiliate,Tablet,0,0,0,0
2026-04-29,Google Shopping,Desktop,5,1,0,0
2025-01-09,Meta Ads,Mobile,4,0,0,0
2026-04-23,Organic Search,Desktop,5,0,0,0
2025-07-11,Email,Desktop,0,0,0,0
2025-10-21,Google_Shopping,Tablet,2,0,0,0
2025-08-01,Google_Shopping,Tablet,2,0,0,0
2026-02-27,Direct,Desktop,1,0,0,0
2025-08-18,Organic Search,Desktop,5,0,0,0
2025-01-01,EMAIL,Mobile,4,1,0,0
2026-02-10,EMAIL,Desktop,2,0,0,0
2026-02-07,Affiliate,Mobile,5,0,0,0
2026-03-30,Email,Mobile,5,0,0,0
2025-08-23,Meta Ads,Mobile,17,0,0,0
2025-12-20,Organic Search,Desktop,4,0,0,0
2025-10-04,Organic Search,Tablet,1,0,0,0
2025-07-09,Meta Ads,Mobile,9,0,0,0
2025-05-08,Google Search,Tablet,2,0,0,0
2025-12-10,Affiliate,Tablet,0,0,0,0
2026-03-27,SEO,Mobile,5,1,1,1
2025-06-14,Direct,Tablet,0,0,0,0
2025-11-14,Google Shopping,Mobile,10,1,0,0
2026-05-04,Meta Ads,Mobile,22,0,0,0
2026-01-18,Direct,Tablet,1,0,0,0
2025-05-07,Google Shopping,Desktop,3,0,0,0
2025-03-11,Affiliate,Desktop,1,0,0,0
2025-02-10,Google Search,Mobile,9,1,0,0
2025-01-13,Google Search,,6,1,1,0
2025-07-07,affiliate,Desktop,0,0,0,0
2026-05-31,Direct,Mobile,3,0,0,0
2025-11-09,Email,Desktop,2,0,0,0
2025-11-09,Meta Ads,Mobile,9,0,0,0
2026-03-06,Google Shopping,Desktop,5,0,0,0
2025-03-04,Direct,Mobile,1,0,0,0
2025-05-25,(direct),Mobile,4,1,0,0
2026-02-26,Email Marketing,Desktop,0,0,0,0
2026-05-06,FB/IG Ads,Tablet,1,0,0,0
2026-02-15,Google Search,Desktop,5,0,0,0
2025-07-04,Direct,Desktop,1,1,1,1
2026-05-02,Organic Search,Tablet,0,0,0,0
2025-02-02,Direct,Mobile,1,0,0,0
2025-12-22,Affiliate,Mobile,6,0,0,0
2025-11-16,Google Shopping,Desktop,4,0,0,0
2025-11-28,Organic Search,Tablet,4,0,0,0
2025-01-31,Google_Search,Mobile,6,1,0,0
2026-03-28,Organic Search,Mobile,7,1,1,1
2025-07-31,Direct,Desktop,1,0,0,0
2025-06-05,Email,Desktop,3,0,0,0
2025-11-15,Affiliate ,Mobile,0,0,0,0
2025-09-19,Direct,Tablet,0,0,0,0
2025-04-21,Organic Search,Tablet,0,0,0,0
2026-04-14,Direct,Mobile,3,0,0,0
2025-10-13,AFFILIATE,Desktop,1,0,0,0
2025-12-22,Direct,Desktop,2,1,0,0
2025-05-10,Direct,Mobile,0,0,0,0
2025-07-26,Meta Ads,Mobile,7,0,0,0
2025-07-06,Direct,Desktop,0,0,0,0
2025-08-09,Affiliate,Desktop,2,0,0,0
2025-01-14,Meta Ads,Desktop,2,1,1,0
2025-12-29,Email,Desktop,1,0,0,0
2026-04-03,Meta Ads,Desktop,9,1,1,1
2025-04-01,Google Search,Mobile,11,2,2,0
2025-11-10,Organic Search,Tablet,0,0,0,0
2025-02-14,Google Shopping,Tablet,1,0,0,0
2025-03-30,Organic Search,Tablet,1,0,0,0
2025-11-07,email,Desktop,5,0,0,0
2025-07-02,direct,Desktop,1,1,0,0
2026-03-29,Meta Ads,Mobile,19,0,0,0
2025-07-20,Organic Search,Mobile,8,2,1,0
2026-02-13,Google Search,Desktop,7,1,0,0
2025-04-10,Google Search,Desktop,3,1,0,0
2025-07-03,Google Search,Mobile,3,0,0,0
2025-01-03,Google Shopping,Desktop,0,0,0,0
2025-02-21,Email,Tablet,1,0,0,0
2025-03-22,Google Shopping,Tablet,0,0,0,0
2025-07-22,Affiliate,Mobile,0,0,0,0
2025-04-11,Affiliate,Tablet,0,0,0,0
2026-06-02,Organic Search,Mobile,8,0,0,0
2025-11-10,DIRECT,Mobile,5,0,0,0
2025-05-17,Organic Search,Tablet,2,1,1,0
2026-03-17,GOOGLE SEARCH,Desktop,4,0,0,0
2025-04-18,AFFILIATE,Tablet,0,0,0,0
2025-04-03,Google Search,Tablet,2,1,1,1
2025-09-17,Meta Ads,Mobile,13,1,1,0
2025-05-07,Direct,Desktop,2,1,1,0
2026-04-06,email,Tablet,0,0,0,0
2025-05-22,Direct,Desktop,3,0,0,0
2025-04-05,Direct,Desktop,2,0,0,0
2025-01-20,Google Shopping,Desktop,2,0,0,0
2025-01-19,GOOGLE SEARCH,Mobile,6,1,1,0
2026-06-24,Meta Ads,Desktop,12,1,1,1
2025-01-29,Affiliate,Desktop,1,0,0,0
2026-06-03,Google Shopping,Mobile,5,0,0,0
2025-03-31,GOOGLE SHOPPING,Tablet,1,0,0,0
2025-10-15,Direct,Mobile,2,0,0,0
2025-07-18,Direct,Desktop,1,1,0,0
2025-04-26,Meta Ads,Mobile,12,2,1,0
2026-05-04,Affiliate,Tablet,2,0,0,0
2025-12-30,Organic_Search,Desktop,1,0,0,0
2025-04-19,affiliate,Desktop,1,0,0,0
2025-10-05,Google Search,Tablet,3,0,0,0
2025-07-08,Meta Ads,Tablet,0,0,0,0
2025-07-18,Google Search,Tablet,0,0,0,0
2026-02-18,Email,Mobile,13,1,0,0
2026-06-12,meta ads,Tablet,3,0,0,0
2025-11-28,Organic Search,Desktop,7,2,2,1
2025-09-19,Google Shopping,Mobile,4,0,0,0
2025-10-08,Affiliate,Mobile,3,0,0,0
2026-02-11,Meta Ads,Desktop,11,0,0,0
2025-07-22,Facebook/Instagram Ads,Mobile,13,0,0,0
2026-04-11,Meta Ads,Mobile,24,0,0,0
2025-03-21,GOOGLE SEARCH,Tablet,0,0,0,0
2025-03-08,Google_Search,Desktop,6,0,0,0
2025-06-18,Affiliate,Tablet,1,0,0,0
2025-06-04,Email,Tablet,0,0,0,0
2025-07-22,Email,Mobile,3,1,1,1
2026-01-29,Affiliate,Tablet,2,0,0,0
2026-04-22,Email,Tablet,0,0,0,0
2026-06-30,Email,Tablet,0,0,0,0
2025-02-23,Email,Tablet,2,0,0,0
2025-01-08,email,Tablet,0,0,0,0
2026-06-30,Google Shopping,Tablet,1,0,0,0
2025-06-14,Google Search,Mobile,9,1,0,0
2026-05-13,Meta_Ads,Desktop,7,1,0,0
2025-03-03,Email,Desktop,5,2,1,1
2025-05-15,Organic Search,Mobile,10,1,1,1
2026-01-14,AFFILIATE,Mobile,4,2,1,1
2025-04-28,Google Shopping,Tablet,1,0,0,0
2025-09-22,Google Search,Tablet,0,0,0,0
2025-11-11,AFFILIATE,Mobile,0,0,0,0
2025-10-31,(direct),Mobile,5,1,0,0
2025-01-13,Google Search,Tablet,1,0,0,0
2025-01-31,Google Search,Desktop,3,0,0,0
2025-02-19,Meta Ads,Desktop,9,0,0,0
2025-04-10,Organic Search,Desktop,1,0,0,0
2026-02-28,Meta Ads,Tablet,1,0,0,0
2025-08-29,Affiliate,Tablet,0,0,0,0
2025-11-04,direct,Tablet,1,0,0,0
2026-01-29,Direct,Mobile,6,1,0,0
2025-07-06,Google Search,Tablet,0,0,0,0
2025-03-31,Email,Mobile,6,1,0,0
2026-01-06,Google Search,Tablet,0,0,0,0
2025-04-29,organic search,Tablet,0,0,0,0
2026-03-21,organic search,Tablet,2,0,0,0
2026-03-08,Meta Ads,Tablet,1,0,0,0
2025-03-19,Google Search,Tablet,2,0,0,0
2025-01-19,Organic Search,Tablet,1,0,0,0
2026-03-07,Organic Search,Tablet,2,0,0,0
2025-03-24,Google Shopping,Tablet,0,0,0,0
2025-09-21,Affiliate,Mobile,1,1,0,0
2025-02-08,Organic Search,Mobile,9,1,0,0
2025-08-03,Google Search,Tablet,1,0,0,0
2025-04-27,Affiliate,Mobile,5,0,0,0
2025-08-20,meta ads,Tablet,3,0,0,0
2025-07-21,Meta Ads,Desktop,8,0,0,0
2025-07-24,Direct,Mobile,5,0,0,0
2025-06-09,Google Search,Desktop,6,1,0,0
2026-04-15,Google Search,Desktop,7,1,0,0
2026-01-16,(direct),Mobile,4,0,0,0
2026-03-25,google search,Tablet,1,1,1,0
2025-05-30,Organic Search,Desktop,6,1,1,0
2025-04-22,Affiliate,Tablet,0,0,0,0
2026-05-29,Affiliate ,Tablet,1,0,0,0
2026-04-08,Google Search,Tablet,1,0,0,0
2026-06-28,Meta Ads,Mobile,17,2,2,1
2026-05-13,email,Mobile,4,0,0,0
2025-04-04,Meta Ads,Tablet,0,0,0,0
2025-02-12,Email Marketing,Tablet,1,0,0,0
2026-02-06,Meta Ads,Desktop,12,0,0,0
2025-06-13,Organic Search,Tablet,1,0,0,0
2025-07-03,Organic Search,Tablet,0,0,0,0
2025-01-20,Direct,Tablet,1,0,0,0
2026-01-05,Google Shopping,Tablet,2,0,0,0
2026-05-15,Affiliate,Mobile,3,0,0,0
2025-07-31,Affiliate,Tablet,0,0,0,0
2025-08-22,GOOGLE SEARCH,Desktop,9,0,0,0
2026-05-18,Affiliate,Desktop,3,0,0,0
2025-01-05,FB/IG Ads,Desktop,2,0,0,0
2025-04-20,GOOGLE SHOPPING,Desktop,0,0,0,0
2025-07-12,Google Search,Tablet,3,0,0,0
2025-11-10,Google  Search,Tablet,4,1,1,1
2026-01-11,Meta Ads,Mobile,12,0,0,0
2026-03-14,Organic Search,Desktop,7,1,1,0
2025-10-29,Affiliate,Desktop,2,0,0,0
2025-11-07,Direct,Mobile,12,1,0,0
2025-06-16,Meta Ads,Tablet,1,0,0,0
2025-07-10,Organic Search,Mobile,7,1,0,0
2025-08-17,Affiliate,Desktop,0,0,0,0
2026-04-17,Affiliate,Mobile,3,0,0,0
2025-12-02,Affiliate,Desktop,0,0,0,0
2025-01-03,Email Marketing,Mobile,4,0,0,0
2025-07-11,Organic Search,Tablet,1,0,0,0
2025-08-15,organic search,Mobile,3,0,0,0
2025-08-06,Google_Search,Tablet,2,0,0,0
2026-04-19,Affiliate,Desktop,0,0,0,0
2025-12-18,Google Shopping,Mobile,12,2,1,0
2025-03-10,Affiliate,Tablet,0,0,0,0
2025-12-18,FB/IG Ads,Tablet,3,0,0,0
2025-07-15,Google  Search,Mobile,10,0,0,0
2026-04-15,Affiliate,Desktop,1,0,0,0
2025-03-01,google shopping,Desktop,1,0,0,0
2025-11-14,Google Search,Mobile,11,1,1,1
2026-05-21,GOOGLE SEARCH,Desktop,4,0,0,0
2026-01-14,Affiliate,Desktop,1,0,0,0
2026-03-08,Meta Ads,Desktop,15,0,0,0
2025-10-26,Affiliate,Desktop,0,0,0,0
2025-10-25,Meta Ads,Mobile,16,0,0,0
2025-05-13,Affiliate,Mobile,7,0,0,0
2025-03-14,Affiliate,Mobile,0,0,0,0
2026-02-12,AFFILIATE,Desktop,2,1,1,1
2025-12-16,AFFILIATE,Tablet,1,0,0,0
2025-09-17,Direct,Mobile,2,0,0,0
2025-12-28,Meta Ads,Mobile,9,0,0,0
2025-03-12,Facebook/Instagram Ads,Tablet,0,0,0,0
2025-10-23,Organic Search,Desktop,6,1,1,0
2026-05-27,Organic Search,Tablet,1,0,0,0
2025-09-28,(direct),Desktop,3,0,0,0
2026-03-06,GOOGLE SEARCH,Tablet,1,0,0,0
2025-03-28,Google Shopping,Tablet,1,1,1,1
2025-01-02,Email,Tablet,0,0,0,0
2026-05-27,affiliate,Desktop,3,0,0,0
2025-03-23,Google Shopping,Desktop,2,0,0,0
2026-01-07,Google Shopping,Mobile,3,0,0,0
2025-12-20,Email,Mobile,4,1,0,0
2025-04-05,Email,Tablet,1,0,0,0
2025-02-06,Google Search,Desktop,5,1,1,1
2025-01-06,Google Shopping,Mobile,4,1,0,0
2025-01-25,Affiliate,Desktop,0,0,0,0
2025-08-09,Organic Search,Tablet,0,0,0,0
2025-11-24,Direct,Mobile,10,2,1,0
2026-03-24,Email,Mobile,4,1,1,0
2025-10-17,Direct,Mobile,1,0,0,0
2025-11-23,Google Search,Tablet,3,1,1,1
2025-05-22,Direct,Mobile,1,0,0,0
2026-03-16,Google Search,Desktop,2,0,0,0
2025-08-22,Google_Shopping,Mobile,4,0,0,0
2025-10-30,Affiliate,Desktop,2,2,1,1
2025-03-29,Google  Search,Desktop,7,1,0,0
2025-12-01,(direct),Mobile,3,2,2,0
2026-06-28,GOOGLE SEARCH,Desktop,6,0,0,0
2026-06-22,Affiliate,Desktop,4,0,0,0
2025-06-17,Google Search,Desktop,2,1,1,1
2025-04-13,Email,Mobile,4,0,0,0
2025-05-19,Google  Search,Mobile,12,1,1,1
2026-06-09,Google Search,Mobile,7,1,1,0
2025-03-04,Affiliate ,Desktop,2,1,1,0
2025-12-09,Email,Desktop,3,0,0,0
2025-03-16,Affiliate,Tablet,0,0,0,0
2025-11-11,Affiliate,Desktop,2,0,0,0
2025-01-19,Email Marketing,Desktop,0,0,0,0
2026-05-12,organic search,Tablet,1,0,0,0
2025-09-11,Email,Desktop,1,1,0,0
2025-10-09,Meta Ads,Desktop,8,0,0,0
2026-03-15,Organic Search,Mobile,3,0,0,0
2025-05-02,Meta Ads,Mobile,12,1,0,0
2026-02-26,GOOGLE SEARCH,Desktop,6,1,1,1
2026-06-08,Affiliate,Desktop,2,0,0,0
2025-03-04,organic search,Desktop,3,0,0,0
2026-02-05,Organic Search,Mobile,11,2,1,0
2025-10-19,Organic Search,Tablet,1,0,0,0
2026-06-12,Direct,Mobile,2,0,0,0
2026-01-06,Direct,Tablet,0,0,0,0
2025-11-08,EMAIL,Tablet,1,0,0,0
2025-05-11,Affiliate,Desktop,2,0,0,0
2026-02-27,Google Shopping,Tablet,1,0,0,0
2026-06-27,EMAIL,Mobile,3,0,0,0
2025-06-29,Organic Search,Tablet,2,0,0,0
2026-04-13,DIRECT,Desktop,2,0,0,0
2026-06-02,Email,Desktop,6,0,0,0
2025-08-15,Meta Ads,Desktop,11,0,0,0
2025-03-01,Google Shopping,Tablet,0,0,0,0
2025-05-08,Affiliate,Desktop,1,0,0,0
2025-11-25,Google Shopping,Desktop,13,1,1,1
2025-05-31,Direct,Tablet,1,1,1,1
2025-01-24,Affiliate,Mobile,3,1,1,1
2026-05-05,GOOGLE SHOPPING,Mobile,8,0,0,0
2025-11-28,Google Search,Tablet,0,0,0,0
2026-02-16,(direct),Tablet,1,0,0,0
2025-04-22,Google_Search,Tablet,2,0,0,0
2025-12-15,Google Search,Tablet,2,0,0,0
2026-02-06,Affiliate,Desktop,0,0,0,0
2025-05-15,Affiliate ,Mobile,2,0,0,0
2025-01-17,meta ads,Tablet,0,0,0,0
2025-05-17,AFFILIATE,Desktop,0,0,0,0
2026-04-06,Google Shopping,Mobile,7,1,0,0
2026-04-10,Organic Search,Desktop,4,0,0,0
2025-01-08,Google Search,Mobile,7,1,0,0
2026-05-22,Direct,Desktop,0,0,0,0
2026-03-29,Google Search,Mobile,15,2,1,1
2025-03-29,Google Shopping,Mobile,5,1,0,0
2025-04-23,Google Shopping,Desktop,4,0,0,0
2025-09-12,Direct,Mobile,3,1,1,1
2025-02-08,Organic_Search,Desktop,8,0,0,0
2025-10-13,Google Shopping,Tablet,1,0,0,0
2026-03-03,Meta Ads,Tablet,1,0,0,0
2025-01-03,SEO,Tablet,0,0,0,0
2025-04-25,Affiliate,Mobile,1,0,0,0
2025-06-13,Google Shopping,Mobile,6,0,0,0
2025-06-25,Affiliate,Tablet,0,0,0,0
2026-05-20,Meta Ads,Mobile,22,2,0,0
2025-05-25,Meta_Ads,Tablet,0,0,0,0
2025-04-10,Organic Search,Tablet,0,0,0,0
2025-12-01,Google Shopping,Tablet,0,0,0,0
2026-04-02,Email,Mobile,2,0,0,0
2026-01-22,Affiliate,Desktop,0,0,0,0
2025-05-24,Email,Desktop,3,0,0,0
2025-05-18,Google Shopping,Mobile,9,0,0,0
2025-06-18,Google Shopping,Desktop,0,0,0,0
2025-10-23,Organic Search,Tablet,1,0,0,0
2025-06-27,Organic_Search,Tablet,1,0,0,0
2026-01-25,Google Search,Tablet,0,0,0,0
2025-05-08,Google Shopping,Tablet,0,0,0,0
2025-10-06,Affiliate,Tablet,0,0,0,0
2026-03-06,Organic Search,Desktop,2,0,0,0
2025-11-15,Organic_Search,Tablet,2,0,0,0
2025-06-22,Google Search,Desktop,8,1,1,1
2025-03-02,Email Marketing,Tablet,1,0,0,0
2026-05-01,Google Shopping,Mobile,1,0,0,0
2026-02-25,FB/IG Ads,Desktop,13,1,1,0
2025-01-29,Direct,Desktop,0,0,0,0
2025-01-07,Google Shopping,Desktop,3,0,0,0
2026-05-30,Direct,Desktop,3,0,0,0
2025-12-11,Google_Search,Tablet,0,0,0,0
2026-01-17,Affiliate,Tablet,0,0,0,0
2026-04-08,Google Search,Desktop,2,0,0,0
2026-06-09,Email,Tablet,0,0,0,0
2025-03-16,Meta Ads,Desktop,4,0,0,0
2026-01-29,SEO,Mobile,5,1,0,0
2025-06-26,Direct,Mobile,0,0,0,0
2025-04-12,Google Shopping,Mobile,2,0,0,0
2025-12-22,Google  Search,Tablet,0,0,0,0
2025-04-30,FB/IG Ads,Mobile,11,1,1,0
2025-04-08,Google Search,Mobile,5,1,0,0
2025-12-25,Google Shopping,Desktop,2,0,0,0
2026-03-18,Affiliate,Mobile,1,0,0,0
2025-02-18,Google Search,Desktop,5,0,0,0
2025-08-05,Google_Search,Desktop,5,0,0,0
2026-05-03,Google Search,Desktop,7,1,1,1
2026-01-19,Organic Search,Desktop,3,1,1,1
2025-09-29,Google Search,Mobile,12,3,1,1
2025-04-14,Email,Tablet,0,0,0,0
2025-06-01,Meta_Ads,Desktop,8,0,0,0
2026-06-15,Google Shopping,Tablet,2,0,0,0
2026-04-20,GOOGLE SHOPPING,Mobile,5,1,0,0
2025-06-05,Google Shopping,Desktop,4,0,0,0
2026-02-01,Meta Ads,Desktop,11,0,0,0
2025-02-13,Google Search,Desktop,2,0,0,0
2025-10-27,Google_Shopping,Mobile,11,0,0,0
2026-02-23,Google Search,Mobile,8,1,1,1
2025-07-02,Email,Tablet,0,0,0,0
2025-05-20,Direct,Mobile,7,0,0,0
2025-06-02,Email,Mobile,0,0,0,0
2025-05-14,Email,Tablet,0,0,0,0
2026-01-13,Direct,Tablet,0,0,0,0
2025-05-08,Affiliate,Tablet,0,0,0,0
2025-11-03,Affiliate,Tablet,0,0,0,0
2025-09-15,Meta Ads,Tablet,5,0,0,0
2025-09-10,meta ads,Tablet,2,0,0,0
2025-05-12,Direct,Mobile,5,3,2,0
2026-04-25,Meta Ads,Mobile,20,1,1,1
2026-02-02,Google Shopping,Mobile,6,0,0,0
2025-06-26,Meta Ads,Desktop,6,0,0,0
2026-03-20,Organic Search,Tablet,0,0,0,0
2025-02-01,Email,Desktop,5,2,2,0
2026-01-25,Direct,Tablet,0,0,0,0
2025-09-28,Affiliate,Tablet,0,0,0,0
2025-12-01,Facebook/Instagram Ads,Desktop,7,0,0,0
2026-03-11,Email,Tablet,0,0,0,0
2025-02-10,Google_Search,Desktop,6,1,1,0
2026-01-11,GOOGLE SEARCH,Mobile,9,2,2,0
2025-04-09,Organic_Search,Desktop,4,0,0,0
2026-05-09,SEO,Tablet,4,0,0,0
2025-07-22,Google Shopping,Tablet,0,0,0,0
2025-07-17,Google Search,Mobile,8,1,0,0
2026-04-30,Google Search,Mobile,7,1,0,0
2025-07-19,GOOGLE SEARCH,Tablet,2,0,0,0
2026-06-23,Email Marketing,Desktop,2,1,0,0
2025-07-12,Email,Tablet,1,0,0,0
2025-08-22,Organic Search,Desktop,6,0,0,0
2026-04-03,Email,Tablet,0,0,0,0
2025-02-20,Organic Search,Tablet,1,0,0,0
2025-04-07,Google Search,Mobile,12,3,3,2
2026-01-26,Meta Ads,Mobile,11,1,0,0
2025-06-27,Organic Search,Desktop,8,3,1,0
2025-01-10,Affiliate ,Tablet,0,0,0,0
2025-09-18,Google Search,Mobile,8,0,0,0
2025-03-12,Affiliate,Tablet,0,0,0,0
2025-04-28,Google Search,Tablet,0,0,0,0
2025-02-26,Direct,Tablet,1,0,0,0
2026-01-09,Affiliate,Mobile,4,2,0,0
2025-10-15,Google_Search,Desktop,6,1,1,1
2026-03-25,Organic Search,Tablet,1,0,0,0
2025-01-19,Google_Shopping,Desktop,3,0,0,0
2025-11-11,SEO,Mobile,8,0,0,0
2025-08-01,Email,Mobile,6,0,0,0
2025-10-24,GOOGLE SEARCH,Mobile,10,0,0,0
2026-02-04,Direct,Desktop,4,0,0,0
2025-03-13,Meta Ads,Mobile,9,1,1,1
2026-03-03,Google Shopping,Mobile,0,0,0,0
2025-02-07,Google_Search,Tablet,0,0,0,0
2025-12-13,Google Search,Mobile,15,1,0,0
2026-04-19,Affiliate,Mobile,5,1,0,0
2026-04-28,Google Search,Tablet,1,0,0,0
2025-05-11,EMAIL,Mobile,5,1,1,0
2025-12-22,Google Shopping,Mobile,6,0,0,0
2025-11-02,Google Search,Desktop,9,2,1,1
2025-06-12,Meta Ads,Desktop,8,1,1,1
2025-07-02,Organic_Search,Mobile,3,0,0,0
2026-05-20,Google Shopping,Desktop,6,0,0,0
2026-03-01,Google Shopping,Desktop,2,0,0,0
2025-08-06,Email,Desktop,6,0,0,0
2025-12-19,Direct,Desktop,1,0,0,0
2025-11-04,Organic Search,Tablet,0,0,0,0
2026-06-23,Meta Ads,Mobile,22,1,1,0
2026-04-20,Google Search,Mobile,11,1,1,0
2025-09-18,Direct,Desktop,1,0,0,0
2025-01-28,Google_Search,Mobile,5,4,3,1
2025-04-16,affiliate,Tablet,1,0,0,0
2025-09-18,Email,Desktop,5,0,0,0
2025-08-20,Meta Ads,Mobile,18,1,1,0
2025-02-18,GOOGLE SHOPPING,Mobile,7,0,0,0
2025-10-01,Meta Ads,Tablet,1,1,1,1
2025-12-17,Meta Ads,Tablet,2,0,0,0
2025-08-28,Google Search,Desktop,6,1,1,1
2025-09-26,Google Search,Tablet,1,0,0,0
2025-12-19,Meta Ads,Tablet,3,0,0,0
2025-03-04,SEO,Tablet,1,0,0,0
2025-05-25,organic search,Desktop,6,1,1,1
2025-03-24,Email,Tablet,0,0,0,0
2025-12-31,Organic Search,Tablet,0,0,0,0
2025-05-26,Affiliate,Tablet,0,0,0,0
2026-04-01,Google  Search,Tablet,1,0,0,0
2026-05-04,Google Search,Desktop,4,1,1,1
2025-02-07,Email Marketing,Tablet,0,0,0,0
2026-02-11,Organic Search,Desktop,7,1,1,0
2026-02-07,AFFILIATE,Desktop,2,0,0,0
2025-09-26,organic search,Tablet,1,0,0,0
2025-06-20,Affiliate,Mobile,3,1,1,0
2025-01-25,Facebook/Instagram Ads,Desktop,4,0,0,0
2026-06-25,Meta Ads,Tablet,4,1,1,1
2026-06-10,Affiliate,Desktop,2,0,0,0
2026-01-18,Google Search,Desktop,3,0,0,0
2026-02-27,Affiliate,Tablet,0,0,0,0
2026-05-28,Google Search,Desktop,3,0,0,0
2026-06-14,Google Search,Mobile,7,0,0,0
2025-09-28,Google Shopping,Desktop,3,0,0,0
2025-02-19,Affiliate,Mobile,4,0,0,0
2025-06-25,Meta Ads,Mobile,7,0,0,0
2025-08-02,Affiliate,Desktop,5,0,0,0
2025-10-05,Google Search,Desktop,0,0,0,0
2025-09-16,Direct,Mobile,4,1,1,1
2025-01-08,Organic Search,Mobile,8,0,0,0
2025-01-29,Google Search,Desktop,1,0,0,0
2025-05-07,Meta Ads,Desktop,7,0,0,0
2025-08-29,Google_Search,Mobile,10,1,1,0
2025-06-04,Google Shopping,Desktop,3,1,0,0
2025-10-12,email,Desktop,1,0,0,0
2026-01-22,Google Shopping,Mobile,6,1,1,0
2025-01-28,Direct,Mobile,3,1,1,0
2025-03-24,Direct,Desktop,0,0,0,0
2026-06-14,Facebook/Instagram Ads,Mobile,17,1,1,0
2025-05-24,Google Shopping,Desktop,4,1,1,1
2025-02-13,SEO,Mobile,7,0,0,0
2025-07-01,Direct,Tablet,0,0,0,0
2025-04-13,Meta Ads,Desktop,8,0,0,0
2025-07-13,Affiliate,Desktop,1,0,0,0
2026-01-10,Affiliate,Mobile,2,1,1,0
2025-12-17,(direct),Tablet,1,0,0,0
2025-05-21,Direct,Desktop,2,0,0,0
2025-10-23,GOOGLE SEARCH,Mobile,10,4,3,0
2025-12-12,google search,Tablet,2,0,0,0
2026-03-30,Organic_Search,Mobile,10,0,0,0
2026-05-28,Email,Desktop,2,1,0,0
2026-03-08,Organic Search,Desktop,5,1,1,0
2025-01-01,Organic Search,Desktop,3,0,0,0
2025-03-17,GOOGLE SEARCH,Mobile,4,0,0,0
2026-04-13,Organic Search,Tablet,2,0,0,0
2025-12-30,Direct,Tablet,1,0,0,0
2026-03-17,google shopping,Mobile,4,0,0,0
2026-06-26,Email,Desktop,2,0,0,0
2026-01-12,Google Search,Mobile,5,0,0,0
2026-03-06,Organic Search,Tablet,0,0,0,0
2026-06-13,direct,Tablet,1,0,0,0
2025-09-02,GOOGLE SHOPPING,Tablet,0,0,0,0
2025-10-22,Organic Search,Desktop,7,0,0,0
2025-10-11,Facebook/Instagram Ads,Mobile,15,2,2,1
2026-05-22,Affiliate ,Tablet,1,0,0,0
2025-05-29,Google Search,Desktop,8,1,1,1
2025-02-20,Organic Search,Desktop,6,1,0,0
2025-10-10,Email,Tablet,1,1,1,1
2026-03-22,Google Search,Tablet,1,0,0,0
2026-03-23,Direct,Mobile,2,0,0,0
2025-12-30,Email,Mobile,1,0,0,0
2025-01-14,Email,Tablet,1,0,0,0
2026-01-31,Meta Ads,Mobile,7,0,0,0
2025-04-27,Meta Ads,Tablet,1,0,0,0
2026-04-28,AFFILIATE,Mobile,2,0,0,0
2025-10-15,Email Marketing,Mobile,4,1,0,0
2026-02-18,Meta Ads,Desktop,15,0,0,0
2025-08-06,Google Search,Desktop,6,0,0,0
2025-07-07,Organic Search,Tablet,0,0,0,0
2025-03-22,(direct),Desktop,1,0,0,0
2025-06-09,Google  Search,Tablet,0,0,0,0
2026-03-01,Google_Shopping,Mobile,7,0,0,0
2025-10-07,FB/IG Ads,Desktop,9,0,0,0
2026-05-27,Meta Ads,Mobile,26,1,0,0
2026-06-26,Organic Search,Desktop,5,1,0,0
2026-02-27,(direct),Tablet,2,0,0,0
2025-12-08,Affiliate,Tablet,1,0,0,0
2025-06-15,Organic Search,Mobile,9,0,0,0
2025-03-28,Direct,Tablet,0,0,0,0
2025-07-04,Organic Search,Tablet,0,0,0,0
2026-02-06,google shopping,Desktop,2,0,0,0
2026-04-02,Organic Search,Tablet,1,0,0,0
2025-06-23,Meta_Ads,Desktop,10,0,0,0
2026-04-18,Meta Ads,Tablet,2,0,0,0
2025-07-09,Google Search,Desktop,3,0,0,0
2025-08-07,Direct,Tablet,0,0,0,0
2025-11-09,Organic Search,Tablet,1,1,1,0
2025-03-31,Email,Desktop,2,1,0,0
2025-10-20,affiliate,Mobile,3,0,0,0
2025-07-05,FB/IG Ads,Desktop,4,1,0,0
2025-01-25,Google Shopping,Tablet,0,0,0,0
2025-10-21,Email,Mobile,4,0,0,0
2026-06-04,Email,Tablet,1,0,0,0
2025-04-24,Facebook/Instagram Ads,Desktop,3,0,0,0
2025-01-18,DIRECT,Tablet,0,0,0,0
2025-12-18,Organic Search,Mobile,7,0,0,0
2026-03-08,Affiliate,Desktop,4,0,0,0
2026-06-21,GOOGLE SHOPPING,Desktop,5,0,0,0
2025-04-16,FB/IG Ads,Desktop,7,0,0,0
2026-04-03,Google Search,Desktop,7,1,0,0
2025-12-05,Google Search,Desktop,9,1,0,0
2026-03-10,Organic Search,Desktop,5,0,0,0
2025-07-17,Organic Search,Desktop,9,1,1,0
2026-05-17,Affiliate,Desktop,0,0,0,0
2026-04-09,Google Search,Desktop,2,0,0,0
2025-09-02,Google_Search,Tablet,1,0,0,0
2026-02-04,Meta Ads,Mobile,17,2,2,1
2025-08-13,Organic_Search,Desktop,6,1,1,1
2025-01-05,Organic_Search,Mobile,5,0,0,0
2025-09-15,Google Shopping,Desktop,3,0,0,0
2025-11-27,affiliate,Mobile,5,2,2,0
2025-03-23,Google Shopping,Mobile,12,0,0,0
2025-01-02,Organic Search,Tablet,2,0,0,0
2025-12-03,Direct,Mobile,8,1,1,0
2025-08-23,organic search,Desktop,5,0,0,0
2025-11-07,affiliate,Tablet,2,1,1,1
2025-05-19,Affiliate ,Tablet,0,0,0,0
2025-03-18,direct,Desktop,0,0,0,0
2025-08-29,Google Shopping,Tablet,2,1,1,1
2026-06-04,google search,Tablet,1,0,0,0
2025-12-26,Meta Ads,Mobile,8,0,0,0
2026-02-04,DIRECT,Mobile,2,1,0,0
2025-03-23,GOOGLE SHOPPING,Tablet,0,0,0,0
2025-09-24,Affiliate,Mobile,4,0,0,0
2025-04-22,Meta Ads,Mobile,12,0,0,0
2025-07-04,Email,Desktop,1,0,0,0
2025-01-19,Direct,Tablet,0,0,0,0
2025-08-01,Google Shopping,Mobile,7,0,0,0
2026-04-13,Organic Search,Mobile,2,0,0,0
2025-10-13,Direct,Mobile,2,0,0,0
2025-09-12,Organic Search,Mobile,4,0,0,0
2025-02-28,Direct,Desktop,0,0,0,0
2026-06-15,organic search,Desktop,4,0,0,0
2026-05-19,Google Shopping,Desktop,5,0,0,0
2026-06-21,Email,Tablet,0,0,0,0
2025-02-08,Google Shopping,Tablet,1,1,0,0
2025-01-08,Direct,Mobile,5,0,0,0
2025-05-30,Organic Search,Tablet,1,0,0,0
2026-03-02,SEO,Tablet,3,0,0,0
2025-03-13,Direct,Mobile,5,0,0,0
2025-06-26,EMAIL,Tablet,3,1,0,0
2026-01-05,Affiliate,Tablet,0,0,0,0
2025-02-12,Email,Desktop,6,0,0,0
2025-03-12,Direct,Desktop,0,0,0,0
2025-01-12,Email,Tablet,0,0,0,0
2025-07-19,GOOGLE SHOPPING,Mobile,2,1,0,0
2025-05-09,Google Search,Mobile,11,1,0,0
2025-07-23,Google Shopping,Desktop,2,0,0,0
2025-06-07,Organic Search,Desktop,10,1,0,0
2025-02-19,Organic Search,Mobile,4,0,0,0
2026-04-24,Organic Search,Mobile,10,1,1,0
2026-03-20,Affiliate,Tablet,0,0,0,0
2026-03-26,Email,Mobile,4,1,1,1
2025-08-13,Meta Ads,Desktop,5,0,0,0
2026-03-21,Google_Search,Tablet,0,0,0,0
2026-02-14,Email,Mobile,5,0,0,0
2025-05-27,Google Shopping,Tablet,1,0,0,0
2025-10-11,email,Tablet,0,0,0,0
2026-01-23,Organic Search,Tablet,0,0,0,0
2025-07-07,Direct,Tablet,0,0,0,0
2026-05-23,Organic Search,Desktop,5,0,0,0
2025-01-10,Google Shopping,Desktop,1,0,0,0
2025-10-04,Direct,Tablet,0,0,0,0
2026-02-26,Meta Ads,Mobile,21,0,0,0
2025-12-15,Meta Ads,Tablet,2,0,0,0
2026-05-03,Meta Ads,Mobile,19,0,0,0
2026-05-11,Meta Ads,Desktop,9,0,0,0
2025-04-27,organic search,Mobile,4,0,0,0
2025-01-25,Email,Desktop,4,0,0,0
2025-01-05,Affiliate,Mobile,1,0,0,0
2026-03-10,Affiliate,Mobile,2,0,0,0
2025-06-26,Organic Search,Mobile,12,2,1,0
2026-05-02,Direct,Tablet,0,0,0,0
2025-12-23,Direct,Mobile,8,0,0,0
2025-09-19,Organic Search,Desktop,6,0,0,0
2025-12-28,Google Shopping,Mobile,4,1,0,0
2025-05-03,meta ads,Mobile,9,0,0,0
2025-10-14,Direct,Desktop,3,1,0,0
2025-09-05,Google Shopping,Tablet,0,0,0,0
2025-02-05,Google Shopping,Desktop,2,0,0,0
2025-04-05,Organic Search,Desktop,4,0,0,0
2025-04-07,Organic Search,Tablet,0,0,0,0
2025-05-26,Direct,Tablet,0,0,0,0
2025-12-03,Google Shopping,Desktop,3,2,2,2
2025-04-11,Google_Shopping,Desktop,2,0,0,0
2025-12-04,Google Shopping,Mobile,8,2,2,0
2026-01-22,meta ads,Desktop,7,2,0,0
2025-03-19,Google Search,Mobile,5,1,1,1
2025-11-28,Google  Search,Desktop,7,2,1,0
2025-07-06,Affiliate,Desktop,0,0,0,0
2026-02-20,Meta Ads,Tablet,1,0,0,0
2025-08-26,Affiliate,Desktop,1,0,0,0
2025-12-06,Affiliate,Mobile,2,1,1,0
2025-07-30,organic search,Mobile,2,0,0,0
2025-01-14,Direct,Mobile,2,0,0,0
2025-07-15,Organic Search,Tablet,1,0,0,0
2026-02-22,Email,Desktop,3,0,0,0
2025-07-15,Organic Search,Desktop,3,0,0,0
2025-03-01,Affiliate,Desktop,3,0,0,0
2025-01-29,Email,Mobile,0,0,0,0
2025-05-23,Email Marketing,Tablet,0,0,0,0
2025-11-26,Organic_Search,Desktop,7,1,1,1
2025-10-28,Meta Ads,Mobile,14,0,0,0
2025-10-14,Affiliate,Mobile,1,0,0,0
2026-04-28,google search,Mobile,9,0,0,0
2025-02-23,Meta Ads,Mobile,10,1,1,1
2025-11-21,Email,Desktop,5,2,0,0
2025-05-13,Affiliate,Tablet,0,0,0,0
2025-12-25,Affiliate,Desktop,0,0,0,0
2025-11-27,Email,Mobile,12,0,0,0
2025-11-18,Google Shopping,Tablet,1,0,0,0
2026-05-16,Email,Tablet,0,0,0,0
2025-07-30,Direct,Mobile,4,0,0,0
2025-12-02,Meta Ads,Tablet,1,0,0,0
2025-04-08,Direct,Tablet,2,1,1,1
2026-01-19,direct,Mobile,4,0,0,0
2025-07-22,Direct,Desktop,2,0,0,0
2025-05-04,Meta_Ads,Mobile,15,0,0,0
2026-04-21,Google Search,Mobile,7,0,0,0
2025-09-05,Email,Tablet,1,0,0,0
2025-12-18,DIRECT,Tablet,1,0,0,0
2025-05-23,Organic Search,Mobile,6,0,0,0
2025-10-08,Organic Search,Tablet,1,0,0,0
2025-09-08,Organic Search,Tablet,1,0,0,0
2025-02-28,Google Shopping,Mobile,2,0,0,0
2026-06-19,Google_Shopping,Tablet,1,1,0,0
2025-05-20,Direct,Tablet,0,0,0,0
2025-05-10,Google Shopping,Mobile,4,0,0,0
2025-02-06,organic search,Tablet,1,0,0,0
2026-03-09,Affiliate,Mobile,2,1,1,0
2025-04-22,Affiliate,Mobile,3,0,0,0
2025-09-26,Google Shopping,Mobile,4,0,0,0
2025-07-18,Organic Search,Desktop,5,0,0,0
2025-12-29,Direct,Mobile,1,0,0,0
2025-10-17,AFFILIATE,Mobile,2,0,0,0
2026-01-01,Affiliate ,Mobile,2,0,0,0
2026-02-21,Organic Search,Tablet,0,0,0,0
2026-02-11,Email,Mobile,4,0,0,0
2025-08-14,EMAIL,Desktop,4,1,1,1
2025-08-11,Organic_Search,Mobile,7,0,0,0
2026-06-20,Google  Search,Mobile,2,0,0,0
2025-07-10,Organic Search,Desktop,3,0,0,0
2025-10-20,Organic_Search,Mobile,10,1,1,0
2025-06-03,affiliate,Mobile,0,0,0,0
2025-08-31,Google Shopping,Tablet,0,0,0,0
2025-11-03,Affiliate,Mobile,2,1,0,0
2026-04-06,Direct,Mobile,1,0,0,0
2025-05-07,Email,Mobile,5,1,0,0
2025-06-05,Email,Tablet,1,0,0,0
2025-01-06,Direct,Desktop,4,1,1,1
2025-03-18,Affiliate ,Mobile,4,1,1,0
2025-05-04,AFFILIATE,Desktop,0,0,0,0
2025-12-31,Google Shopping,Tablet,0,0,0,0
2025-04-22,Email,Desktop,2,0,0,0
2025-02-12,Affiliate,Desktop,1,0,0,0
2026-02-24,Email,Mobile,3,0,0,0
2026-01-14,Organic Search,Tablet,2,0,0,0
2026-01-10,Organic Search,Tablet,1,0,0,0
2025-06-29,Google Shopping,Desktop,2,0,0,0
2025-09-10,Meta Ads,Mobile,12,3,2,1
2025-07-18,Organic Search,Mobile,8,0,0,0
2025-05-03,Direct,Tablet,2,0,0,0
2025-04-15,Meta Ads,Tablet,0,0,0,0
2025-05-13,Google Shopping,Tablet,0,0,0,0
2025-04-10,affiliate,Desktop,2,0,0,0
2026-02-23,Direct,Desktop,0,0,0,0
2026-02-08,direct,Mobile,5,0,0,0
2025-09-20,EMAIL,Desktop,2,2,0,0
2025-10-08,Google_Search,Tablet,0,0,0,0
2026-06-24,Google Search,Mobile,12,2,1,0
2026-05-28,Google Shopping,Tablet,0,0,0,0
2025-11-01,organic search,Desktop,4,0,0,0
2026-02-27,Google  Search,Mobile,5,0,0,0
2025-02-20,Affiliate,Tablet,0,0,0,0
2025-11-30,email,Desktop,1,0,0,0
2025-06-26,Affiliate,Desktop,0,0,0,0
2026-02-21,Organic Search,Desktop,1,0,0,0
2025-04-03,Direct,Mobile,2,0,0,0
2025-01-29,Organic Search,Desktop,2,0,0,0
2025-09-02,Meta_Ads,Mobile,26,2,0,0
2026-01-29,Direct,Desktop,2,0,0,0
2025-07-06,Direct,Tablet,0,0,0,0
2025-04-22,Meta Ads,Desktop,13,1,1,0
2026-06-08,Direct,Tablet,0,0,0,0
2025-07-28,Google Search,Desktop,3,1,1,1
2026-05-01,Google Shopping,Tablet,0,0,0,0
2025-06-06,Google Shopping,Desktop,3,0,0,0
2026-04-27,Direct,Desktop,1,0,0,0
2025-01-11,Google Shopping,Desktop,1,0,0,0
2026-04-11,Meta Ads,Tablet,3,0,0,0
2025-02-21,Direct,Desktop,5,0,0,0
2025-11-06,affiliate,Tablet,0,0,0,0
2025-09-07,Direct,Desktop,2,0,0,0
2025-07-10,Google Search,Mobile,5,0,0,0
2025-10-29,(direct),Mobile,4,0,0,0
2025-12-27,Google Search,Mobile,3,0,0,0
2025-12-06,GOOGLE SHOPPING,Mobile,6,0,0,0
2025-03-10,Organic Search,Tablet,1,0,0,0
2025-01-19,Affiliate,Desktop,0,0,0,0
2026-01-13,Meta Ads,Desktop,8,0,0,0
2025-02-03,Google Shopping,Desktop,1,0,0,0
2025-07-19,Direct,Mobile,2,0,0,0
2026-03-26,Google  Search,Tablet,3,0,0,0
2026-01-02,Email,Desktop,1,0,0,0
2025-06-25,Email,Mobile,7,1,1,1
2026-04-23,Affiliate,Mobile,5,1,0,0
2025-03-09,affiliate,Mobile,3,0,0,0
2025-08-28,Affiliate,Tablet,0,0,0,0
2025-01-09,Direct,Desktop,1,1,0,0
2025-10-29,meta ads,Desktop,15,0,0,0
2026-04-28,meta ads,Tablet,0,0,0,0
2025-01-10,Email,Desktop,4,0,0,0
2026-01-29,Affiliate,Mobile,0,0,0,0
2025-05-31,Affiliate ,Desktop,6,0,0,0
2026-03-26,email,Desktop,2,0,0,0
2025-10-19,Google Search,Tablet,1,0,0,0
2025-01-22,GOOGLE SHOPPING,Mobile,5,0,0,0
2025-01-19,Google Search,Desktop,4,1,1,1
2025-03-11,email,Tablet,0,0,0,0
2026-01-29,(direct),Tablet,1,0,0,0
2025-06-02,Direct,Mobile,3,1,1,0
2026-04-05,Organic Search,Desktop,3,0,0,0
2026-02-27,Google Shopping,Mobile,3,0,0,0
2026-03-16,Google Shopping,Tablet,1,0,0,0
2025-08-23,Meta Ads,Tablet,0,0,0,0
2025-11-30,SEO,Desktop,10,0,0,0
2025-10-24,SEO,Desktop,4,1,0,0
2025-04-17,EMAIL,Desktop,1,0,0,0
2026-04-16,Google Search,Desktop,6,0,0,0
2025-06-20,FB/IG Ads,Desktop,8,0,0,0
2025-09-06,Affiliate,Desktop,2,0,0,0
2026-02-10,affiliate,Desktop,2,0,0,0
2025-08-16,Direct,Tablet,1,0,0,0
2026-02-22,Organic Search,Desktop,5,1,1,0
2026-03-11,Email,Desktop,4,2,1,1
2026-03-12,google shopping,Desktop,4,2,0,0
2025-09-09,Google_Shopping,Tablet,0,0,0,0
2026-02-21,Google Shopping,Mobile,3,0,0,0
2026-03-04,affiliate,Desktop,0,0,0,0
2025-10-17,Meta Ads,Desktop,14,0,0,0
2025-02-10,Organic Search,Desktop,6,1,0,0
2025-03-01,Organic Search,Mobile,8,2,0,0
2025-04-17,Google Search,Desktop,4,0,0,0
2025-06-24,SEO,Mobile,6,2,2,1
2025-11-07,Google Shopping,Tablet,1,0,0,0
2026-03-12,Facebook/Instagram Ads,Tablet,1,0,0,0
2026-03-07,direct,Desktop,0,0,0,0
2025-02-22,Email,Mobile,4,0,0,0
2025-03-13,Affiliate,Mobile,3,0,0,0
2025-01-02,Email,Desktop,4,0,0,0
2025-02-05,Email,Mobile,2,0,0,0
2025-07-31,Meta Ads,Mobile,16,0,0,0
2025-06-08,Organic Search,Tablet,2,0,0,0
2025-12-22,AFFILIATE,Desktop,0,0,0,0
2026-04-22,google shopping,Mobile,10,2,2,1
2025-05-15,Email Marketing,Mobile,2,1,0,0
2026-03-27,Google Shopping,Tablet,0,0,0,0
2025-02-17,Meta Ads,Desktop,3,0,0,0
2025-09-10,Organic Search,Desktop,2,0,0,0
2025-03-19,Google Shopping,Tablet,0,0,0,0
2026-02-22,Google Search,Tablet,3,0,0,0
2026-05-13,AFFILIATE,Mobile,5,1,1,1
2026-06-20,Google Shopping,Tablet,1,0,0,0
2025-02-19,google shopping,Tablet,0,0,0,0
2025-04-19,Google Shopping,Mobile,9,1,1,1
2025-09-22,Meta_Ads,Desktop,9,0,0,0
2025-11-15,Meta Ads,Tablet,4,0,0,0
2026-06-24,Google Shopping,Tablet,1,0,0,0
2025-11-20,Google Search,Desktop,8,1,1,0
2025-02-20,Email,Desktop,2,0,0,0
2025-04-22,Direct,Desktop,4,0,0,0
2026-06-20,Meta Ads,Tablet,2,0,0,0
2025-04-07,Google Shopping,Desktop,1,0,0,0
2025-06-28,(direct),Desktop,2,0,0,0
2026-05-27,Google Shopping,Tablet,3,0,0,0
2025-03-20,Affiliate,Tablet,0,0,0,0
2025-11-03,Google Search,Mobile,12,0,0,0
2026-06-08,GOOGLE SHOPPING,Mobile,7,0,0,0
2025-01-12,Affiliate ,Mobile,2,0,0,0
2025-06-03,Affiliate ,Tablet,0,0,0,0
2026-06-27,Google Shopping,Mobile,9,0,0,0
2025-02-22,Google Search,Tablet,0,0,0,0
2025-04-20,FB/IG Ads,Desktop,7,1,0,0
2026-06-04,Meta Ads,Desktop,13,3,2,1
2025-09-17,Google Search,Desktop,4,0,0,0
2025-04-09,Email,Mobile,2,1,0,0
2026-04-26,Google Shopping,Desktop,1,0,0,0
2025-08-15,google shopping,Mobile,6,0,0,0
2025-11-17,email,Mobile,3,1,1,1
2026-05-04,Meta Ads,Desktop,10,1,1,1
2025-05-01,Google Shopping,Mobile,5,0,0,0
2025-04-21,Email,Desktop,2,0,0,0
2025-06-11,Meta Ads,Desktop,5,0,0,0
2025-11-01,Meta Ads,Desktop,7,0,0,0
2025-01-11,Email,Desktop,2,0,0,0
2025-02-03,Google Shopping,Mobile,3,0,0,0
2025-08-09,Email,Tablet,0,0,0,0
2025-02-07,EMAIL,Mobile,5,1,0,0
2026-03-06,Meta Ads,Tablet,3,0,0,0
2025-04-10,Direct,Tablet,0,0,0,0
2025-01-16,Google Shopping,Desktop,0,0,0,0
2025-03-04,Affiliate,Tablet,0,0,0,0
2025-04-23,Email,Mobile,1,0,0,0
2025-05-12,Meta Ads,Tablet,3,1,0,0
2025-02-20,Meta Ads,Tablet,5,1,0,0
2025-03-20,Email,Desktop,6,1,0,0
2025-06-29,Direct,Mobile,3,2,1,0
2025-02-15,FB/IG Ads,Mobile,6,0,0,0
2025-06-28,Affiliate,Tablet,0,0,0,0
2025-10-17,Organic Search,Desktop,6,0,0,0
2025-09-24,google search,Desktop,5,0,0,0
2026-02-04,Google Shopping,Tablet,0,0,0,0
2025-08-08,Google Shopping,Tablet,1,0,0,0
2025-10-25,Google Shopping,Desktop,4,0,0,0
2025-12-25,Direct,Mobile,3,0,0,0
2025-11-13,Google  Search,Tablet,0,0,0,0
2025-11-05,Affiliate,Mobile,8,0,0,0
2025-12-31,Google Shopping,Desktop,2,1,1,0
2026-05-06,Google Shopping,Desktop,2,1,0,0
2026-05-26,Meta Ads,Desktop,14,0,0,0
2025-08-30,organic search,Tablet,1,0,0,0
2025-08-04,google shopping,Mobile,7,1,0,0
2025-11-01,Affiliate,Tablet,1,1,1,1
2025-04-23,Google Search,Desktop,2,1,0,0
2025-03-02,Google Search,Tablet,0,0,0,0
2026-04-17,Meta Ads,Tablet,1,0,0,0
2026-04-24,Affiliate,Tablet,0,0,0,0
2025-12-15,GOOGLE SHOPPING,Mobile,12,1,0,0
2025-05-02,Email,Desktop,5,0,0,0
2026-03-03,Direct,Tablet,0,0,0,0
2025-08-21,Google Shopping,Mobile,3,0,0,0
2025-05-14,Affiliate,Mobile,1,0,0,0
2025-07-04,meta ads,Desktop,7,1,0,0
2025-12-04,Email,Tablet,1,0,0,0
2025-07-21,Direct,Tablet,0,0,0,0
2025-01-18,Direct,Mobile,4,0,0,0
2025-02-11,Meta Ads,Desktop,5,0,0,0
2025-01-11,Google Search,Desktop,1,0,0,0
2025-04-12,Google Shopping,Desktop,4,0,0,0
2025-10-28,Google Shopping,Mobile,6,0,0,0
2025-09-29,DIRECT,Mobile,4,0,0,0
2025-03-06,Email,Mobile,5,0,0,0
2026-01-28,Direct,Desktop,2,0,0,0
2025-03-19,direct,Tablet,1,1,1,0
2026-04-26,Direct,Mobile,1,0,0,0
2025-01-13,Google Search,Desktop,4,1,0,0
2025-12-24,Email,Tablet,1,0,0,0
2025-06-15,Email,Tablet,0,0,0,0
2026-03-04,Facebook/Instagram Ads,Tablet,1,0,0,0
2025-01-04,Email,Mobile,2,0,0,0
2025-09-16,Affiliate,Mobile,1,0,0,0
2025-07-14,Email,Tablet,1,0,0,0
2025-08-03,Email,Tablet,1,0,0,0
2025-01-06,Google Search,Mobile,6,0,0,0
2026-02-07,Google Search,Mobile,9,1,0,0
2025-11-25,Organic Search,Tablet,1,0,0,0
2025-05-05,Email,Mobile,1,1,0,0
2025-05-06,Direct,Mobile,2,0,0,0
2025-11-30,Affiliate,Mobile,2,0,0,0
2026-04-23,Google Search,Tablet,2,0,0,0
2025-07-20,Meta Ads,Mobile,10,0,0,0
2026-04-10,Affiliate,Tablet,0,0,0,0
2025-11-25,Organic Search,Mobile,16,1,1,1
2025-10-04,Google Search,Desktop,5,2,2,0
2025-05-16,Meta Ads,Tablet,5,0,0,0
2026-03-17,Affiliate ,Tablet,0,0,0,0
2025-09-10,Google Shopping,Desktop,2,0,0,0
2025-01-23,Meta Ads,Mobile,9,0,0,0
2025-04-07,Meta Ads,Mobile,13,2,1,0
2026-04-12,Email,Tablet,2,0,0,0
2025-11-19,email,Desktop,1,0,0,0
2026-02-17,email,Desktop,2,0,0,0
2025-12-24,Google Shopping,Mobile,11,0,0,0
2025-07-12,google shopping,Mobile,5,0,0,0
2025-02-14,Direct,Mobile,2,1,1,1
2026-02-25,Organic Search,Tablet,1,0,0,0
2025-04-18,Google Search,Desktop,3,0,0,0
2025-10-17,Email,Desktop,3,1,0,0
2026-06-11,Affiliate,Desktop,3,0,0,0
2026-03-19,Organic Search,Mobile,7,0,0,0
2025-04-20,Google Search,Tablet,1,0,0,0
2025-02-22,DIRECT,Desktop,1,0,0,0
2025-06-13,Google Search,Tablet,1,0,0,0
2025-03-16,organic search,Tablet,0,0,0,0
2026-03-07,Google Shopping,Tablet,2,0,0,0
2025-03-07,Meta Ads,Desktop,5,0,0,0
2025-01-13,Meta Ads,Desktop,4,0,0,0
2025-12-14,Google Shopping,Desktop,6,0,0,0
2026-01-08,GOOGLE SEARCH,Tablet,0,0,0,0
2025-02-09,Meta Ads,Tablet,3,0,0,0
2025-03-06,Google Search,Desktop,5,2,1,1
2026-05-06,Affiliate,Desktop,3,0,0,0
2026-01-24,Facebook/Instagram Ads,Desktop,9,0,0,0
2025-12-20,Meta Ads,Desktop,14,0,0,0
2025-04-07,Email,Tablet,1,0,0,0
2025-09-23,Direct,Desktop,1,0,0,0
2026-02-25,Email Marketing,Tablet,0,0,0,0
2026-01-16,email,Desktop,2,0,0,0
2025-05-10,Email,Mobile,7,0,0,0
2025-08-03,GOOGLE SHOPPING,Mobile,3,0,0,0
2026-03-06,Meta Ads,Mobile,20,0,0,0
2026-05-04,Email,Tablet,3,1,1,1
2025-11-02,Meta Ads,Mobile,19,0,0,0
2025-08-28,Email,Tablet,0,0,0,0
2026-01-13,Google Search,Tablet,0,0,0,0
2025-02-07,Organic Search,Mobile,9,0,0,0
2026-01-25,Affiliate,Tablet,0,0,0,0
2026-03-20,Google Search,Tablet,1,0,0,0
2025-08-10,organic search,Desktop,4,1,1,1
2025-07-25,EMAIL,Desktop,2,1,1,1
2026-02-20,Affiliate,Mobile,2,0,0,0
2026-06-23,(direct),Mobile,2,0,0,0
2026-03-05,Google Shopping,Mobile,6,0,0,0
2025-06-15,Google Shopping,Desktop,5,0,0,0
2025-07-09,email,Mobile,5,0,0,0
2025-08-11,Affiliate,Mobile,3,1,0,0
2025-08-01,Direct,Mobile,0,0,0,0
2025-12-12,Direct,Tablet,0,0,0,0
2026-05-24,Google Search,Tablet,2,0,0,0
2025-03-28,Google_Shopping,Desktop,4,0,0,0
2026-03-21,Meta Ads,Desktop,15,1,1,0
2026-04-14,Meta Ads,Desktop,17,1,1,0
2025-02-18,Meta Ads,Desktop,2,1,1,1
2026-04-14,google shopping,Mobile,5,1,1,0
2025-12-04,Direct,Desktop,5,0,0,0
2025-12-29,Google Shopping,Tablet,1,0,0,0
2025-09-17,Google Shopping,Mobile,6,2,1,1
2025-08-28,Google Shopping,Mobile,6,1,0,0
2025-09-20,organic search,Desktop,6,0,0,0
2025-09-11,Email,Mobile,5,2,1,0
2025-02-25,Organic Search,Mobile,4,1,1,1
2025-08-20,Meta Ads,Desktop,3,0,0,0
2025-12-14,Affiliate,Mobile,3,0,0,0
2025-11-12,Affiliate,Mobile,4,0,0,0
2026-05-04,SEO,Desktop,5,0,0,0
2025-05-10,Affiliate,Desktop,1,0,0,0
2025-05-04,Organic Search,Desktop,4,1,1,1
2025-09-21,Google Search,Desktop,4,0,0,0
2025-01-02,direct,Tablet,1,0,0,0
2026-02-03,Affiliate,Tablet,1,0,0,0
2026-04-23,Direct,Desktop,2,0,0,0
2025-08-07,Email Marketing,Mobile,4,0,0,0
2026-04-09,Direct,Tablet,0,0,0,0
2025-02-16,Organic Search,Tablet,1,0,0,0
2025-12-11,direct,Tablet,1,0,0,0
2025-09-25,Email Marketing,Mobile,3,0,0,0
2026-01-05,Affiliate,Mobile,5,1,1,1
2026-02-10,Direct,Mobile,7,1,1,1
2025-01-20,Organic Search,Tablet,0,0,0,0
2025-02-10,Email,Mobile,3,0,0,0
2026-03-16,Direct,Mobile,6,0,0,0
2025-09-17,Meta Ads,Tablet,1,0,0,0
2026-06-18,Affiliate,Desktop,5,0,0,0
2025-02-27,Direct,Tablet,0,0,0,0
2025-07-15,affiliate,Tablet,0,0,0,0
2025-11-12,Email,Desktop,4,0,0,0
2026-03-25,AFFILIATE,Tablet,0,0,0,0
2026-01-02,organic search,Mobile,11,0,0,0
2025-10-10,Organic Search,Tablet,0,0,0,0
2026-04-08,Google Shopping,Mobile,4,0,0,0
2025-12-26,EMAIL,Mobile,4,0,0,0
2026-06-06,email,Desktop,1,0,0,0
2025-02-17,Affiliate,Tablet,0,0,0,0
2025-12-28,Google Shopping,Tablet,1,0,0,0
2025-03-20,Facebook/Instagram Ads,Mobile,15,0,0,0
2025-06-07,google search,Mobile,13,1,0,0
2026-05-17,Organic Search,Mobile,9,1,1,0
2025-11-23,Organic Search,Desktop,6,0,0,0
2025-07-26,SEO,Tablet,0,0,0,0
2025-12-14,Google Shopping,Tablet,0,0,0,0
2025-12-11,Affiliate,Mobile,2,0,0,0
2025-05-31,Organic Search,Mobile,4,0,0,0
2025-12-16,Email,Mobile,3,0,0,0
2026-01-28,Email,Desktop,1,0,0,0
2025-07-31,FB/IG Ads,Tablet,2,0,0,0
2025-07-23,Google Search,Mobile,6,0,0,0
2026-02-11,Affiliate,Desktop,1,0,0,0
2026-06-21,Direct,Tablet,3,0,0,0
2026-04-16,Google Shopping,Mobile,6,1,1,0
2025-09-03,Email,Desktop,2,0,0,0
2025-11-18,Google Shopping,Desktop,3,0,0,0
2026-03-28,Organic Search,Desktop,2,1,0,0
2026-05-19,Organic Search,Tablet,0,0,0,0
2026-02-02,EMAIL,Tablet,0,0,0,0
2025-03-27,google search,Mobile,3,0,0,0
2026-01-12,Organic Search,Desktop,2,0,0,0
2026-04-15,Meta Ads,Tablet,5,0,0,0
2025-06-23,google shopping,Desktop,2,2,1,1
2026-06-05,Google Search,Desktop,6,1,0,0
2025-10-04,Affiliate,Tablet,0,0,0,0
2025-05-03,Email,Desktop,4,0,0,0
2025-09-04,Organic Search,Mobile,6,1,1,1
2025-07-15,Email,Desktop,3,0,0,0
2025-09-21,Meta_Ads,Desktop,12,0,0,0
2026-01-16,Google Search,Tablet,0,0,0,0
2026-05-18,FB/IG Ads,Desktop,6,0,0,0
2025-02-22,Google Shopping,Mobile,4,0,0,0
2025-04-02,Direct,Desktop,0,0,0,0
2025-02-09,Affiliate ,Tablet,1,0,0,0
2025-04-30,Direct,Tablet,1,0,0,0
2026-06-05,Meta Ads,Mobile,17,1,1,0
2026-02-15,Google Shopping,Desktop,2,1,0,0
2026-03-28,Google Shopping,Desktop,2,0,0,0
2026-05-10,Email,Mobile,3,0,0,0
2025-11-28,Affiliate,Desktop,3,0,0,0
2025-05-10,Direct,Desktop,1,0,0,0
2025-08-29,google shopping,Mobile,3,0,0,0
2026-01-04,Affiliate,Desktop,2,1,1,1
2025-11-02,Direct,Tablet,1,0,0,0
2026-01-02,GOOGLE SHOPPING,Desktop,1,1,0,0
2025-10-27,google search,Desktop,8,1,0,0
2026-04-28,Direct,Desktop,2,1,0,0
2026-04-22,Organic_Search,Desktop,7,1,0,0
2025-03-23,Meta_Ads,Tablet,1,0,0,0
2026-04-11,Affiliate ,Mobile,4,0,0,0
2026-02-11,DIRECT,Tablet,1,0,0,0
2025-02-12,Affiliate,Mobile,5,0,0,0
2025-06-12,Google Search,Tablet,1,1,1,0
2025-02-25,Google Search,Mobile,8,0,0,0
2025-09-02,Direct,Tablet,0,0,0,0
2025-03-19,FB/IG Ads,Mobile,12,0,0,0
2025-05-22,Organic Search,Desktop,4,0,0,0
2026-05-10,Direct,Mobile,7,1,1,1
2026-01-30,Affiliate,Desktop,0,0,0,0
2025-11-04,Affiliate,Mobile,5,0,0,0
2026-01-22,Affiliate,Mobile,2,0,0,0
2025-08-31,Direct,Mobile,3,0,0,0
2025-03-11,Google Shopping,Tablet,1,0,0,0
2025-07-21,Email,Tablet,2,0,0,0
2025-03-01,Direct,Tablet,1,0,0,0
2026-01-01,Google Shopping,Tablet,2,0,0,0
2026-03-22,Organic Search,Tablet,1,1,1,1
2025-12-21,Google Search,Desktop,13,0,0,0
2026-06-04,Email,Desktop,3,0,0,0
2025-10-17,Google Shopping,Tablet,2,0,0,0
2025-05-16,Organic Search,Tablet,1,0,0,0
2025-02-10,Meta Ads,Tablet,1,0,0,0
2025-10-22,Google Search,Tablet,2,0,0,0
2025-04-24,Direct,Mobile,3,0,0,0
2025-09-11,Email,Tablet,1,0,0,0
2026-05-07,Direct,Mobile,5,0,0,0
2026-06-17,Meta Ads,Mobile,19,0,0,0
2025-06-26,Affiliate,Tablet,0,0,0,0
2026-01-12,Facebook/Instagram Ads,Desktop,6,0,0,0
2025-07-31,Email,Mobile,8,1,1,0
2025-06-07,Meta Ads,Mobile,9,1,0,0
2026-01-18,Google Search,Mobile,6,0,0,0
2025-03-15,Email,Tablet,0,0,0,0
2025-09-08,Direct,Tablet,0,0,0,0
2025-02-28,Google Search,Desktop,5,1,0,0
2025-03-07,Email,Desktop,4,1,1,1
2025-03-21,Google Search,Desktop,4,3,1,1
2025-04-02,Organic Search,Mobile,3,0,0,0
2025-12-02,Email,Tablet,1,0,0,0
2025-09-19,Organic Search,Mobile,9,0,0,0
2026-03-16,Google Shopping,Mobile,3,0,0,0
2025-11-10,Organic Search,Desktop,6,1,1,1
2026-06-18,organic search,Desktop,4,0,0,0
2025-06-15,Direct,Mobile,6,1,1,0
2025-11-06,Meta Ads,Tablet,3,0,0,0
2025-04-07,Google Shopping,Mobile,4,1,1,1
2026-05-14,Meta Ads,Tablet,2,0,0,0
2026-02-09,Meta Ads,Desktop,5,0,0,0
2025-05-06,Google  Search,Mobile,7,2,2,1
2025-03-12,Google Shopping,Mobile,8,1,0,0
2025-04-11,Meta Ads,Tablet,1,0,0,0
2025-10-19,Google Shopping,Tablet,0,0,0,0
2026-05-19,Meta Ads,Desktop,14,2,2,2
2025-09-30,Google Shopping,Tablet,1,0,0,0
2025-01-26,meta ads,Desktop,4,0,0,0
2025-07-07,GOOGLE SHOPPING,Mobile,9,0,0,0
2026-05-09,Email,Mobile,10,2,2,1
2025-02-09,Email,Tablet,2,0,0,0
2025-05-21,google shopping,Tablet,0,0,0,0
2025-04-03,Meta Ads,Tablet,1,0,0,0
2025-08-06,google shopping,Mobile,9,1,1,1
2025-06-27,affiliate,Tablet,0,0,0,0
2025-04-19,Google Search,Tablet,4,3,3,2
2026-05-31,Google  Search,Desktop,5,1,1,1
2025-06-24,Organic Search,Tablet,0,0,0,0
2025-11-14,SEO,Tablet,2,1,0,0
2026-06-05,Affiliate,Desktop,1,0,0,0
2025-01-22,Email,Tablet,0,0,0,0
2026-04-07,Meta Ads,Tablet,5,2,2,2
2025-03-04,Google_Shopping,Mobile,6,0,0,0
2025-11-06,Affiliate,Desktop,1,0,0,0
2025-02-04,Email,Mobile,2,0,0,0
2026-01-21,Affiliate,Mobile,1,0,0,0
2026-02-08,Email,Mobile,15,0,0,0
2025-11-06,Direct,Desktop,2,0,0,0
2025-11-07,Direct,Desktop,1,0,0,0
2026-02-09,Direct,Mobile,2,0,0,0
2025-06-10,Google Search,Mobile,6,0,0,0
2026-02-05,email,Desktop,1,0,0,0
2026-05-31,GOOGLE SEARCH,Mobile,8,0,0,0
2025-04-14,DIRECT,Tablet,0,0,0,0
2025-11-05,Google Search,Desktop,9,1,0,0
2026-06-22,Organic Search,Desktop,9,0,0,0
2025-01-07,Affiliate,Tablet,1,0,0,0
2025-10-28,Affiliate,Desktop,2,0,0,0
2026-04-20,Email,Mobile,6,0,0,0
2025-01-28,Direct,Desktop,1,0,0,0
2026-06-15,EMAIL,Tablet,1,0,0,0
2026-02-23,Meta Ads,Tablet,2,0,0,0
2026-06-29,Organic Search,Tablet,0,0,0,0
2026-01-01,Email,Tablet,1,0,0,0
2025-12-27,Direct,Desktop,2,0,0,0
2025-06-19,Google Shopping,Tablet,0,0,0,0
2025-05-06,EMAIL,Desktop,1,0,0,0
2025-06-12,Organic Search,Desktop,2,0,0,0
2025-10-21,Direct,Mobile,4,1,1,0
2026-01-05,Organic Search,Tablet,0,0,0,0
2025-12-17,Email,Desktop,0,0,0,0
2025-08-12,Direct,Tablet,1,0,0,0
2026-02-02,Google Shopping,Tablet,0,0,0,0
2026-01-17,Google Shopping,Tablet,1,0,0,0
2025-03-25,Google_Search,Desktop,3,0,0,0
2026-06-21,Organic Search,Tablet,1,0,0,0
2025-07-12,Email,Mobile,7,1,1,1
2026-05-21,GOOGLE SHOPPING,Mobile,7,0,0,0
2026-06-07,Google Shopping,Desktop,4,0,0,0
2025-05-24,Facebook/Instagram Ads,Tablet,3,0,0,0
2026-01-01,Google Search,Tablet,1,0,0,0
2025-10-01,EMAIL,Mobile,5,0,0,0
2025-03-27,Facebook/Instagram Ads,Mobile,5,0,0,0
2025-06-24,Email Marketing,Mobile,6,1,1,0
2026-06-14,Email,Desktop,3,0,0,0
2026-06-18,Organic Search,Tablet,0,0,0,0
2025-10-16,Email,Mobile,0,0,0,0
2026-02-21,Direct,Mobile,4,1,1,0
2026-01-21,Direct,Mobile,3,0,0,0
2026-04-16,Google Search,Tablet,1,0,0,0
2025-09-26,Google Search,Desktop,6,1,0,0
2025-01-21,Affiliate,Desktop,2,0,0,0
2025-05-01,meta ads,Desktop,7,1,1,1
2025-03-30,Google Search,Desktop,4,0,0,0
2025-09-26,Google Shopping,Tablet,1,0,0,0
2026-06-12,Google Search,Desktop,2,0,0,0
2025-12-10,Google_Shopping,Tablet,1,0,0,0
2026-01-23,Google_Shopping,Tablet,1,0,0,0
2025-09-10,DIRECT,Mobile,2,1,0,0
2025-04-19,Affiliate,Mobile,6,0,0,0
2025-11-05,Organic Search,Mobile,7,0,0,0
2026-02-15,Google Shopping,Tablet,0,0,0,0
2026-02-03,Organic Search,Mobile,8,0,0,0
2026-01-31,Google Search,Tablet,2,0,0,0
2026-03-20,meta ads,Tablet,5,1,1,0
2025-07-27,Email,Mobile,3,0,0,0
2025-05-30,Google Shopping,Tablet,1,0,0,0
2025-08-10,Affiliate,Mobile,4,0,0,0
2025-10-17,Google Search,Desktop,6,0,0,0
2026-06-11,Organic Search,Desktop,6,0,0,0
2025-07-07,Email,Mobile,7,0,0,0
2026-04-14,Google Shopping,Tablet,0,0,0,0
2025-12-30,Google Search,Tablet,0,0,0,0
2026-01-23,Meta Ads,Mobile,9,0,0,0
2025-04-13,google shopping,Mobile,4,0,0,0
2026-05-15,Direct,Desktop,0,0,0,0
2025-10-03,Google Shopping,Tablet,0,0,0,0
2026-05-21,Google Search,Mobile,8,2,0,0
2026-04-14,Google Search,Desktop,7,0,0,0
2025-02-06,Email,Tablet,1,0,0,0
2025-09-25,Meta Ads,Desktop,7,0,0,0
2026-02-08,Google Search,Mobile,9,0,0,0
2025-09-22,Affiliate,Tablet,0,0,0,0
2025-01-27,Meta Ads,Tablet,0,0,0,0
2025-08-27,Organic Search,Mobile,7,0,0,0
2025-04-07,Organic Search,Desktop,8,0,0,0
2025-09-18,Google Search,Desktop,5,1,1,1
2026-02-08,Email,Desktop,7,1,1,0
2026-04-15,(direct),Mobile,0,0,0,0
2025-01-04,organic search,Mobile,4,0,0,0
2025-11-05,Google Shopping,Tablet,0,0,0,0
2025-11-25,Google Search,Tablet,1,0,0,0
2025-12-03,Direct,Desktop,3,0,0,0
2026-06-14,Meta Ads,Tablet,3,1,0,0
2025-03-07,FB/IG Ads,Mobile,14,0,0,0
2025-08-26,SEO,Desktop,2,1,1,0
2025-09-28,Affiliate,Desktop,1,0,0,0
2025-06-01,email,Desktop,1,0,0,0
2026-03-26,direct,Tablet,1,0,0,0
2025-04-09,Affiliate,Tablet,0,0,0,0
2026-05-16,Google Search,Desktop,2,2,2,2
2026-05-09,Organic Search,Mobile,12,0,0,0
2025-04-10,Direct,Desktop,2,1,0,0
2025-07-19,SEO,Mobile,6,0,0,0
2026-05-23,organic search,Mobile,3,0,0,0
2026-02-25,Organic_Search,Desktop,2,0,0,0
2025-11-22,AFFILIATE,Desktop,2,0,0,0
2025-08-27,Affiliate,Mobile,3,0,0,0
2025-03-15,Google Shopping,Mobile,10,0,0,0
2025-06-21,Organic Search,Desktop,6,0,0,0
2025-07-07,Google Shopping,Tablet,1,0,0,0
2025-12-08,FB/IG Ads,Desktop,10,0,0,0
2025-05-18,Organic Search,Desktop,6,0,0,0
2025-02-16,Email Marketing,Desktop,1,0,0,0
2025-10-10,direct,Desktop,4,0,0,0
2025-05-14,Meta Ads,Tablet,0,0,0,0
2025-11-13,Organic Search,Tablet,3,0,0,0
2025-02-21,Email,Mobile,8,0,0,0
2026-04-19,FB/IG Ads,Tablet,1,1,1,0
2025-02-13,Meta Ads,Desktop,5,0,0,0
2026-03-25,Email,Tablet,0,0,0,0
2025-07-25,Meta Ads,Desktop,4,0,0,0
2025-07-15,Meta Ads,Tablet,0,0,0,0
2026-03-07,Direct,Tablet,1,0,0,0
2025-09-26,Direct,Desktop,1,0,0,0
2025-01-16,Email,Tablet,0,0,0,0
2026-03-30,Organic Search,Tablet,1,0,0,0
2025-11-20,Google Search,Tablet,1,0,0,0
2025-07-13,Google Shopping,Mobile,4,0,0,0
2025-03-11,direct,Desktop,3,0,0,0
2026-06-05,Email,Desktop,0,0,0,0
2025-06-18,Email,Tablet,0,0,0,0
2025-08-12,Google  Search,Tablet,0,0,0,0
2025-09-29,(direct),Desktop,1,0,0,0
2026-04-21,Meta Ads,Mobile,18,0,0,0
2026-06-27,Affiliate,Tablet,1,0,0,0
2025-12-11,Direct,Desktop,2,0,0,0
2026-04-30,FB/IG Ads,Tablet,5,0,0,0
2025-07-20,Google Search,Mobile,2,0,0,0
2026-06-03,Email,Mobile,6,0,0,0
2026-04-29,Google Search,Tablet,2,0,0,0
2025-11-04,Affiliate,Tablet,0,0,0,0
2025-04-29,Email,Mobile,3,1,1,1
2025-10-02,Organic Search,Desktop,4,1,0,0
2025-04-29,DIRECT,Desktop,4,1,1,0
2025-09-23,EMAIL,Tablet,1,0,0,0
2025-10-03,Organic Search,Mobile,5,2,1,0
2025-08-18,Affiliate,Tablet,1,0,0,0
2025-06-17,Facebook/Instagram Ads,Desktop,6,0,0,0
2025-01-30,Google Shopping,Tablet,0,0,0,0
2025-07-13,Meta Ads,Desktop,7,0,0,0
2025-02-10,Organic Search,Mobile,9,1,0,0
2025-07-08,Email Marketing,Desktop,2,1,1,1
2025-11-25,AFFILIATE,Tablet,0,0,0,0
2026-03-02,GOOGLE SEARCH,Desktop,5,0,0,0
2026-02-08,Google Shopping,Tablet,1,0,0,0
2025-05-12,Affiliate,Desktop,0,0,0,0
2025-01-22,Meta Ads,Tablet,0,0,0,0
2025-05-17,Email,Desktop,1,0,0,0
2025-04-02,Google Search,Mobile,5,0,0,0
2025-01-14,Google Shopping,Desktop,3,0,0,0
2025-01-27,Email,Tablet,0,0,0,0
2026-02-27,Email,Mobile,7,1,1,1
2025-10-25,DIRECT,Desktop,3,0,0,0
2026-03-22,DIRECT,Desktop,3,0,0,0
2025-03-12,Google Shopping,Tablet,1,0,0,0
2025-07-24,Organic Search,Tablet,2,0,0,0
2025-05-22,Organic Search,Tablet,2,0,0,0
2026-02-11,Google  Search,Desktop,3,0,0,0
2026-06-30,direct,Tablet,0,0,0,0
2025-04-13,Google Search,Desktop,10,2,2,1
2025-08-16,Direct,Desktop,1,0,0,0
2026-06-25,Direct,Tablet,1,0,0,0
2026-02-28,Google Search,Desktop,4,0,0,0
2025-05-04,Direct,Mobile,3,1,1,0
2025-01-21,Google_Shopping,Tablet,1,0,0,0
2025-05-02,Direct,Mobile,5,0,0,0
2026-01-09,DIRECT,Desktop,2,0,0,0
2025-08-20,Organic Search,Mobile,4,0,0,0
2025-06-04,Meta Ads,Mobile,14,0,0,0
2025-09-13,Organic Search,Desktop,4,0,0,0
2025-08-31,Email,Desktop,4,1,0,0
2025-12-05,FB/IG Ads,Desktop,10,1,1,0
2025-11-19,Meta Ads,Desktop,7,1,0,0
2025-10-20,Google Shopping,Tablet,0,0,0,0
2025-06-24,Google Search,Desktop,5,1,0,0
2025-01-21,Organic Search,Desktop,2,0,0,0
2026-03-06,Google Search,Desktop,3,0,0,0
2025-05-28,google shopping,Desktop,3,1,1,1
2025-05-19,Email Marketing,Desktop,6,0,0,0
2026-04-10,Google Search,Desktop,1,0,0,0
2026-03-03,email,Mobile,4,0,0,0
2025-08-14,Organic Search,Desktop,3,0,0,0
2025-07-12,Affiliate,Tablet,0,0,0,0
2025-07-02,affiliate,Tablet,0,0,0,0
2026-06-04,Google Shopping,Desktop,6,0,0,0
2025-09-17,DIRECT,Tablet,0,0,0,0
2025-07-24,Meta Ads,Mobile,17,1,0,0
2025-06-20,AFFILIATE,Tablet,2,0,0,0
2026-06-25,Email,Desktop,2,0,0,0
2025-03-19,Google  Search,Desktop,2,0,0,0
2026-06-13,Direct,Mobile,4,1,1,0
2025-10-11,Meta Ads,Tablet,4,0,0,0
2025-07-03,Meta_Ads,Mobile,10,0,0,0
2025-07-01,Organic Search,Mobile,1,0,0,0
2025-01-16,Direct,Mobile,2,0,0,0
2026-05-25,Google  Search,Mobile,13,0,0,0
2025-05-29,Email Marketing,Desktop,2,1,0,0
2025-03-02,Email,Mobile,2,1,1,0
2026-03-26,Affiliate,Desktop,1,0,0,0
2026-03-28,Meta Ads,Desktop,4,0,0,0
2026-06-12,Email,Tablet,2,0,0,0
2025-09-29,Meta Ads,Mobile,20,1,1,0
2025-03-12,Email,Tablet,1,1,0,0
2025-08-15,Organic Search,Tablet,0,0,0,0
2025-06-14,Organic Search,Mobile,6,0,0,0
2025-10-26,Email Marketing,Mobile,6,1,0,0
2025-12-02,Google Shopping,Desktop,3,0,0,0
2026-06-11,Affiliate,Mobile,1,0,0,0
2025-06-05,Google Shopping,Tablet,0,0,0,0
2025-01-08,Affiliate ,Desktop,1,1,1,1
2026-02-26,Google Shopping,Tablet,1,0,0,0
2025-09-26,Organic Search,Mobile,6,1,1,0
2025-03-23,Google Search,Desktop,7,0,0,0
2025-10-08,Direct,Desktop,2,0,0,0
2025-05-25,Email,Desktop,3,0,0,0
2026-04-08,Organic Search,Mobile,6,1,1,0
2025-05-06,Direct,Tablet,2,1,1,1
2025-07-17,Google Shopping,Desktop,1,0,0,0
2026-05-05,Email,Tablet,0,0,0,0
2025-11-16,Meta Ads,Tablet,1,1,0,0
2025-09-01,Affiliate,Desktop,0,0,0,0
2025-02-14,Affiliate,Desktop,2,0,0,0
2025-09-01,Affiliate,Tablet,0,0,0,0
2026-01-21,Organic Search,Tablet,0,0,0,0
2025-11-13,Meta Ads,Desktop,15,0,0,0
2025-05-05,Organic Search,Desktop,6,0,0,0
2026-03-11,Google Search,Mobile,6,1,0,0
2025-12-01,GOOGLE SEARCH,Desktop,5,0,0,0
2026-05-29,Google Shopping,Tablet,0,0,0,0
2025-10-28,(direct),Desktop,2,0,0,0
2026-05-20,Organic Search,Tablet,0,0,0,0
2025-02-26,Google_Shopping,Tablet,0,0,0,0
2025-02-21,Facebook/Instagram Ads,Tablet,2,0,0,0
2025-10-08,FB/IG Ads,Desktop,10,0,0,0
2025-02-19,direct,Desktop,1,0,0,0
2025-07-22,GOOGLE SEARCH,Desktop,5,1,1,1
2026-06-09,Facebook/Instagram Ads,Desktop,20,0,0,0
2025-03-11,Google Shopping,Mobile,5,0,0,0
2025-07-26,Direct,Desktop,5,0,0,0
2026-05-11,Organic Search,Desktop,6,0,0,0
2026-03-24,DIRECT,Mobile,4,0,0,0
2025-07-19,Google Shopping,Tablet,0,0,0,0
2025-02-23,Email,Mobile,3,0,0,0
2026-01-05,Email,Desktop,4,2,1,1
2026-04-29,Meta Ads,Desktop,7,0,0,0
2026-04-03,Affiliate,Mobile,2,0,0,0
2026-05-11,Direct,Mobile,0,0,0,0
2026-04-01,Google Shopping,Mobile,3,0,0,0
2025-12-02,Organic Search,Tablet,0,0,0,0
2025-01-13,GOOGLE SHOPPING,Desktop,0,0,0,0
2025-04-26,(direct),Desktop,4,0,0,0
2026-03-07,Affiliate,Desktop,1,0,0,0
2025-05-25,Google Search,Mobile,10,0,0,0
2026-06-11,Organic Search,Tablet,1,1,0,0
2025-08-25,google search,Desktop,1,0,0,0
2025-09-27,Meta Ads,Mobile,15,0,0,0
2025-03-17,Google Search,Tablet,0,0,0,0
2025-02-21,Google Shopping,Desktop,2,0,0,0
2025-10-16,google shopping,Tablet,0,0,0,0
2025-03-28,Email,Mobile,2,1,1,0
2025-04-06,Google Search,Desktop,4,0,0,0
2025-12-09,Meta Ads,Mobile,22,0,0,0
2026-06-18,Google Search,Mobile,13,2,0,0
2026-03-11,Organic Search,Desktop,9,3,3,2
2026-01-27,Direct,Desktop,2,0,0,0
2026-04-21,Organic Search,Mobile,10,1,1,1
2025-11-11,Email,Tablet,0,0,0,0
2025-05-11,Organic Search,Tablet,0,0,0,0
2025-03-04,Organic Search,Mobile,6,0,0,0
2026-01-23,direct,Desktop,0,0,0,0
2026-02-03,Direct,Mobile,2,0,0,0
2026-01-30,Google_Shopping,Tablet,1,0,0,0
2025-12-12,EMAIL,Tablet,1,0,0,0
2025-07-11,Google_Shopping,Desktop,2,0,0,0
2025-08-22,Direct,Tablet,1,0,0,0
2025-09-25,Organic_Search,Mobile,4,0,0,0
2026-05-23,Meta Ads,Tablet,0,0,0,0
2026-06-02,Google Shopping,Desktop,5,2,0,0
2025-08-14,Affiliate,Mobile,4,1,1,0
2026-03-03,Organic_Search,Mobile,5,1,1,0
2025-07-29,Google Shopping,Tablet,1,0,0,0
2025-08-11,Affiliate,Desktop,2,0,0,0
2025-03-12,Email,Mobile,4,0,0,0
2026-05-13,Organic Search,Mobile,11,2,2,1
2025-05-22,EMAIL,Mobile,2,1,1,1
2025-04-13,Meta Ads,Tablet,2,0,0,0
2025-10-30,Meta Ads,Mobile,17,1,1,0
2025-02-28,Meta Ads,Mobile,9,0,0,0
2026-04-10,Google Shopping,Tablet,1,0,0,0
2026-05-30,Organic Search,Tablet,1,0,0,0
2026-06-02,Meta Ads,Desktop,9,1,1,1
2025-11-17,email,Tablet,0,0,0,0
2026-01-23,Direct,Tablet,1,0,0,0
2025-04-30,Google Search,Desktop,9,2,1,1
2025-07-01,Google Shopping,Mobile,5,1,1,0
2025-11-09,Google Shopping,Desktop,5,0,0,0
2025-07-09,google shopping,Tablet,1,0,0,0
2026-02-05,Google Search,Tablet,1,0,0,0
2025-09-27,Google Shopping,Desktop,2,1,1,1
2025-11-11,Google Search,Tablet,0,0,0,0
2026-02-01,Meta Ads,Tablet,2,0,0,0
2026-05-20,Direct,Mobile,3,0,0,0
2025-12-24,Organic Search,Desktop,6,0,0,0
2026-06-26,Email,Tablet,1,0,0,0
2026-04-21,Google Search,Tablet,1,0,0,0
2025-10-13,Direct,Desktop,4,0,0,0
2025-03-30,Google_Shopping,Desktop,3,0,0,0
2025-04-21,Meta Ads,Tablet,6,1,1,1
2025-01-04,Affiliate,Tablet,0,0,0,0
2025-12-01,Google Search,Mobile,11,1,0,0
2025-06-09,DIRECT,Tablet,2,1,1,0
2025-09-25,Affiliate,Mobile,1,0,0,0
2025-06-07,Affiliate,Desktop,2,0,0,0
2026-02-12,direct,Desktop,4,1,1,1
2025-05-26,Organic Search,Desktop,2,0,0,0
2025-03-21,Organic Search,Tablet,1,0,0,0
2025-02-09,Google Search,Tablet,4,0,0,0
2025-11-18,Email,Desktop,4,1,0,0
2026-02-09,Organic Search,Tablet,0,0,0,0
2025-11-26,Google Shopping,Mobile,19,2,1,0
2026-01-02,Meta Ads,Mobile,11,0,0,0
2026-03-11,Meta Ads,Mobile,14,0,0,0
2025-10-29,Direct,Tablet,1,0,0,0
2025-12-25,Affiliate,Tablet,0,0,0,0
2026-03-15,Organic Search,Tablet,0,0,0,0
2025-04-17,Organic Search,Mobile,7,1,1,0
2025-01-24,Direct,Desktop,2,0,0,0
2025-07-04,AFFILIATE,Mobile,6,0,0,0
2025-10-20,Direct,Tablet,0,0,0,0
2026-06-13,Affiliate,Tablet,0,0,0,0
2026-01-19,Affiliate ,Desktop,1,0,0,0
2026-05-05,Organic Search,Tablet,1,0,0,0
2026-03-08,Google Search,Tablet,0,0,0,0
2025-05-11,Email,Desktop,3,0,0,0
2025-09-30,EMAIL,Desktop,2,0,0,0
2026-06-27,Email,Desktop,3,1,0,0
2025-12-07,google search,Tablet,1,0,0,0
2025-06-03,Meta Ads,Desktop,7,0,0,0
2025-04-06,GOOGLE SHOPPING,Mobile,7,1,1,0
2025-02-06,google shopping,Tablet,1,0,0,0
2025-12-10,Email,Mobile,5,0,0,0
2025-07-14,Direct,Desktop,1,1,1,0
2025-05-13,Meta Ads,Tablet,1,0,0,0
2026-01-09,email,Tablet,0,0,0,0
2026-01-19,Organic Search,Mobile,6,1,1,0
2026-02-27,organic search,Desktop,4,1,1,1
2025-11-04,google search,Mobile,5,1,1,0
2025-12-23,Affiliate,Tablet,1,0,0,0
2026-04-12,Google Shopping,Tablet,1,0,0,0
2025-07-27,Email,Tablet,1,0,0,0
2025-05-10,Email,Desktop,4,0,0,0
2025-08-13,Google Search,Desktop,6,1,0,0
2025-03-02,direct,Desktop,1,0,0,0
2025-12-21,Google Search,Mobile,17,2,0,0
2025-12-09,Direct,Tablet,1,0,0,0
2025-05-18,Organic Search,Tablet,0,0,0,0
2025-03-12,Direct,Tablet,0,0,0,0
2025-03-13,Google Shopping,Mobile,7,1,0,0
2025-01-01,Google Shopping,Tablet,2,0,0,0
2026-04-30,Google Shopping,Desktop,3,0,0,0
2026-02-09,Google Shopping,Tablet,0,0,0,0
2025-10-01,GOOGLE SHOPPING,Mobile,7,0,0,0
2025-09-11,Google Search,Tablet,1,0,0,0
2025-12-10,Google Shopping,Mobile,7,0,0,0
2026-02-06,Organic Search,Mobile,9,0,0,0
2026-04-14,Meta Ads,Tablet,1,0,0,0
2025-08-06,Direct,Tablet,0,0,0,0
2025-12-21,Email,Desktop,4,1,0,0
2025-10-19,Affiliate ,Mobile,3,0,0,0
2025-02-01,Organic Search,Tablet,1,0,0,0
2025-07-25,AFFILIATE,Mobile,1,0,0,0
2026-05-30,Affiliate ,Mobile,2,0,0,0
2025-10-08,Direct,Tablet,0,0,0,0
2025-08-17,Google Shopping,Desktop,0,0,0,0
2025-04-16,Direct,Desktop,1,0,0,0
2025-04-01,Google Shopping,Desktop,3,1,1,1
2025-04-15,GOOGLE SEARCH,Mobile,8,0,0,0
2025-02-02,Email,Tablet,1,0,0,0
2026-06-22,AFFILIATE,Mobile,1,0,0,0
2025-07-23,AFFILIATE,Tablet,1,0,0,0
2026-05-05,Meta Ads,Tablet,2,0,0,0
2025-10-11,Google Shopping,Tablet,3,1,1,0
2025-12-12,Google Search,Mobile,12,2,2,1
2025-01-05,google shopping,Mobile,2,0,0,0
2025-07-31,direct,Tablet,0,0,0,0
2025-04-13,Direct,Tablet,0,0,0,0
2025-02-26,Google Shopping,Mobile,5,0,0,0
2026-01-05,Organic Search,Desktop,3,1,1,1
2026-02-20,Meta Ads,Desktop,13,1,1,1
2025-12-23,Google Search,Tablet,3,0,0,0
2025-06-01,Email,Mobile,3,0,0,0
2026-05-26,Affiliate ,Desktop,0,0,0,0
2025-12-26,Google_Shopping,Tablet,0,0,0,0
2025-03-15,meta ads,Mobile,10,0,0,0
2026-04-17,SEO,Desktop,7,0,0,0
2025-02-27,Google Shopping,Mobile,4,0,0,0
2026-04-02,Direct,Desktop,5,0,0,0
2025-12-10,Affiliate,Desktop,0,0,0,0
2025-08-26,direct,Desktop,1,0,0,0
2025-04-06,Organic Search,Desktop,5,0,0,0
2025-02-16,DIRECT,Tablet,0,0,0,0
2026-05-30,Direct,Mobile,2,0,0,0
2025-12-08,organic search,Desktop,4,0,0,0
2026-01-06,Direct,Mobile,2,1,1,0
2026-02-12,Google Shopping,Mobile,10,0,0,0
2025-04-25,Email,Desktop,1,0,0,0
2025-02-04,Direct,Desktop,2,1,1,1
2026-02-03,Google Shopping,Tablet,1,0,0,0
2025-04-19,SEO,Desktop,6,0,0,0
2026-01-09,Email,Desktop,1,0,0,0
2026-02-17,organic search,Desktop,2,0,0,0
2025-08-11,Organic Search,Tablet,0,0,0,0
2025-04-24,Google Search,Tablet,0,0,0,0
2025-04-10,Google Search,Tablet,1,0,0,0
2026-06-26,Affiliate,Mobile,4,0,0,0
2026-06-04,DIRECT,Desktop,5,0,0,0
2025-11-14,Direct,Mobile,5,0,0,0
2025-05-16,Google Search,Desktop,4,0,0,0
2025-10-23,Affiliate ,Tablet,0,0,0,0
2025-01-27,GOOGLE SHOPPING,Tablet,2,0,0,0
2026-05-25,Google Shopping,Tablet,1,0,0,0
2026-01-26,Email,Tablet,1,0,0,0
2025-03-09,google search,Tablet,0,0,0,0
2025-04-14,Affiliate,Mobile,2,0,0,0
2025-04-08,Email,Mobile,5,0,0,0
2025-09-17,Google Shopping,Desktop,1,0,0,0
2026-05-19,Google Search,Tablet,0,0,0,0
2025-05-26,affiliate,Desktop,1,1,1,1
2026-01-27,Affiliate,Tablet,0,0,0,0
2025-07-13,Google Shopping,Desktop,6,0,0,0
2026-03-13,EMAIL,Desktop,1,0,0,0
2025-06-26,Organic Search,Tablet,0,0,0,0
2025-09-15,Email Marketing,Desktop,2,0,0,0
2025-03-31,Organic Search,Desktop,3,0,0,0
2026-04-15,Google Search,Mobile,7,1,0,0
2025-01-18,Organic Search,Mobile,5,0,0,0
2025-01-14,Affiliate,Mobile,3,0,0,0
2026-01-17,Direct,Mobile,4,0,0,0
2025-04-09,Email,Desktop,3,0,0,0
2025-02-03,Direct,Desktop,0,0,0,0
2025-03-28,Google Search,Desktop,3,0,0,0
2026-03-28,Affiliate,Desktop,1,0,0,0
2025-07-22,Meta Ads,Tablet,1,0,0,0
2026-05-25,(direct),Desktop,4,0,0,0
2025-06-30,Affiliate,Desktop,0,0,0,0
2026-06-22,Google  Search,Desktop,7,1,1,0
2025-03-11,Google Search,Tablet,0,0,0,0
2026-04-15,Email,Desktop,3,0,0,0
2026-01-18,Google Shopping,Tablet,1,0,0,0
2026-06-26,google search,Tablet,3,0,0,0
2025-04-13,organic search,Mobile,16,2,1,1
2026-04-03,Meta Ads,Tablet,4,0,0,0
2026-03-20,GOOGLE SHOPPING,Tablet,1,0,0,0
2026-03-09,Google Shopping,Mobile,10,0,0,0
2025-12-16,Direct,Mobile,4,1,1,0
2025-09-03,Facebook/Instagram Ads,Desktop,7,0,0,0
2026-04-18,EMAIL,Tablet,0,0,0,0
2026-06-14,Email,Mobile,5,1,0,0
2025-08-05,Affiliate,Mobile,4,0,0,0
2025-07-20,Google Shopping,Tablet,0,0,0,0
2025-07-03,Meta Ads,Tablet,1,0,0,0
2025-01-31,Direct,Mobile,4,0,0,0
2025-11-13,Google Search,Mobile,11,3,3,3
2026-06-05,Direct,,0,0,0,0
2026-01-30,Google Shopping,Mobile,3,0,0,0
2025-11-13,Meta Ads,Mobile,20,1,0,0
2025-05-02,Affiliate ,Tablet,4,0,0,0
2025-07-22,Organic Search,Mobile,8,3,1,1
2026-02-10,Email,Mobile,5,0,0,0
2025-01-05,Direct,Mobile,2,0,0,0
2025-01-08,Organic Search,Tablet,0,0,0,0
2025-08-17,Google Shopping,Mobile,4,0,0,0
2025-08-10,Google Search,Desktop,6,0,0,0
2025-10-20,Meta Ads,Mobile,17,3,1,0
2025-09-23,Organic Search,Tablet,1,0,0,0
2025-06-10,email,Desktop,4,1,1,1
2026-05-25,Organic Search,Tablet,1,0,0,0
2025-07-19,Meta Ads,Tablet,0,0,0,0
2025-08-04,Affiliate,Mobile,3,0,0,0
2026-03-30,GOOGLE SHOPPING,Desktop,4,0,0,0
2025-12-19,(direct),Mobile,10,2,1,0
2025-08-21,Meta Ads,Desktop,9,0,0,0
2026-03-01,Google_Shopping,Tablet,2,0,0,0
2025-05-29,SEO,Mobile,3,0,0,0
2026-05-28,Email Marketing,Mobile,10,0,0,0
2025-06-09,Affiliate,Desktop,0,0,0,0
2026-06-28,Direct,Mobile,4,0,0,0
2025-12-03,google search,Mobile,8,0,0,0
2025-05-21,Google Search,Desktop,4,0,0,0
2025-04-21,Email,Mobile,0,0,0,0
2025-10-20,Organic Search,Desktop,7,0,0,0
2026-02-05,GOOGLE SHOPPING,Mobile,9,0,0,0
2025-05-22,Email,Desktop,1,1,1,1
2025-04-28,Direct,Desktop,5,0,0,0
2026-06-30,Email,Mobile,6,0,0,0
2025-09-06,Google Shopping,Tablet,0,0,0,0
2025-08-06,Direct,Desktop,0,0,0,0
2025-01-26,GOOGLE SEARCH,Tablet,2,0,0,0
2025-04-03,Google Search,Mobile,7,1,0,0
2025-07-05,Email Marketing,Desktop,2,1,1,1
2025-12-08,Organic Search,Tablet,1,0,0,0
2025-04-29,Google Search,Desktop,2,0,0,0
2026-01-01,Google Shopping,Desktop,1,0,0,0
2026-05-10,email,Tablet,0,0,0,0
2025-07-25,Google Search,Tablet,2,1,1,1
2025-04-24,Meta Ads,Tablet,1,0,0,0
2026-05-11,meta ads,Tablet,0,0,0,0
2025-07-26,Affiliate ,Mobile,0,0,0,0
2025-11-12,direct,Mobile,1,1,1,0
2025-02-14,Google Shopping,Desktop,3,0,0,0
2026-02-03,Google_Search,Tablet,1,0,0,0
2026-04-25,GOOGLE SEARCH,Mobile,9,0,0,0
2025-04-09,Meta Ads,Desktop,8,0,0,0
2026-03-15,Direct,Mobile,3,0,0,0
2026-02-15,(direct),Tablet,1,0,0,0
2026-01-22,Direct,Mobile,1,0,0,0
2026-02-07,Google Shopping,Mobile,8,0,0,0
2026-03-12,Affiliate,Tablet,0,0,0,0
2025-04-20,google shopping,Mobile,5,0,0,0
2025-08-02,Google Shopping,Desktop,4,0,0,0
2025-03-05,Organic Search,Tablet,1,0,0,0
2025-05-12,Direct,Desktop,0,0,0,0
2026-05-18,(direct),Tablet,0,0,0,0
2025-01-06,Email,Mobile,3,3,3,3
2025-09-30,Affiliate,Tablet,1,0,0,0
2025-07-02,Direct,Mobile,0,0,0,0
2025-06-14,Email,Desktop,2,1,0,0
2026-06-04,Direct,Tablet,1,0,0,0
2025-11-01,direct,Tablet,0,0,0,0
2026-02-21,Organic_Search,Mobile,10,0,0,0
2026-01-05,Google Shopping,Mobile,6,0,0,0
2025-05-25,Google Shopping,Tablet,0,0,0,0
2025-07-26,Google Shopping,Desktop,5,1,0,0
2025-03-10,Direct,Mobile,3,0,0,0
2026-01-24,google search,Mobile,4,0,0,0
2025-08-02,Google Search,Tablet,1,0,0,0
2026-05-26,Affiliate,Tablet,0,0,0,0
2025-05-22,Email,Tablet,0,0,0,0
2026-02-07,Email,Desktop,1,0,0,0
2025-03-14,Email,Tablet,0,0,0,0
2026-02-27,Google Search,Desktop,1,0,0,0
2025-10-11,Affiliate,Desktop,1,0,0,0
2025-01-02,Google Search,Mobile,11,1,1,0
2026-02-27,Affiliate,Mobile,5,1,0,0
2025-10-15,Google  Search,Mobile,9,1,1,0
2025-10-29,Affiliate,Tablet,1,0,0,0
2025-10-16,Google Search,Mobile,8,2,1,1
2025-08-11,Google  Search,Mobile,5,0,0,0
2026-02-17,Google Search,Desktop,2,0,0,0
2026-02-21,Email Marketing,Tablet,0,0,0,0
2026-06-17,Google Search,Tablet,1,0,0,0
2025-01-29,Google Search,Mobile,7,2,1,0
2025-10-30,GOOGLE SHOPPING,Mobile,8,0,0,0
2025-12-13,Organic Search,Mobile,7,1,0,0
2025-05-16,Direct,Desktop,5,0,0,0
2026-05-16,Google Shopping,Mobile,11,0,0,0
2025-06-04,Google  Search,Desktop,3,1,0,0
2026-03-20,GOOGLE SEARCH,Mobile,12,0,0,0
2026-02-04,Affiliate,Mobile,2,0,0,0
2025-07-15,Google Search,Tablet,1,0,0,0
2025-10-31,Affiliate,Tablet,0,0,0,0
2026-02-24,Direct,Desktop,2,0,0,0
2025-11-22,Organic Search,Mobile,7,2,0,0
2025-04-07,Direct,Mobile,5,2,1,0
2025-07-08,Affiliate,Tablet,0,0,0,0
2026-03-19,DIRECT,Mobile,0,0,0,0
2025-09-25,Google_Search,Desktop,5,1,1,1
2025-09-19,Direct,Desktop,1,1,0,0
2025-07-15,Email,Mobile,3,0,0,0
2025-10-13,Email,Mobile,5,0,0,0
2025-10-20,Email,Mobile,2,0,0,0
2025-06-28,Google Search,Desktop,6,0,0,0
2025-08-20,Direct,Tablet,1,0,0,0
2025-01-26,Google Search,Desktop,4,0,0,0
2025-02-03,Affiliate,Desktop,1,1,1,0
2025-04-11,Affiliate,Mobile,3,0,0,0
2026-05-17,Google Search,Desktop,3,0,0,0
2025-01-11,Organic Search,Desktop,1,0,0,0
2026-01-19,Affiliate,Mobile,0,0,0,0
2025-01-28,FB/IG Ads,Tablet,0,0,0,0
2025-08-20,Google Shopping,Mobile,3,0,0,0
2025-08-30,Google Shopping,Desktop,3,0,0,0
2026-05-18,Meta Ads,Mobile,22,0,0,0
2025-09-20,Direct,Tablet,1,0,0,0
2026-05-06,Affiliate,Mobile,1,0,0,0
2026-02-05,Email,Tablet,1,1,0,0
2025-04-07,Direct,Tablet,0,0,0,0
2025-06-04,Organic Search,Tablet,1,0,0,0
2026-02-23,Organic Search,Mobile,2,0,0,0
2025-11-28,Meta Ads,Mobile,29,1,1,0
2025-09-22,direct,Mobile,2,0,0,0
2026-02-20,Direct,Mobile,5,1,0,0
2025-06-05,organic search,Desktop,4,0,0,0
2026-06-23,Google Shopping,Tablet,1,0,0,0
2025-04-11,Email Marketing,Desktop,3,1,1,1
2025-07-10,Meta Ads,Desktop,3,0,0,0
2025-05-27,Direct,Tablet,0,0,0,0
2025-11-06,Google Search,Desktop,7,0,0,0
2025-02-12,Direct,Tablet,0,0,0,0
2025-09-10,direct,Desktop,2,0,0,0
2025-10-16,meta ads,Mobile,16,0,0,0
2025-10-21,GOOGLE SEARCH,Tablet,1,0,0,0
2025-11-25,Email,Desktop,8,2,0,0
2025-12-31,Google Search,Tablet,0,0,0,0
2025-10-29,Meta_Ads,Mobile,15,0,0,0
2025-04-08,Google Search,Tablet,2,0,0,0
2025-07-18,Direct,Tablet,1,0,0,0
2025-04-13,Meta_Ads,Mobile,18,1,1,1
2025-07-24,Email,Desktop,0,0,0,0
2025-12-29,Google Search,Mobile,8,2,1,0
2025-09-20,Google Search,Tablet,1,0,0,0
2025-05-12,Organic Search,Desktop,7,1,0,0
2025-06-13,direct,Desktop,2,0,0,0
2025-12-06,Google_Search,Mobile,9,1,1,1
2025-01-04,Google  Search,Desktop,4,0,0,0
2025-02-20,FB/IG Ads,Mobile,18,0,0,0
2025-03-26,Organic Search,Tablet,0,0,0,0
2025-10-09,Organic Search,Tablet,0,0,0,0
2025-01-29,Facebook/Instagram Ads,Tablet,0,0,0,0
2026-03-14,Direct,Desktop,2,0,0,0
2026-05-21,Meta Ads,Desktop,11,0,0,0
2025-04-14,Google Search,Mobile,11,0,0,0
2025-01-24,Google Search,Desktop,3,0,0,0
2026-05-05,Direct,Mobile,8,1,1,0
2025-01-27,Organic Search,Desktop,2,0,0,0
2025-05-04,google search,Desktop,6,1,0,0
2025-04-16,Google Search,Desktop,6,0,0,0
2025-01-15,Affiliate ,Mobile,2,1,0,0
2026-02-16,SEO,Desktop,7,1,1,1
2026-02-07,Meta_Ads,Desktop,4,0,0,0
2026-03-27,Email,Desktop,4,0,0,0
2026-05-30,Organic Search,Mobile,16,1,1,0
2025-02-17,Email Marketing,Tablet,2,0,0,0
2025-06-23,Google Search,Desktop,6,0,0,0
2026-02-09,Organic Search,Desktop,5,0,0,0
2026-01-01,Email,Desktop,0,0,0,0
2025-08-17,Email Marketing,Mobile,5,1,1,0
2026-02-26,SEO,Tablet,1,0,0,0
2026-04-01,FB/IG Ads,Tablet,4,0,0,0
2026-05-20,Google Shopping,Mobile,9,0,0,0
2025-06-06,Email,Tablet,1,0,0,0
2025-02-13,Google Shopping,Desktop,2,0,0,0
2025-01-16,Affiliate,Desktop,0,0,0,0
2025-06-16,Meta Ads,Mobile,19,1,0,0
2025-12-19,Google Search,Tablet,4,0,0,0
2026-03-22,Affiliate,Mobile,0,0,0,0
2025-12-07,Google Shopping,Tablet,3,0,0,0
2025-09-21,Direct,Tablet,2,0,0,0
2026-03-15,Email,Desktop,1,0,0,0
2025-07-14,Google Search,Tablet,1,0,0,0
2025-03-10,Google Search,Desktop,4,1,1,1
2025-02-22,GOOGLE SHOPPING,Desktop,5,0,0,0
2025-03-09,Direct,Tablet,1,0,0,0
2025-03-30,Affiliate ,Mobile,1,1,1,0
2026-06-16,Direct,Mobile,4,2,1,1
2026-05-02,Google Search,Mobile,9,3,1,0
2025-11-17,Organic Search,Desktop,5,1,0,0
2025-04-29,Direct,Mobile,4,1,1,0
2026-04-14,Email,Tablet,1,0,0,0
2025-09-06,Email,Tablet,0,0,0,0
2026-04-18,SEO,Desktop,9,0,0,0
2025-06-01,DIRECT,Desktop,1,0,0,0
2026-06-18,GOOGLE SHOPPING,Tablet,1,0,0,0
2026-02-11,Organic Search,Mobile,6,0,0,0
2026-01-11,Email Marketing,Mobile,6,0,0,0
2026-03-31,Meta Ads,Desktop,8,1,1,0
2025-08-30,AFFILIATE,Mobile,4,0,0,0
2026-05-18,Organic Search,Tablet,2,1,1,0
2025-09-15,Direct,Mobile,4,0,0,0
2026-05-12,Meta Ads,Desktop,9,0,0,0
2026-02-02,Organic Search,Desktop,5,0,0,0
2025-10-22,Direct,Desktop,4,0,0,0
2025-06-26,Google Search,Tablet,2,0,0,0
2026-01-03,Email,Desktop,0,0,0,0
2025-04-14,SEO,Tablet,1,1,1,0
2025-01-11,Google  Search,Tablet,2,1,1,1
2025-08-27,(direct),Mobile,2,0,0,0
2025-02-09,Organic Search,Tablet,0,0,0,0
2025-08-26,AFFILIATE,Mobile,2,0,0,0
2025-12-25,Google_Shopping,Mobile,4,1,0,0
2025-08-23,Google_Shopping,Mobile,6,1,1,0
2025-08-08,Direct,Desktop,3,0,0,0
2025-04-09,Organic_Search,Tablet,0,0,0,0
2025-08-29,Meta Ads,Desktop,9,1,1,1
2025-12-09,Meta Ads,Desktop,12,0,0,0
2025-07-16,Affiliate,Mobile,2,1,0,0
2025-08-13,Email,Tablet,1,0,0,0
2025-06-08,Direct,Tablet,1,0,0,0
2025-11-11,Google_Shopping,Desktop,1,0,0,0
2025-05-29,Google Shopping,Desktop,4,0,0,0
2026-02-22,Affiliate,Tablet,1,0,0,0
2025-07-10,Google Shopping,Mobile,6,0,0,0
2025-03-26,Organic Search,Desktop,4,0,0,0
2025-01-13,Organic Search,Tablet,0,0,0,0
2026-04-22,Meta Ads,Mobile,24,1,1,0
2026-03-21,Meta Ads,Tablet,4,0,0,0
2025-06-27,Email,Tablet,1,0,0,0
2025-05-03,Affiliate,Tablet,0,0,0,0
2025-03-02,Organic Search,Tablet,0,0,0,0
2025-08-19,Affiliate,Desktop,0,0,0,0
2025-11-20,Direct,Desktop,3,1,0,0
2025-02-09,EMAIL,Mobile,2,0,0,0
2026-02-18,Direct,Desktop,0,0,0,0
2025-04-24,Google Shopping,Mobile,6,1,1,0
2025-01-10,Meta Ads,Tablet,1,0,0,0
2025-06-09,Direct,Mobile,3,0,0,0
2026-01-19,Organic Search,Tablet,2,0,0,0
2025-03-08,Organic Search,Tablet,0,0,0,0
2025-06-14,Email,Mobile,4,0,0,0
2025-04-21,Direct,Desktop,1,0,0,0
2025-02-03,Organic Search,Desktop,2,2,1,1
2025-05-27,Email,Tablet,0,0,0,0
2026-04-09,google shopping,Tablet,0,0,0,0
2026-06-20,Affiliate,Desktop,0,0,0,0
2025-04-26,Affiliate,Mobile,2,1,1,0
2025-04-22,google shopping,Mobile,8,0,0,0
2025-12-30,Affiliate,Desktop,1,0,0,0
2025-10-17,Google Search,Mobile,7,0,0,0
2025-11-18,Organic Search,Desktop,4,0,0,0
2026-02-13,Meta Ads,Tablet,2,1,0,0
2026-06-29,Facebook/Instagram Ads,Tablet,2,0,0,0
2025-03-29,Affiliate,Tablet,0,0,0,0
2025-10-21,Meta Ads,Mobile,13,0,0,0
2025-05-31,Google_Search,Mobile,8,1,1,0
2026-03-30,Google  Search,Tablet,0,0,0,0
2025-01-05,Affiliate,Tablet,0,0,0,0
2025-09-25,Google Search,Mobile,3,1,1,0
2026-04-22,Google Search,Tablet,0,0,0,0
2025-09-11,Organic Search,Tablet,1,0,0,0
2025-04-21,direct,Tablet,0,0,0,0
2025-03-27,Email Marketing,Tablet,0,0,0,0
2025-08-23,Direct,Desktop,3,1,1,1
2025-04-16,Organic Search,Mobile,8,0,0,0
2026-01-26,Affiliate,Desktop,0,0,0,0
2026-06-30,Organic_Search,Tablet,0,0,0,0
2025-07-13,Google Search,Tablet,2,0,0,0
2025-06-08,SEO,Mobile,8,0,0,0
2026-05-24,Affiliate ,Mobile,3,0,0,0
2025-05-30,Affiliate,Mobile,1,0,0,0
2025-10-20,google search,Desktop,3,0,0,0
2025-12-27,Email,Tablet,1,0,0,0
2025-05-26,Meta Ads,Mobile,10,1,0,0
2025-12-17,organic search,Tablet,2,0,0,0
2025-03-01,Google Search,Desktop,8,0,0,0
2025-08-10,Direct,Desktop,4,0,0,0
2025-03-14,Affiliate,Desktop,3,0,0,0
2025-08-07,Affiliate,Mobile,0,0,0,0
2026-05-16,Direct,Desktop,5,0,0,0
2025-10-06,Organic Search,Tablet,0,0,0,0
2025-08-28,Direct,Mobile,4,0,0,0
2025-04-07,Affiliate,Desktop,1,0,0,0
2025-10-11,Organic Search,Desktop,3,0,0,0
2025-03-30,Google Shopping,Tablet,0,0,0,0
2026-02-04,Organic Search,Desktop,6,0,0,0
2025-04-05,Email,Desktop,3,0,0,0
2025-09-01,Google Search,Desktop,4,0,0,0
2025-11-26,Google Search,Tablet,0,0,0,0
2025-04-02,Meta Ads,Desktop,3,0,0,0
2025-06-24,Email,Desktop,1,0,0,0
2025-09-30,Affiliate,Desktop,0,0,0,0
2025-06-18,Organic Search,Desktop,4,0,0,0
2025-01-01,Affiliate,Tablet,0,0,0,0
2025-06-10,EMAIL,Tablet,0,0,0,0
2025-05-29,email,Mobile,8,4,3,1
2025-10-02,Google  Search,Desktop,4,0,0,0
2025-01-22,Email,Desktop,1,0,0,0
2025-04-14,Meta Ads,Tablet,0,0,0,0
2026-06-02,Google Search,Tablet,3,1,0,0
2025-05-26,Google Shopping,Desktop,4,0,0,0
2025-05-22,Direct,Tablet,0,0,0,0
2026-03-18,Meta_Ads,Mobile,10,1,1,0
2026-04-14,Organic Search,Tablet,1,0,0,0
2025-03-18,Organic Search,Desktop,4,0,0,0
2025-08-15,Affiliate,Mobile,2,0,0,0
2025-07-23,Google Shopping,Tablet,1,0,0,0
2026-02-26,Google Shopping,Desktop,4,1,0,0
2025-12-02,Direct,Desktop,2,0,0,0
2025-08-31,Meta Ads,Tablet,2,0,0,0
2026-02-23,Google Shopping,Mobile,6,0,0,0
2025-05-14,Organic Search,Mobile,8,0,0,0
2026-06-25,Organic Search,Mobile,10,0,0,0
2025-02-22,Organic Search,Tablet,0,0,0,0
2026-06-02,Meta Ads,Tablet,3,0,0,0
2026-01-03,Email Marketing,Tablet,0,0,0,0
2026-05-22,Email,Mobile,2,0,0,0
2025-08-05,Direct,Desktop,3,0,0,0
2025-07-05,Direct,Mobile,6,0,0,0
2026-01-09,Affiliate ,Desktop,1,0,0,0
2025-06-25,Affiliate,Mobile,3,0,0,0
2026-03-20,Email Marketing,Mobile,3,0,0,0
2025-08-13,direct,Tablet,0,0,0,0
2025-11-09,Google Search,Tablet,4,1,0,0
2026-05-15,Direct,Mobile,2,0,0,0
2025-05-04,Organic Search,Tablet,1,0,0,0
2025-06-30,Google Shopping,Tablet,2,0,0,0
2026-04-05,Affiliate,Desktop,1,0,0,0
2025-09-07,Google Search,Mobile,8,0,0,0
2025-12-13,Email,Mobile,7,2,2,1
2026-06-21,SEO,Mobile,5,0,0,0
2025-03-31,Google Shopping,Mobile,8,1,1,0
2026-02-27,Meta Ads,Desktop,7,0,0,0
2025-03-10,Google Search,Mobile,5,1,1,0
2025-08-15,Google Search,Mobile,10,0,0,0
2025-10-17,Organic Search,Tablet,0,0,0,0
2025-12-12,Meta Ads,Tablet,2,0,0,0
2025-11-11,Google Shopping,Mobile,11,0,0,0
2025-11-22,GOOGLE SHOPPING,Tablet,0,0,0,0
2025-08-24,Email,Desktop,0,0,0,0
2025-07-30,Organic_Search,Tablet,2,0,0,0
2025-03-29,Organic Search,Mobile,10,2,1,1
2025-09-27,Google Search,Mobile,11,1,0,0
2026-02-25,Affiliate,Desktop,1,0,0,0
2025-07-04,Email,Tablet,1,0,0,0
2026-05-15,Google Search,Desktop,7,0,0,0
2026-05-17,Meta Ads,Mobile,11,0,0,0
2025-05-20,Organic Search,Mobile,7,1,1,0
2026-04-29,Google Search,Mobile,5,1,0,0
2026-03-29,Direct,Desktop,7,1,1,1
2025-08-23,Direct,Tablet,0,0,0,0
2025-04-10,Direct,Mobile,2,0,0,0
2025-11-07,Organic Search,Mobile,10,2,1,0
2026-02-13,AFFILIATE,Tablet,1,0,0,0
2025-02-03,Organic Search,Mobile,12,1,1,0
2025-05-18,Affiliate,Mobile,3,0,0,0
2025-01-27,Affiliate,Tablet,0,0,0,0
2026-03-09,Google_Shopping,Tablet,4,0,0,0
2025-03-09,Google Shopping,Desktop,0,0,0,0
2026-06-16,Google Search,Tablet,1,0,0,0
2025-05-15,Organic Search,Tablet,0,0,0,0
2026-05-20,Meta_Ads,Desktop,16,1,1,1
2025-12-22,Google Shopping,Desktop,2,0,0,0
2025-11-12,Google Shopping,Mobile,16,0,0,0
2026-05-10,Affiliate,Tablet,1,0,0,0
2025-10-04,SEO,Desktop,8,1,0,0
2025-02-08,Organic Search,Tablet,2,0,0,0
2025-09-19,affiliate,Desktop,1,0,0,0
2026-04-05,Google Shopping,Tablet,1,0,0,0
2026-04-02,Direct,Tablet,1,1,0,0
2026-02-04,Google Shopping,Desktop,1,0,0,0
2025-10-12,Google Search,Desktop,6,2,2,1
2025-07-27,Google Shopping,Mobile,5,0,0,0
2025-01-11,Meta Ads,Tablet,1,0,0,0
2025-03-07,email,Mobile,1,0,0,0
2026-04-16,Google Shopping,Tablet,1,0,0,0
2025-05-17,GOOGLE SEARCH,Tablet,2,1,1,0
2025-12-02,Organic_Search,Desktop,5,1,1,1
2026-05-05,Affiliate,Desktop,2,0,0,0
2026-04-21,EMAIL,Mobile,5,0,0,0
2025-04-09,Direct,Desktop,3,0,0,0
2025-05-09,Meta Ads,Mobile,14,0,0,0
2025-03-10,Google Shopping,Desktop,5,0,0,0
2026-04-12,Google Shopping,Desktop,2,0,0,0
2025-01-31,Affiliate,Desktop,0,0,0,0
2026-03-05,Google Shopping,Desktop,3,0,0,0
2025-07-29,Google Shopping,Desktop,8,2,0,0
2026-04-22,Google Search,Mobile,16,3,1,0
2025-04-12,Meta_Ads,Tablet,2,0,0,0
2026-01-31,Affiliate,Tablet,0,0,0,0
2025-12-22,Meta Ads,Mobile,16,0,0,0
2025-09-22,Direct,Tablet,3,0,0,0
2025-12-31,DIRECT,Tablet,0,0,0,0
2025-02-03,Google  Search,Mobile,8,0,0,0
2025-01-15,Organic Search,Desktop,3,1,1,0
2026-03-23,Organic Search,Desktop,2,0,0,0
2025-04-26,Google Shopping,Tablet,0,0,0,0
2026-06-07,Email,Mobile,4,0,0,0
2026-01-25,Meta Ads,Mobile,5,0,0,0
2025-10-16,Organic Search,Tablet,0,0,0,0
2026-06-24,Affiliate,Desktop,3,0,0,0
2026-04-04,organic search,Desktop,3,0,0,0
2025-12-16,Google Search,Tablet,0,0,0,0
2025-11-24,Email Marketing,Desktop,5,0,0,0
2025-01-13,Email,Tablet,1,0,0,0
2025-02-22,Meta Ads,Tablet,0,0,0,0
2025-09-25,Organic Search,Desktop,3,1,0,0
2025-04-12,FB/IG Ads,Mobile,12,0,0,0
2025-03-21,Organic Search,Desktop,1,0,0,0
2025-04-01,Google Search,Desktop,2,0,0,0
2025-11-02,Google Shopping,Tablet,0,0,0,0
2025-07-04,Direct,Mobile,7,0,0,0
2025-12-25,Direct,Tablet,1,0,0,0
2025-03-19,FB/IG Ads,Tablet,1,0,0,0
2026-05-05,Affiliate,Tablet,1,0,0,0
2025-06-08,affiliate,Mobile,2,0,0,0
2025-09-17,Meta Ads,Desktop,7,0,0,0
2025-05-22,google shopping,Mobile,2,0,0,0
2025-02-11,Google Shopping,Mobile,8,0,0,0
2025-04-01,AFFILIATE,Tablet,0,0,0,0
2025-01-15,Direct,Mobile,3,1,0,0
2025-11-07,Google Search,Tablet,2,0,0,0
2025-11-21,Organic Search,Desktop,6,0,0,0
2025-01-03,Affiliate,Mobile,2,0,0,0
2025-08-09,GOOGLE SHOPPING,Tablet,0,0,0,0
2025-02-19,Google Search,Mobile,2,0,0,0
2026-01-07,Meta Ads,Tablet,3,0,0,0
2025-09-28,Email,Tablet,1,0,0,0
2025-09-09,Meta Ads,Desktop,9,1,1,1
2025-01-16,Meta Ads,Mobile,8,0,0,0
2025-07-20,Email,Desktop,5,0,0,0
2025-04-23,Google Search,Mobile,8,1,1,1
2025-10-10,GOOGLE SEARCH,Tablet,0,0,0,0
2025-06-09,GOOGLE SEARCH,Mobile,7,1,1,0
2025-10-07,Organic_Search,Mobile,8,1,1,0
2026-04-20,Direct,Mobile,2,0,0,0
2026-05-05,Email,Mobile,4,0,0,0
2026-06-08,Organic Search,Mobile,12,1,1,1
2025-04-21,Google Search,Desktop,8,0,0,0
2025-03-27,Direct,Mobile,1,0,0,0
2026-06-05,Google Search,Tablet,1,0,0,0
2025-03-22,Google Shopping,Mobile,10,1,1,0
2025-07-29,Direct,Mobile,5,0,0,0
2025-01-24,google search,Tablet,2,0,0,0
2026-01-22,EMAIL,Desktop,2,1,0,0
2026-05-21,Google Shopping,Tablet,1,0,0,0
2026-06-12,Email,Mobile,10,0,0,0
2025-07-05,Google Search,Mobile,8,1,0,0
2025-03-21,FB/IG Ads,Mobile,15,0,0,0
2025-11-02,Google Shopping,Mobile,7,0,0,0
2025-08-03,Meta Ads,Desktop,6,0,0,0
2025-08-18,Affiliate,Desktop,0,0,0,0
2025-03-28,Google Shopping,Mobile,6,0,0,0
2026-02-13,Google Shopping,Tablet,3,0,0,0
2025-04-08,Google Shopping,Tablet,1,0,0,0
2025-07-23,Direct,Mobile,3,0,0,0
2025-02-13,Facebook/Instagram Ads,Tablet,0,0,0,0
2026-06-10,Direct,Desktop,2,0,0,0
2025-07-16,Meta Ads,Mobile,15,0,0,0
2026-03-18,Direct,Tablet,0,0,0,0
2026-01-20,Email,Tablet,0,0,0,0
2026-01-22,organic search,Desktop,1,0,0,0
2026-02-01,Organic Search,Mobile,9,1,0,0
2026-06-02,Affiliate,Mobile,4,0,0,0
2025-06-23,Google Search,Tablet,1,0,0,0
2026-02-06,Direct,Mobile,3,0,0,0
2025-05-17,Direct,Desktop,0,0,0,0
2025-08-14,Google_Search,Tablet,0,0,0,0
2025-01-23,SEO,Tablet,0,0,0,0
2025-01-02,Google_Shopping,Tablet,0,0,0,0
2026-02-20,Email,Mobile,4,0,0,0
2026-03-12,Google Shopping,Mobile,8,0,0,0
2025-11-24,Facebook/Instagram Ads,Tablet,5,1,1,1
2026-06-11,Google_Shopping,Desktop,2,0,0,0
2026-04-20,Organic_Search,Mobile,15,2,0,0
2026-04-04,Direct,Tablet,2,0,0,0
2025-04-02,Google Search,Tablet,0,0,0,0
2025-07-03,Google Shopping,Mobile,2,0,0,0
2025-04-03,Google Search,Desktop,1,1,0,0
2026-04-07,Organic_Search,Desktop,4,1,1,1
2025-10-29,Email,Desktop,5,0,0,0
2025-09-07,meta ads,Mobile,12,0,0,0
2026-04-14,Direct,Tablet,1,0,0,0
2026-05-07,Google Shopping,Tablet,0,0,0,0
2025-12-18,Organic Search,Desktop,6,0,0,0
2025-07-27,Affiliate ,Desktop,0,0,0,0
2025-12-28,Affiliate,Desktop,1,0,0,0
2025-09-04,Email,Mobile,2,0,0,0
2025-08-23,Affiliate,Mobile,1,0,0,0
2025-06-30,DIRECT,Mobile,7,1,1,0
2025-10-10,email,Mobile,6,1,1,1
2025-08-21,SEO,Desktop,4,0,0,0
2025-01-17,Email,Mobile,2,1,1,0
2025-01-18,Google Shopping,Tablet,0,0,0,0
2026-02-07,Organic Search,Tablet,2,0,0,0
2025-05-07,Direct,Mobile,1,0,0,0
2025-03-06,Direct,Desktop,0,0,0,0
2025-01-11,direct,,2,0,0,0
2025-06-04,Meta Ads,Tablet,1,0,0,0
2025-08-14,Google  Search,Desktop,8,1,0,0
2025-07-01,AFFILIATE,Tablet,0,0,0,0
2026-06-15,Email,Desktop,3,0,0,0
2025-02-08,Affiliate,Desktop,0,0,0,0
2026-03-05,google shopping,Tablet,1,0,0,0
2025-07-09,Google Shopping,Desktop,3,0,0,0
2025-09-05,Affiliate,Tablet,0,0,0,0
2025-08-08,(direct),Tablet,1,0,0,0
2026-05-15,Email,Tablet,1,0,0,0
2025-10-05,EMAIL,Mobile,1,0,0,0
2026-03-11,Google_Shopping,Tablet,0,0,0,0
2025-02-07,Organic Search,Tablet,0,0,0,0
2025-08-04,affiliate,Tablet,0,0,0,0
2025-09-30,Facebook/Instagram Ads,Desktop,8,0,0,0
2025-08-24,Direct,Desktop,4,0,0,0
2026-03-01,Direct,Tablet,0,0,0,0
2026-05-15,Organic Search,Mobile,6,1,0,0
2026-02-25,Meta Ads,Tablet,2,0,0,0
2025-01-22,Google Shopping,Tablet,0,0,0,0
2026-06-20,Google Search,Tablet,2,0,0,0
2026-02-17,Google Shopping,Tablet,1,0,0,0
2026-02-06,GOOGLE SEARCH,Desktop,4,0,0,0
2025-05-29,Meta Ads,Mobile,15,1,1,0
2025-02-07,FB/IG Ads,Tablet,0,0,0,0
2025-01-06,Organic Search,Mobile,4,0,0,0
2025-11-23,Direct,Desktop,2,0,0,0
2025-12-24,Affiliate,Mobile,3,0,0,0
2025-12-20,Meta Ads,Mobile,27,0,0,0
2025-01-26,Direct,Tablet,0,0,0,0
2025-08-12,Affiliate,Desktop,0,0,0,0
2025-02-22,Affiliate,Tablet,1,0,0,0
2025-11-04,Meta Ads,Desktop,10,1,0,0
2026-02-03,Google Shopping,Mobile,4,1,0,0
2026-03-28,Google_Shopping,Tablet,0,0,0,0
2025-12-29,Direct,Desktop,1,1,0,0
2026-04-10,email,Tablet,1,0,0,0
2026-06-05,Email,Mobile,8,1,1,0
2026-01-10,Direct,Mobile,1,0,0,0
2026-03-14,Google Search,Tablet,0,0,0,0
2025-06-09,Google Shopping,Desktop,4,1,1,1
2025-07-28,Email,Tablet,0,0,0,0
2025-11-20,Organic Search,Tablet,3,0,0,0
2025-11-02,Google Search,Tablet,2,0,0,0
2025-09-23,SEO,Desktop,3,0,0,0
2025-04-04,Meta Ads,Mobile,9,0,0,0
2025-11-21,Direct,Desktop,1,0,0,0
2026-06-16,Affiliate ,Desktop,2,1,0,0
2026-03-04,Direct,Desktop,1,0,0,0
2026-03-13,Google_Shopping,Desktop,1,0,0,0
2025-02-12,Direct,Desktop,1,0,0,0
2025-02-25,Google Shopping,Mobile,5,0,0,0
2026-06-18,FB/IG Ads,Mobile,19,0,0,0
2026-03-30,DIRECT,Mobile,2,0,0,0
2025-02-07,GOOGLE SHOPPING,Mobile,4,0,0,0
2026-06-22,Google Shopping,Mobile,15,3,3,1
2025-05-03,affiliate,Desktop,1,0,0,0
2026-03-07,Google Search,Tablet,1,0,0,0
2025-07-29,Facebook/Instagram Ads,Tablet,1,0,0,0
2026-05-19,Meta Ads,Tablet,5,0,0,0
2025-02-14,Google Search,Tablet,3,0,0,0
2025-07-25,Google Shopping,Mobile,2,0,0,0
2025-07-13,EMAIL,Mobile,4,0,0,0
2026-03-18,Organic Search,Mobile,5,1,1,1
2025-05-25,Google Search,Tablet,1,0,0,0
2026-02-11,Meta_Ads,Tablet,4,0,0,0
2026-06-27,Affiliate,Mobile,2,0,0,0
2026-02-17,Meta Ads,Desktop,9,0,0,0
2025-08-20,Direct,Desktop,1,0,0,0
2025-03-27,Google_Search,Tablet,1,0,0,0
2025-08-14,Affiliate ,Tablet,0,0,0,0
2026-06-19,Affiliate,Tablet,0,0,0,0
2026-03-12,Affiliate,Mobile,1,1,0,0
2025-07-27,SEO,Mobile,6,1,1,0
2026-03-29,Email,Tablet,1,0,0,0
2026-04-24,Google Search,Desktop,3,0,0,0
2025-03-25,Google Search,Tablet,3,1,1,1
2026-05-08,Email,Tablet,0,0,0,0
2025-02-13,Direct,Tablet,2,0,0,0
2026-03-17,Organic Search,Mobile,10,0,0,0
2026-02-02,Organic Search,Tablet,1,0,0,0
2025-11-19,organic search,Mobile,6,1,1,0
2025-08-17,(direct),Tablet,2,0,0,0
2025-10-31,Email,Desktop,3,1,1,1
2026-05-25,Organic Search,Mobile,11,0,0,0
2025-03-23,Organic Search,Mobile,4,0,0,0
2025-03-30,FB/IG Ads,Desktop,3,0,0,0
2025-02-06,Google Search,Mobile,9,0,0,0
2025-06-25,Organic Search,Tablet,1,0,0,0
2025-09-15,Google Search,Desktop,4,0,0,0
2025-11-09,Affiliate,Mobile,4,0,0,0
2025-07-24,Affiliate,Tablet,1,0,0,0
2025-07-06,Google Search,Desktop,3,0,0,0
2026-04-30,Affiliate,Tablet,0,0,0,0
2026-05-16,Affiliate,Desktop,4,1,0,0
2025-10-09,Affiliate,Tablet,0,0,0,0
2026-01-01,Organic Search,Desktop,3,0,0,0
2025-11-21,Google Search,Mobile,12,3,2,0
2025-09-23,Meta Ads,Mobile,8,1,0,0
2025-12-26,Organic_Search,Mobile,5,1,0,0
2026-02-06,direct,Tablet,0,0,0,0
2025-11-08,Direct,Desktop,2,1,0,0
2025-10-01,organic search,Tablet,1,0,0,0
2025-05-15,google search,Tablet,1,0,0,0
2025-01-07,Organic Search,Tablet,0,0,0,0
2025-04-08,Meta Ads,Desktop,11,0,0,0
2026-06-23,affiliate,Desktop,1,0,0,0
2025-09-21,Google Shopping,Tablet,0,0,0,0
2025-09-06,Email,Mobile,3,0,0,0
2025-06-28,FB/IG Ads,Mobile,11,0,0,0
2025-09-29,Affiliate,Tablet,1,0,0,0
2025-01-26,Email Marketing,Mobile,2,0,0,0
2026-05-12,Affiliate,Mobile,5,0,0,0
2026-02-01,Meta Ads,Mobile,19,5,2,0
2026-04-27,Affiliate,Desktop,2,0,0,0
2025-01-25,Organic Search,Tablet,1,1,0,0
2025-11-09,Email,Mobile,3,0,0,0
2026-06-27,DIRECT,Mobile,1,0,0,0
2026-01-04,Meta Ads,Tablet,1,0,0,0
2026-03-09,Direct,Mobile,1,0,0,0
2026-04-06,Organic Search,Tablet,1,0,0,0
2025-02-22,Affiliate,Desktop,1,0,0,0
2025-09-09,Direct,Tablet,0,0,0,0
2025-05-06,Direct,Desktop,1,0,0,0
2025-01-28,Email,Tablet,0,0,0,0
2026-06-03,Google Search,Tablet,0,0,0,0
2025-09-02,Email,Mobile,4,0,0,0
2026-03-20,Meta Ads,Mobile,24,0,0,0
2026-06-27,Organic Search,Mobile,1,0,0,0
2025-12-31,SEO,Desktop,2,0,0,0
2026-03-24,Google Shopping,Mobile,9,0,0,0
2025-09-05,Google Shopping,Desktop,3,0,0,0
2025-01-12,DIRECT,Desktop,1,0,0,0
2025-06-14,Google Search,Tablet,0,0,0,0
2026-05-19,Direct,Desktop,2,0,0,0
2026-05-23,Direct,Desktop,2,0,0,0
2025-12-12,Google Search,Desktop,6,0,0,0
2026-03-12,Email,Mobile,5,2,2,1
2025-05-04,Email,Tablet,1,0,0,0
2025-12-21,(direct),Mobile,1,0,0,0
2026-04-01,(direct),Desktop,5,1,1,1
2026-06-14,Direct,Desktop,3,0,0,0
2025-12-19,Email,Desktop,4,0,0,0
2026-02-22,Google Shopping,Tablet,1,0,0,0
2025-10-12,Meta Ads,Mobile,14,0,0,0
2025-08-11,direct,Desktop,3,0,0,0
2026-03-17,Google Shopping,Tablet,1,0,0,0
2025-12-14,Email,Tablet,2,0,0,0
2025-05-22,Google Search,Desktop,5,0,0,0
2025-06-15,Affiliate ,Mobile,1,1,0,0
2025-10-15,Meta_Ads,Desktop,5,0,0,0
2025-02-17,Direct,Desktop,1,0,0,0
2026-05-03,Organic Search,Mobile,17,2,2,1
2025-06-10,affiliate,Desktop,1,0,0,0
2026-02-15,Meta Ads,Desktop,10,1,0,0
2025-03-12,Direct,Mobile,1,0,0,0
2026-01-04,AFFILIATE,Tablet,0,0,0,0
2025-08-12,Affiliate,Mobile,0,0,0,0
2025-04-13,GOOGLE SEARCH,Tablet,0,0,0,0
2025-08-01,google search,Tablet,1,0,0,0
2025-02-06,Google Shopping,Desktop,6,0,0,0
2026-05-12,Direct,Tablet,0,0,0,0
2026-02-01,google search,Mobile,6,0,0,0
2025-10-23,Organic Search,Mobile,4,1,1,0
2026-03-05,Google Search,Tablet,3,1,1,1
2025-12-22,Google Search,Desktop,9,0,0,0
2026-01-15,Direct,Mobile,2,0,0,0
2025-02-05,Affiliate,Tablet,0,0,0,0
2025-10-12,Google Search,Tablet,0,0,0,0
2026-04-13,Google  Search,Tablet,0,0,0,0
2025-09-07,GOOGLE SHOPPING,Desktop,3,0,0,0
2026-03-17,Affiliate,Mobile,4,0,0,0
2026-04-11,Google Search,Mobile,7,0,0,0
2025-10-30,Organic Search,Tablet,1,0,0,0
2026-04-18,Organic Search,Tablet,1,0,0,0
2025-05-21,Direct,Tablet,0,0,0,0
2025-02-10,Email,Tablet,0,0,0,0
2026-06-06,Google  Search,Desktop,3,0,0,0
2025-01-13,Affiliate,Desktop,0,0,0,0
2025-12-17,Direct,Desktop,4,1,0,0
2025-11-29,Google Search,Mobile,16,2,2,2
2025-04-18,Organic Search,Desktop,6,0,0,0
2025-01-21,Meta Ads,Mobile,5,0,0,0
2025-09-10,AFFILIATE,Mobile,1,0,0,0
2026-01-16,Organic Search,Mobile,4,0,0,0
2026-01-07,Affiliate,Mobile,4,0,0,0
2026-03-01,email,Mobile,4,1,1,1
2026-02-05,Affiliate,Tablet,1,0,0,0
2026-04-01,Affiliate,Mobile,3,1,1,0
2025-09-02,Google Search,Mobile,10,1,0,0
2026-04-28,Google Shopping,Mobile,8,1,0,0
2025-09-06,Google Shopping,Mobile,4,0,0,0
2025-10-28,Meta Ads,Tablet,1,0,0,0
2026-02-26,google search,Mobile,8,1,1,0
2026-06-24,Google Shopping,Mobile,9,1,1,0
2025-07-10,Email,Desktop,5,1,1,1
2026-05-31,Meta Ads,Mobile,21,1,1,0
2025-10-06,Organic Search,Mobile,1,0,0,0
2026-04-25,Direct,Mobile,3,0,0,0
2025-12-21,Affiliate,Tablet,1,0,0,0
2025-03-23,Email,Desktop,2,1,1,1
2025-12-23,Google Shopping,Desktop,4,0,0,0
2025-07-22,Direct,Mobile,6,1,1,0
2026-04-27,Organic Search,Mobile,7,1,1,0
2026-05-09,Google_Shopping,Mobile,6,1,1,0
2026-06-10,DIRECT,Mobile,3,0,0,0
2026-04-18,AFFILIATE,Mobile,4,0,0,0
2025-01-21,Google Search,Desktop,3,0,0,0
2025-01-12,Google Search,Mobile,4,0,0,0
2025-03-24,Organic Search,Mobile,3,0,0,0
2025-05-12,Meta_Ads,Mobile,7,1,0,0
2026-01-14,FB/IG Ads,Tablet,4,0,0,0
2026-02-01,email,Tablet,1,0,0,0
2025-01-31,Direct,Desktop,3,0,0,0
2025-04-25,Organic Search,Mobile,8,0,0,0
2025-02-11,Email,Tablet,0,0,0,0
2025-10-06,Direct,Mobile,4,0,0,0
2025-03-09,Meta Ads,Mobile,9,0,0,0
2025-04-21,Google Shopping,Mobile,9,2,0,0
2025-08-26,GOOGLE SEARCH,Desktop,4,0,0,0
2025-12-21,Affiliate,Mobile,6,1,0,0
2025-03-02,Affiliate,Desktop,3,0,0,0
2026-03-25,Meta Ads,Tablet,3,0,0,0
2025-11-03,Affiliate,Desktop,4,0,0,0
2025-10-04,EMAIL,Tablet,1,0,0,0
2026-01-18,Organic Search,Mobile,4,0,0,0
2025-03-01,Meta Ads,Mobile,6,0,0,0
2025-03-22,Affiliate,Tablet,0,0,0,0
2025-08-19,affiliate,Tablet,0,0,0,0
2025-03-08,direct,Desktop,1,0,0,0
2025-03-26,Google Search,Tablet,2,0,0,0
2025-07-16,Google Search,Desktop,2,0,0,0
2025-06-06,AFFILIATE,Desktop,1,0,0,0
2026-04-18,Google Shopping,Mobile,6,0,0,0
2025-04-25,Organic Search,Tablet,0,0,0,0
2025-08-25,email,Tablet,0,0,0,0
2026-05-21,Organic Search,Desktop,6,0,0,0
2025-01-30,Organic Search,Mobile,6,0,0,0
2025-09-07,google shopping,Tablet,0,0,0,0
2025-09-09,Email,Mobile,5,1,0,0
2025-02-18,Google Search,Tablet,0,0,0,0
2025-01-29,Google Shopping,Tablet,1,0,0,0
2025-02-11,Email,Mobile,7,0,0,0
2025-10-28,Google Shopping,Tablet,1,1,1,1
2025-09-20,Direct,Mobile,3,0,0,0
2026-03-07,meta ads,Mobile,16,0,0,0
2025-03-09,Affiliate,Desktop,3,1,1,0
2026-04-02,Affiliate,Tablet,0,0,0,0
2025-03-20,Google_Shopping,Desktop,4,0,0,0
2026-04-25,direct,Desktop,2,0,0,0
2026-03-16,Google Search,Mobile,7,1,1,0
2025-10-26,Direct,Mobile,6,1,1,0
2026-01-30,Email,Desktop,2,0,0,0
2025-03-02,Direct,Mobile,2,0,0,0
2025-05-05,Meta Ads,Mobile,14,1,1,0
2025-07-17,Organic Search,Mobile,2,1,1,1
2025-08-28,GOOGLE SEARCH,Tablet,3,0,0,0
2025-08-31,Email Marketing,Mobile,0,0,0,0
2025-08-26,Meta Ads,Mobile,15,0,0,0
2025-02-16,Organic Search,Desktop,8,0,0,0
2025-02-21,Direct,Mobile,1,0,0,0
2025-10-01,Direct,Mobile,7,2,2,0
2026-02-19,Google Search,Mobile,11,1,1,1
2026-01-19,Google Search,Mobile,6,0,0,0
2025-03-02,Google Shopping,Desktop,5,1,1,1
2025-01-10,Google Shopping,Tablet,3,1,1,1
2025-06-25,Email,Tablet,0,0,0,0
2026-02-26,Organic Search,Mobile,10,0,0,0
2025-01-12,Direct,Mobile,4,0,0,0
2025-11-25,Affiliate,Desktop,3,0,0,0
2025-12-31,Google Search,Desktop,2,0,0,0
2026-04-12,Affiliate,Mobile,5,0,0,0
2025-12-02,google shopping,Mobile,7,0,0,0
2025-01-31,Meta Ads,Tablet,1,1,1,1
2026-06-29,Email,Mobile,6,1,1,0
2026-06-06,Meta_Ads,Mobile,19,0,0,0
2025-05-06,Meta Ads,Mobile,11,0,0,0
2025-12-13,Google Shopping,Desktop,3,1,0,0
2025-03-30,Affiliate,Tablet,0,0,0,0
2025-08-29,Affiliate,Mobile,5,0,0,0
2025-12-12,Meta Ads,Desktop,5,0,0,0
2025-11-08,SEO,Tablet,3,1,1,0
2026-02-24,Email,Desktop,5,1,0,0
2025-02-27,Email,Desktop,3,0,0,0
2025-05-23,Google Shopping,Desktop,3,0,0,0
2025-11-17,Organic Search,Mobile,13,1,1,0
2025-10-01,Organic Search,Desktop,6,0,0,0
2026-06-03,Direct,Mobile,9,1,1,0
2025-07-30,Google Shopping,Tablet,1,0,0,0
2026-02-22,Google Shopping,Mobile,10,0,0,0
2026-02-26,Organic Search,Desktop,2,0,0,0
2026-03-21,Email,Desktop,1,0,0,0
2025-01-01,Google Shopping,Mobile,7,1,1,0
2025-02-15,email,Mobile,3,0,0,0
2026-04-17,Email,Tablet,1,1,1,1
2025-12-09,EMAIL,Tablet,2,0,0,0
2025-04-24,Email Marketing,Mobile,7,0,0,0
2026-06-14,Direct,Tablet,0,0,0,0
2026-05-25,Google Shopping,Desktop,2,0,0,0
2025-11-19,Organic_Search,Tablet,0,0,0,0
2026-04-13,Meta Ads,Tablet,3,2,2,0
2025-08-11,Google Search,Tablet,2,1,0,0
2026-05-27,(direct),Mobile,7,0,0,0
2026-03-27,Affiliate ,Desktop,1,0,0,0
2025-07-05,Direct,Tablet,2,0,0,0
2025-10-15,Affiliate,Tablet,0,0,0,0
2025-12-03,Meta Ads,Tablet,2,0,0,0
2026-03-11,Organic_Search,Mobile,1,0,0,0
2025-07-14,Google Shopping,Tablet,1,0,0,0
2025-08-14,(direct),Desktop,3,0,0,0
2025-09-30,Organic Search,Tablet,2,0,0,0
2026-05-31,google shopping,Desktop,7,2,2,2
2026-02-18,Google Shopping,Tablet,0,0,0,0
2025-08-27,Meta Ads,Mobile,13,1,1,0
2026-05-30,Direct,Tablet,0,0,0,0
2025-04-08,Organic Search,Mobile,5,1,1,0
2026-04-07,AFFILIATE,Mobile,2,0,0,0
2025-11-14,Meta Ads,Mobile,26,1,0,0
2025-09-22,SEO,Tablet,0,0,0,0
2025-05-18,Direct,Tablet,1,0,0,0
2025-04-16,Email,Mobile,3,0,0,0
2026-06-18,Email,Mobile,10,3,2,0
2025-08-13,Meta Ads,Mobile,9,0,0,0
2026-04-04,Meta Ads,Mobile,8,0,0,0
2026-02-22,Meta Ads,Desktop,6,0,0,0
2026-02-18,Google Shopping,Mobile,3,0,0,0
2025-09-03,SEO,Mobile,7,0,0,0
2025-04-25,Direct,Desktop,2,0,0,0
2026-04-08,Meta Ads,Tablet,3,0,0,0
2025-08-04,Meta Ads,Desktop,5,1,0,0
2025-09-29,Meta Ads,Tablet,4,0,0,0
2026-05-05,Google Shopping,Tablet,0,0,0,0
2025-03-28,Email Marketing,Tablet,0,0,0,0
2025-07-12,Affiliate,Desktop,1,0,0,0
2025-01-14,Google Search,Mobile,5,1,1,1
2025-09-14,Google Search,Mobile,9,2,1,1
2025-08-14,Google_Shopping,Tablet,2,1,0,0
2025-04-15,Google Search,Desktop,7,0,0,0
2026-05-04,Email,Desktop,3,1,1,1
2025-05-10,Meta Ads,Mobile,12,1,1,0
2026-03-14,Google Shopping,Desktop,2,0,0,0
2025-03-31,Email,Tablet,0,0,0,0
2025-08-24,Meta Ads,Desktop,10,2,2,1
2026-02-14,organic search,Desktop,5,1,0,0
2026-05-28,Affiliate,Mobile,1,1,1,0
2026-06-20,Google Search,Desktop,3,0,0,0
2025-09-14,Email,Tablet,1,0,0,0
2026-04-19,Organic Search,Mobile,10,0,0,0
2026-01-12,Affiliate ,Desktop,2,0,0,0
2026-06-10,Meta Ads,Desktop,8,0,0,0
2025-12-16,Organic Search,Desktop,3,1,1,1
2025-01-11,Affiliate,Tablet,1,0,0,0
2025-05-08,Direct,Desktop,2,1,1,1
2025-07-25,Meta Ads,Mobile,11,1,1,0
2025-08-24,Direct,Tablet,1,0,0,0
2025-06-02,Email,Desktop,4,1,1,1
2025-08-19,Email,Tablet,0,0,0,0
2026-05-09,(direct),Mobile,4,0,0,0
2026-02-20,Organic Search,Desktop,4,0,0,0
2025-11-13,google search,Desktop,5,1,1,1
2025-02-21,Organic Search,Desktop,6,0,0,0
2025-08-25,GOOGLE SHOPPING,Desktop,2,0,0,0
2025-11-10,Google Shopping,Desktop,2,0,0,0
2025-10-12,Google Shopping,Desktop,1,0,0,0
2025-03-09,Organic_Search,Mobile,9,1,1,0
2025-06-01,Direct,Tablet,0,0,0,0
2025-12-30,Affiliate,Mobile,3,0,0,0
2026-04-01,DIRECT,Mobile,1,0,0,0
2025-01-30,Google Shopping,Mobile,10,2,1,1
2025-10-07,Email,Desktop,1,0,0,0
2025-05-14,Google Search,Desktop,1,0,0,0
2025-03-03,Email,Mobile,1,0,0,0
2026-02-10,Meta Ads,Tablet,2,0,0,0
2025-10-03,Google Shopping,Mobile,6,1,0,0
2025-09-26,Organic Search,Desktop,1,0,0,0
2025-06-12,google shopping,Desktop,1,0,0,0
2026-06-07,Google Search,Desktop,4,1,1,1
2025-01-06,Google Shopping,Desktop,1,0,0,0
2025-12-31,Organic Search,Mobile,2,0,0,0
2025-08-01,AFFILIATE,Desktop,2,1,1,1
2025-08-11,Direct,Mobile,4,0,0,0
2026-04-29,Organic Search,Mobile,14,4,2,1
2025-05-24,Meta Ads,Desktop,10,1,0,0
2026-01-08,Meta Ads,Desktop,6,0,0,0
2025-07-09,SEO,Tablet,1,0,0,0
2025-12-25,Google_Search,Desktop,5,0,0,0
2025-03-11,Organic Search,Tablet,1,0,0,0
2025-03-11,(direct),Tablet,0,0,0,0
2026-01-17,Email,Desktop,1,0,0,0
2025-06-30,Google Shopping,Mobile,6,1,0,0
2026-04-18,Direct,Tablet,1,0,0,0
2025-07-30,Meta Ads,Mobile,8,1,0,0
2026-01-12,Organic Search,Tablet,0,0,0,0
2025-12-03,Organic Search,Desktop,6,1,0,0
2025-09-02,Google_Search,Desktop,8,0,0,0
2026-04-17,Affiliate,Desktop,2,0,0,0
2025-06-08,Google Search,Desktop,7,0,0,0
2025-10-31,DIRECT,Desktop,1,0,0,0
2026-01-01,Direct,Tablet,0,0,0,0
2025-12-24,Meta Ads,Mobile,18,1,0,0
2026-04-21,Affiliate,Mobile,4,0,0,0
2025-08-21,meta ads,Mobile,11,1,0,0
2026-05-23,GOOGLE SEARCH,Tablet,3,0,0,0
2026-06-01,Google Shopping,Mobile,8,1,1,0
2026-02-12,Affiliate,Tablet,0,0,0,0
2025-07-12,Direct,Tablet,0,0,0,0
2025-10-15,Email,Tablet,2,0,0,0
2026-01-16,Meta Ads,Desktop,6,0,0,0
2025-02-13,Email,Desktop,4,0,0,0
2025-08-20,SEO,Tablet,2,0,0,0
2025-08-10,GOOGLE SHOPPING,Desktop,7,0,0,0
2025-08-12,Email,Tablet,0,0,0,0
2025-02-16,Google Shopping,Tablet,2,1,1,0
2025-11-02,google shopping,Desktop,8,0,0,0
2025-10-14,Meta Ads,Tablet,2,0,0,0
2025-08-29,Affiliate,Desktop,1,0,0,0
2025-02-15,Organic Search,Mobile,6,0,0,0
2026-01-04,Organic Search,Desktop,2,1,1,1
2025-08-23,Organic Search,Tablet,1,0,0,0
2025-12-12,Email Marketing,Mobile,4,0,0,0
2025-09-21,Email,Desktop,3,0,0,0
2025-04-29,Organic Search,Desktop,5,0,0,0
2025-10-16,Google Search,Desktop,5,0,0,0
2026-02-09,Facebook/Instagram Ads,Tablet,2,0,0,0
2026-01-27,Google Search,Desktop,1,0,0,0
2026-06-01,Facebook/Instagram Ads,,28,0,0,0
2025-11-11,Email,Desktop,3,0,0,0
2025-08-13,Organic Search,Tablet,1,0,0,0
2025-11-01,meta ads,Mobile,16,0,0,0
2025-07-21,Organic Search,Mobile,6,1,1,0
2025-03-11,Meta Ads,Tablet,0,0,0,0
2025-08-30,Email Marketing,Tablet,0,0,0,0
2025-03-26,Organic Search,Mobile,6,0,0,0
2026-03-08,Organic Search,Mobile,10,2,2,0
2026-04-28,Affiliate,Tablet,0,0,0,0
2025-01-22,Google Search,Tablet,1,0,0,0
2025-01-25,Affiliate,Tablet,0,0,0,0
2025-09-29,Organic Search,Mobile,6,1,0,0
2025-02-24,Email,Mobile,5,0,0,0
2025-06-27,Direct,Tablet,0,0,0,0
2026-02-26,Direct,Mobile,1,0,0,0
2026-05-24,Email,Tablet,1,0,0,0
2025-10-05,Meta Ads,Desktop,5,0,0,0
2025-06-12,Google Shopping,Tablet,1,0,0,0
2026-06-14,Google Shopping,Desktop,3,1,1,0
2026-02-13,Email Marketing,Desktop,0,0,0,0
2026-05-15,Google Shopping,Tablet,3,0,0,0
2025-12-31,Google Shopping,Mobile,6,2,2,1
2025-09-30,Affiliate,Mobile,2,0,0,0
2025-09-23,Google Shopping,Mobile,6,1,1,1
2026-04-14,Meta Ads,Mobile,21,1,1,0
2025-10-23,google search,Tablet,4,0,0,0
2026-02-04,Meta Ads,Desktop,8,0,0,0
2025-12-16,Google Shopping,Tablet,1,0,0,0
2025-02-04,Organic Search,Desktop,5,0,0,0
2025-09-23,Email,Mobile,9,1,0,0
2025-03-05,Facebook/Instagram Ads,Desktop,9,0,0,0
2026-06-30,google shopping,Mobile,7,0,0,0
2025-04-06,Email Marketing,Tablet,1,0,0,0
2025-11-19,Direct,Desktop,4,0,0,0
2025-11-28,Meta Ads,Desktop,9,1,1,1
2025-08-31,Affiliate,Mobile,0,0,0,0
2026-03-16,direct,Tablet,1,0,0,0
2025-12-16,Meta Ads,Desktop,10,0,0,0
2026-04-24,Facebook/Instagram Ads,Mobile,15,0,0,0
2026-01-04,Direct,Mobile,3,0,0,0
2026-01-18,Affiliate,Desktop,0,0,0,0
2026-01-28,Google Search,Tablet,0,0,0,0
2026-04-02,Google Shopping,Mobile,6,1,0,0
2025-09-24,(direct),Tablet,0,0,0,0
2025-07-01,Email,Tablet,2,0,0,0
2026-02-01,Direct,Mobile,4,1,1,0
2025-01-24,google shopping,Tablet,2,0,0,0
2025-03-30,Email,Mobile,6,1,1,0
2025-12-02,Email,Desktop,4,1,1,1
2025-12-26,Meta Ads,Tablet,1,0,0,0
2026-03-17,Affiliate ,Desktop,0,0,0,0
2025-10-12,Affiliate,Mobile,1,0,0,0
2025-02-23,Email,Desktop,1,0,0,0
2025-05-30,Meta_Ads,Mobile,13,0,0,0
2025-12-16,Meta Ads,Tablet,2,0,0,0
2026-06-13,Organic Search,Mobile,11,0,0,0
2025-01-25,Affiliate,Mobile,2,0,0,0
2026-05-03,Google Shopping,Desktop,2,0,0,0
2026-06-03,SEO,Desktop,2,0,0,0
2025-12-01,Organic Search,Tablet,3,1,0,0
2025-03-01,Google Search,Mobile,3,2,1,1
2025-07-25,Affiliate,Desktop,2,0,0,0
2025-04-20,Affiliate,Desktop,2,1,1,1
2025-05-17,organic search,Desktop,8,3,3,2
2025-10-24,Direct,Tablet,1,0,0,0
2025-08-04,Email,Desktop,0,0,0,0
2025-08-20,AFFILIATE,Desktop,2,0,0,0
2025-04-20,Meta Ads,Mobile,12,2,2,0
2025-09-14,DIRECT,Tablet,1,0,0,0
2025-01-28,affiliate,Desktop,0,0,0,0
2025-02-15,Google Search,Tablet,0,0,0,0
2026-02-04,Direct,Tablet,0,0,0,0
2025-01-24,Google Search,Mobile,11,1,0,0
2026-01-24,Google Search,Tablet,1,0,0,0
2026-03-02,Google_Shopping,Desktop,6,0,0,0
2025-01-18,organic search,Desktop,2,1,0,0
2026-06-16,organic search,Tablet,1,0,0,0
2025-03-08,Google Search,Tablet,0,0,0,0
2025-09-19,google search,Tablet,0,0,0,0
2025-04-13,Organic Search,Desktop,7,0,0,0
2025-09-24,GOOGLE SHOPPING,Desktop,3,0,0,0
2025-06-14,Organic Search,Tablet,0,0,0,0
2026-05-13,Direct,Mobile,4,0,0,0
2025-10-05,Affiliate,Desktop,1,0,0,0
2026-04-30,Organic Search,Desktop,3,0,0,0
2025-02-03,Email Marketing,Mobile,3,0,0,0
2026-03-30,Meta Ads,Tablet,1,0,0,0
2025-05-26,Email,Mobile,6,1,0,0
2025-02-07,google shopping,Desktop,7,0,0,0
2025-08-23,Affiliate,Tablet,2,0,0,0
2026-04-03,Google Shopping,,3,0,0,0
2025-10-23,Meta Ads,Tablet,2,0,0,0
2025-07-10,google search,Tablet,0,0,0,0
2026-02-27,Organic_Search,Mobile,10,2,2,2
2025-06-06,google search,Desktop,1,0,0,0
2025-03-06,Meta Ads,Desktop,6,0,0,0
2025-10-24,meta ads,Tablet,5,0,0,0
2025-12-17,Direct,Mobile,3,0,0,0
2025-02-27,Email,Tablet,0,0,0,0
2025-02-28,affiliate,Desktop,0,0,0,0
2025-04-27,direct,Mobile,0,0,0,0
2025-07-28,FB/IG Ads,Mobile,12,2,1,0
2025-05-11,(direct),Tablet,0,0,0,0
2025-12-10,Organic Search,Mobile,8,0,0,0
2026-06-22,Meta Ads,Desktop,12,0,0,0
2025-12-02,Affiliate,Tablet,0,0,0,0
2025-08-01,organic search,Tablet,0,0,0,0
2025-10-03,direct,Desktop,2,0,0,0
2025-03-22,Google Search,Tablet,0,0,0,0
2025-05-13,Google Search,Desktop,2,0,0,0
2025-12-07,Affiliate,Desktop,4,1,0,0
2025-02-24,Google Search,Tablet,2,1,1,1
2025-08-08,Email,Desktop,5,0,0,0
2026-01-16,Google Shopping,Desktop,0,0,0,0
2025-08-10,Facebook/Instagram Ads,Tablet,3,0,0,0
2026-03-13,DIRECT,Desktop,2,0,0,0
2025-03-07,Google Shopping,Desktop,3,0,0,0
2025-01-18,Email,Desktop,1,0,0,0
2026-06-29,email,Tablet,2,0,0,0
2025-11-01,Email,Mobile,5,0,0,0
2025-04-01,Email,Desktop,4,2,2,1
2025-11-29,Direct,Mobile,10,2,1,0
2025-06-06,Facebook/Instagram Ads,Tablet,1,0,0,0
2025-10-25,Email,Tablet,0,0,0,0
2026-05-11,meta ads,Mobile,25,1,0,0
2025-11-25,Direct,Desktop,2,1,1,1
2025-12-30,EMAIL,Desktop,0,0,0,0
2026-06-05,direct,Desktop,3,1,0,0
2026-02-16,Organic Search,Mobile,2,1,0,0
2025-03-18,Organic_Search,Mobile,12,0,0,0
2025-05-08,GOOGLE SEARCH,Mobile,12,0,0,0
2026-05-09,Affiliate,Mobile,2,1,0,0
2026-04-03,Email,Mobile,7,2,0,0
2025-08-10,google search,Mobile,9,1,1,0
2025-04-23,Google Shopping,Mobile,4,0,0,0
2025-08-23,Organic Search,Mobile,7,1,1,1
2025-10-18,Google Shopping,Tablet,0,0,0,0
2025-04-03,Meta_Ads,Mobile,13,1,1,0
2025-03-15,Google Search,Tablet,3,1,1,0
2025-09-17,Google Search,Mobile,8,1,1,0
2025-05-27,Google Search,Mobile,6,0,0,0
2025-06-22,GOOGLE SHOPPING,Tablet,0,0,0,0
2026-02-18,Organic Search,Mobile,9,2,2,1
2025-05-11,Meta Ads,Tablet,1,0,0,0
2026-05-29,Google Search,Tablet,0,0,0,0
2026-04-30,Google Search,Tablet,2,0,0,0
2025-04-11,Affiliate ,Desktop,3,1,1,1
2025-05-28,Email,Tablet,0,0,0,0
2026-05-28,Organic Search,Tablet,4,1,1,1
2025-08-07,Organic Search,Tablet,0,0,0,0
2025-09-03,Affiliate,Mobile,1,0,0,0
2025-10-01,Meta Ads,Desktop,11,0,0,0
2025-05-03,email,Tablet,1,0,0,0
2026-01-02,Google_Shopping,Tablet,0,0,0,0
2025-11-15,Google Shopping,Desktop,5,1,1,1
2026-03-24,FB/IG Ads,Desktop,5,0,0,0
2025-03-16,Google Search,Desktop,5,0,0,0
2026-03-31,Affiliate,Tablet,0,0,0,0
2025-12-03,DIRECT,Tablet,3,0,0,0
2025-01-20,Google_Search,Mobile,3,0,0,0
2025-10-06,Email,Mobile,1,0,0,0
2025-08-24,Google Shopping,Desktop,4,0,0,0
2026-05-01,Organic Search,Desktop,8,0,0,0
2025-07-26,Organic Search,Desktop,5,0,0,0
2025-04-21,Email Marketing,Tablet,0,0,0,0
2025-10-03,Meta Ads,Mobile,9,0,0,0
2025-08-02,Direct,Mobile,2,1,0,0
2025-06-30,Google Shopping,Desktop,2,0,0,0
2025-02-20,Google Search,Mobile,10,1,1,0
2026-04-20,Meta Ads,Desktop,8,0,0,0
2025-06-11,Email,Tablet,1,1,0,0
2026-02-09,Google Shopping,Desktop,2,0,0,0
2025-03-11,affiliate,Mobile,4,0,0,0
2025-11-08,Google Shopping,Desktop,7,0,0,0
2025-12-16,Affiliate,Mobile,2,1,1,0
2025-01-25,Meta Ads,Mobile,11,0,0,0
2026-04-08,Affiliate,Mobile,1,0,0,0
2025-02-24,Meta Ads,Desktop,4,0,0,0
2025-03-13,Organic Search,Tablet,0,0,0,0
2026-01-31,Direct,Desktop,0,0,0,0
2026-03-19,Email,Desktop,1,0,0,0
2025-07-05,Google Shopping,Desktop,0,0,0,0
2026-05-06,google search,Tablet,0,0,0,0
2026-05-30,Email Marketing,Tablet,1,0,0,0
2025-07-26,Google Shopping,Mobile,3,0,0,0
2025-10-31,Email,Mobile,0,0,0,0
2025-10-24,Google Shopping,Desktop,2,0,0,0
2025-11-24,Email,Mobile,6,1,0,0
2025-08-25,Direct,Tablet,1,0,0,0
2025-02-28,Direct,Tablet,0,0,0,0
2026-05-28,Google Shopping,Mobile,9,0,0,0
2025-07-01,Direct,Desktop,2,0,0,0
2026-03-17,Direct,Mobile,1,0,0,0
2025-01-04,Direct,Tablet,0,0,0,0
2026-05-03,Google Search,Tablet,2,0,0,0
2025-05-02,Affiliate,Desktop,0,0,0,0
2025-09-06,Email,Desktop,2,0,0,0
2025-05-03,Google Shopping,Tablet,2,0,0,0
2025-02-10,google shopping,Desktop,4,0,0,0
2025-12-21,Organic Search,Desktop,6,0,0,0
2026-04-11,direct,,2,0,0,0
2025-04-19,Google  Search,Mobile,3,1,1,1
2026-03-07,Facebook/Instagram Ads,Desktop,7,1,1,1
2025-08-04,Google_Search,Mobile,6,0,0,0
2025-08-02,Affiliate ,Tablet,0,0,0,0
2025-09-28,direct,Tablet,0,0,0,0
2026-06-27,Meta Ads,Desktop,15,1,1,1
2025-07-31,Email,Desktop,1,0,0,0
2026-03-25,Email,Mobile,6,1,1,1
2025-05-16,Email,Tablet,0,0,0,0
2026-01-19,Google Search,Desktop,3,0,0,0
2025-10-01,Google Search,Mobile,11,1,1,0
2026-02-01,Google Shopping,Tablet,0,0,0,0
2025-10-13,Affiliate,Tablet,1,0,0,0
2026-05-01,Affiliate,Mobile,2,0,0,0
2025-11-28,Direct,Tablet,1,0,0,0
2026-01-17,Affiliate,Mobile,7,0,0,0
2025-02-14,Organic Search,Desktop,2,0,0,0
2025-03-17,Affiliate ,Desktop,0,0,0,0
2025-12-08,Google Shopping,Desktop,3,0,0,0
2025-08-08,Meta Ads,Mobile,12,0,0,0
2025-10-20,Affiliate,Tablet,1,0,0,0
2025-08-28,Google Shopping,Tablet,0,0,0,0
2025-02-05,Meta_Ads,Desktop,8,1,0,0
2026-03-20,direct,Tablet,0,0,0,0
2026-04-25,Google Search,Tablet,1,0,0,0
2025-04-15,direct,Mobile,4,1,1,1
2025-02-28,Organic Search,Tablet,0,0,0,0
2025-02-15,FB/IG Ads,Tablet,1,1,1,1
2026-04-05,Facebook/Instagram Ads,Mobile,18,1,0,0
2026-02-09,Meta Ads,Mobile,20,1,1,0
2026-03-07,Email,Tablet,0,0,0,0
2025-11-19,Affiliate,Mobile,3,0,0,0
2025-04-11,Organic Search,Desktop,2,0,0,0
2025-06-03,Google Search,Tablet,0,0,0,0
2025-04-05,Google Shopping,Tablet,2,0,0,0
2025-10-16,Organic Search,Mobile,8,0,0,0
2025-06-04,Google_Search,Mobile,3,0,0,0
2025-12-29,Organic Search,Tablet,0,0,0,0
2025-04-28,Direct,Tablet,0,0,0,0
2025-10-31,Google Shopping,Desktop,2,1,0,0
2025-11-16,Google Shopping,Mobile,9,0,0,0
2026-01-26,email,Desktop,2,0,0,0
2025-04-17,Meta Ads,Mobile,8,0,0,0
2025-01-15,Organic Search,Mobile,5,1,1,0
2025-08-09,Direct,Desktop,0,0,0,0
2025-12-09,Affiliate,Desktop,0,0,0,0
2025-04-18,Google Shopping,Desktop,7,0,0,0
2025-07-03,Affiliate,Tablet,0,0,0,0
2026-02-11,Google Search,Tablet,1,0,0,0
2026-06-09,affiliate,Mobile,2,0,0,0
2026-04-06,Organic Search,Mobile,7,0,0,0
2025-06-27,Direct,Desktop,1,0,0,0
2025-01-18,Google Shopping,Desktop,1,0,0,0
2026-02-16,google shopping,Tablet,1,0,0,0
2025-06-15,Email,Desktop,3,1,1,1
2025-09-10,Google Search,Desktop,4,0,0,0
2025-11-20,Google Shopping,Desktop,5,0,0,0
2025-10-31,Google Shopping,Mobile,4,0,0,0
2025-07-19,Google Search,Mobile,6,1,1,0
2025-07-30,Google Search,Tablet,1,0,0,0
2025-09-08,Email Marketing,Tablet,0,0,0,0
2025-03-16,Direct,Mobile,4,0,0,0
2025-03-01,Affiliate,Tablet,1,1,1,0
2026-05-16,Email,Mobile,6,0,0,0
2026-02-18,Direct,Mobile,4,1,1,0
2025-05-01,google shopping,Tablet,0,0,0,0
2025-01-25,Email,Tablet,0,0,0,0
2025-07-25,Google Shopping,Tablet,0,0,0,0
2025-02-05,Google Search,Tablet,1,0,0,0
2025-03-06,Google Shopping,Mobile,4,0,0,0
2025-03-23,google search,Tablet,1,0,0,0
2025-10-27,Google Shopping,Desktop,3,0,0,0
2025-11-29,Google Shopping,Mobile,9,0,0,0
2025-09-10,Affiliate,Tablet,1,0,0,0
2025-11-10,Google Shopping,Tablet,2,0,0,0
2026-03-04,Google_Search,Tablet,2,0,0,0
2025-12-11,Email,Tablet,4,1,0,0
2025-11-10,Meta_Ads,Mobile,23,1,1,0
2025-08-23,Affiliate,Desktop,0,0,0,0
2025-09-23,Meta Ads,Tablet,2,1,0,0
2025-03-13,Organic Search,Mobile,4,0,0,0
2026-02-01,Google  Search,Desktop,7,0,0,0
2025-05-23,Organic_Search,Desktop,6,0,0,0
2026-01-06,Facebook/Instagram Ads,Desktop,9,0,0,0
2025-08-09,meta ads,Tablet,7,1,1,1
2025-12-24,Email,Mobile,2,0,0,0
2025-01-15,Affiliate,Desktop,0,0,0,0
2026-01-21,Email,,0,0,0,0
2025-07-22,Meta Ads,Desktop,13,1,1,0
2026-04-08,Email Marketing,Desktop,1,0,0,0
2025-08-26,Affiliate,Tablet,1,0,0,0
2025-09-29,Google Shopping,Tablet,1,0,0,0
2026-04-11,Affiliate,Desktop,1,0,0,0
2025-12-17,GOOGLE SHOPPING,Tablet,0,0,0,0
2025-03-29,Email Marketing,Desktop,1,1,1,1
2026-04-10,Facebook/Instagram Ads,Mobile,24,2,0,0
2026-02-09,Email,Tablet,2,0,0,0
2026-01-07,Organic Search,Tablet,1,0,0,0
2025-06-13,Meta Ads,Tablet,1,0,0,0
2026-06-15,Affiliate,Mobile,1,0,0,0
2025-05-31,SEO,Desktop,6,0,0,0
2025-01-16,Google Search,Tablet,1,0,0,0
2025-07-07,Google Search,Tablet,0,0,0,0
2026-04-22,Meta Ads,Tablet,6,1,1,1
2025-12-07,Organic Search,Mobile,4,1,1,0
2025-10-03,meta ads,Tablet,1,0,0,0
2026-03-05,Direct,Tablet,0,0,0,0
2025-01-17,Organic Search,Desktop,4,1,1,1
2026-04-18,Organic Search,Mobile,7,0,0,0
2025-08-05,Affiliate,Tablet,0,0,0,0
2026-06-27,Google Search,Desktop,3,0,0,0
2026-03-10,Email Marketing,Desktop,4,0,0,0
2025-02-23,Google Search,Desktop,1,0,0,0
2025-01-10,Direct,Mobile,0,0,0,0
2026-02-25,Email,Mobile,7,1,1,0
2026-04-15,Direct,Tablet,1,0,0,0
2026-01-13,Email,Mobile,2,0,0,0
2026-01-20,Affiliate,Tablet,1,0,0,0
2025-01-12,Email,Mobile,1,1,0,0
2025-06-05,Direct,Tablet,1,0,0,0
2026-02-23,Direct,Mobile,3,0,0,0
2025-03-22,Organic Search,Tablet,1,0,0,0
2025-07-09,google search,Tablet,4,0,0,0
2026-04-24,Google_Shopping,Desktop,1,0,0,0
2025-07-31,Affiliate,Desktop,1,0,0,0
2025-07-09,Direct,Mobile,0,0,0,0
2026-04-13,Google Shopping,Mobile,7,1,1,0
2026-02-10,Google Shopping,Desktop,1,0,0,0
2025-08-29,Meta_Ads,Mobile,15,1,1,1
2025-07-20,Affiliate,Tablet,1,0,0,0
2025-12-13,Google Shopping,Mobile,8,1,0,0
2025-05-08,Meta Ads,Tablet,2,0,0,0
2025-07-01,Affiliate,Mobile,3,0,0,0
2025-02-11,Email,Desktop,3,1,0,0
2025-01-30,AFFILIATE,Tablet,1,0,0,0
2025-01-18,Direct,Desktop,3,0,0,0
2025-04-27,Google Shopping,Desktop,4,0,0,0
2026-06-03,Google Shopping,Tablet,2,0,0,0
2025-01-27,Email,Desktop,0,0,0,0
2025-02-04,Direct,Mobile,3,0,0,0
2025-08-19,Google_Shopping,Desktop,3,0,0,0
2025-07-30,Organic Search,Desktop,3,0,0,0
2025-04-18,Meta Ads,Desktop,5,0,0,0
2025-06-18,Google_Search,Mobile,7,1,1,1
2026-05-28,email,Tablet,1,0,0,0
2025-02-04,Google Shopping,Tablet,0,0,0,0
2025-03-25,Email,Desktop,2,0,0,0
2025-07-05,Email,Mobile,6,1,0,0
2025-03-07,Google_Search,Mobile,8,0,0,0
2026-06-13,Organic Search,Desktop,2,1,1,1
2025-10-07,google shopping,Mobile,7,0,0,0
2026-04-26,Affiliate,Desktop,0,0,0,0
2026-02-22,Meta Ads,Tablet,2,0,0,0
2026-01-20,Email Marketing,Mobile,2,1,0,0
2025-10-28,Organic Search,Tablet,2,1,0,0
2026-03-15,Google Search,Desktop,2,0,0,0
2026-06-20,Affiliate,Tablet,0,0,0,0
2025-07-17,Organic Search,Tablet,0,0,0,0
2025-06-23,Meta Ads,Tablet,0,0,0,0
2026-05-15,Affiliate,Desktop,2,0,0,0
2025-08-28,organic search,Mobile,7,0,0,0
2026-05-21,Email,Mobile,3,0,0,0
2025-06-12,Organic Search,Mobile,6,0,0,0
2025-06-09,Direct,Desktop,2,0,0,0
2025-10-10,google shopping,Mobile,6,0,0,0
2025-03-30,Google Search,Mobile,5,0,0,0
2026-05-08,Email,Mobile,3,1,0,0
2025-06-22,Google Shopping,Desktop,3,0,0,0
2025-05-05,Google  Search,Desktop,6,0,0,0
2025-04-05,Direct,Mobile,5,0,0,0
2025-10-12,Affiliate,Desktop,2,0,0,0
2025-07-12,SEO,Desktop,4,1,0,0
2025-01-25,Google Search,Desktop,4,0,0,0
2025-12-01,Organic Search,Desktop,6,1,1,1
2025-03-06,Affiliate,Desktop,2,0,0,0
2025-11-03,Google Shopping,Desktop,5,0,0,0
2025-07-07,Meta Ads,Desktop,8,0,0,0
2025-09-06,Direct,Tablet,0,0,0,0
2025-10-13,Google Search,Mobile,7,0,0,0
2026-04-19,Google Search,Desktop,1,0,0,0
2026-02-21,Google Search,Tablet,1,0,0,0
2026-04-20,Affiliate ,Desktop,1,0,0,0
2026-01-05,Google Shopping,Desktop,2,0,0,0
2025-09-08,Google Shopping,Desktop,1,0,0,0
2025-09-14,Organic Search,Tablet,1,0,0,0
2025-09-24,Meta Ads,Mobile,11,1,1,0
2026-03-02,Direct,Tablet,0,0,0,0
2025-10-31,Google Search,Desktop,5,0,0,0
2025-12-01,Email,Desktop,5,1,1,0
2026-04-07,Direct,Mobile,4,0,0,0
2025-07-25,Meta Ads,Tablet,1,0,0,0
2025-04-29,google search,Mobile,3,1,0,0
2025-12-20,direct,Desktop,6,0,0,0
2025-11-29,Organic Search,Mobile,13,1,0,0
2026-06-23,Google Search,Desktop,3,1,1,1
2026-01-21,organic search,Desktop,3,0,0,0
2025-08-22,Google Shopping,Desktop,1,1,1,0
2025-01-22,direct,Mobile,3,0,0,0
2025-03-30,Email,Tablet,1,0,0,0
2026-03-21,Google Search,Desktop,4,0,0,0
2026-05-10,Meta Ads,Mobile,10,0,0,0
2026-01-06,Email,Tablet,0,0,0,0
2025-11-23,Affiliate ,Mobile,8,0,0,0
2025-02-15,Direct,Tablet,0,0,0,0
2026-01-03,Meta_Ads,Tablet,0,0,0,0
2025-04-20,Google Search,Mobile,10,0,0,0
2025-04-29,Google Search,Tablet,1,0,0,0
2026-03-15,Organic Search,Desktop,6,0,0,0
2026-06-13,Google Shopping,Mobile,4,0,0,0
2025-05-18,meta ads,Desktop,7,0,0,0
2026-06-18,Direct,Desktop,2,0,0,0
2026-05-28,Google Search,Tablet,3,0,0,0
2025-08-26,Email,Mobile,3,0,0,0
2026-01-14,Organic Search,Mobile,6,0,0,0
2025-07-29,Meta Ads,Desktop,5,0,0,0
2026-05-12,Direct,Mobile,8,0,0,0
2025-06-21,SEO,Mobile,4,0,0,0
2025-07-01,Google Shopping,Desktop,4,0,0,0
2026-01-02,Email,Tablet,0,0,0,0
2026-05-24,Email Marketing,Mobile,5,0,0,0
2025-11-23,Affiliate ,Desktop,3,1,1,1
2025-09-01,(direct),Tablet,0,0,0,0
2025-07-13,Affiliate,Tablet,0,0,0,0
2025-05-14,Email,Desktop,1,0,0,0
2026-02-03,Meta Ads,Tablet,1,0,0,0
2025-12-21,direct,Tablet,0,0,0,0
2026-03-16,SEO,Desktop,3,1,0,0
2025-07-30,Google Search,Desktop,4,1,1,0
2025-06-28,Google Search,Mobile,9,1,0,0
2026-02-17,Organic Search,Mobile,5,0,0,0
2025-03-05,Meta Ads,Tablet,0,0,0,0
2025-11-06,Direct,Tablet,0,0,0,0
2026-05-23,Affiliate,Mobile,2,0,0,0
2026-06-10,Direct,Tablet,0,0,0,0
2025-06-01,google shopping,Mobile,6,2,1,0
2026-01-28,Organic Search,Desktop,4,0,0,0
2026-06-29,Meta Ads,Desktop,9,0,0,0
2025-04-24,Organic Search,Tablet,0,0,0,0
2026-02-01,Google Search,Tablet,1,0,0,0
2025-04-07,Direct,Desktop,2,0,0,0
2026-04-07,Google Shopping,Mobile,6,1,0,0
2026-01-17,google shopping,Desktop,4,0,0,0
2025-04-11,Direct,Mobile,2,0,0,0
2025-10-27,Google Shopping,Tablet,2,0,0,0
2025-09-20,Organic Search,Tablet,2,0,0,0
2026-03-21,Direct,Mobile,5,0,0,0
2025-08-19,Organic Search,Tablet,3,1,1,1
2025-12-15,Direct,Mobile,5,0,0,0
2025-03-06,Affiliate,Tablet,1,0,0,0
2026-01-23,Google Shopping,Mobile,2,0,0,0
2025-07-01,Google Search,Tablet,2,0,0,0
2025-02-18,Meta Ads,Tablet,1,0,0,0
2025-09-24,Meta Ads,Tablet,0,0,0,0
2025-12-29,google shopping,Mobile,4,0,0,0
2026-04-15,google shopping,Mobile,8,0,0,0
2025-07-17,Direct,Mobile,4,0,0,0
2026-02-01,Organic Search,Tablet,1,0,0,0
2026-02-27,Email,Desktop,3,0,0,0
2026-06-22,Direct,Mobile,3,0,0,0
2026-05-26,Google_Shopping,Mobile,12,3,3,1
2026-03-17,Google Shopping,Desktop,1,0,0,0
2025-01-25,GOOGLE SHOPPING,Mobile,4,0,0,0
2025-08-05,SEO,Desktop,4,0,0,0
2026-06-27,Direct,Tablet,0,0,0,0
2025-02-01,GOOGLE SEARCH,Tablet,2,0,0,0
2026-04-05,Email,Mobile,7,0,0,0
2026-03-27,Email,Mobile,3,1,1,0
2025-12-04,Organic Search,Desktop,8,0,0,0
2025-05-21,meta ads,Desktop,8,1,1,0
2025-03-23,Affiliate,Mobile,1,0,0,0
2025-03-26,email,Mobile,6,1,1,1
2026-03-22,google search,Desktop,7,0,0,0
2025-08-11,Google Shopping,Desktop,6,0,0,0
2025-10-26,Affiliate,Tablet,0,0,0,0
2026-01-28,FB/IG Ads,Mobile,11,0,0,0
2025-04-12,Direct,Tablet,0,0,0,0
2025-01-16,Direct,Desktop,0,0,0,0
2025-10-20,meta ads,Desktop,12,1,0,0
2025-10-22,DIRECT,Tablet,1,0,0,0
2026-01-21,Organic Search,Mobile,9,0,0,0
2026-03-09,Affiliate,Desktop,4,1,0,0
2025-01-05,Google Search,Mobile,1,0,0,0
2025-08-18,Google Search,Desktop,3,0,0,0
2025-11-12,Organic_Search,Tablet,3,0,0,0
2025-04-23,Affiliate,Mobile,3,0,0,0
2025-04-12,Affiliate,Desktop,0,0,0,0
2026-06-01,Affiliate,Mobile,1,0,0,0
2025-01-18,AFFILIATE,Desktop,1,0,0,0
2026-05-25,Meta Ads,Tablet,6,0,0,0
2026-01-10,Meta Ads,Tablet,1,0,0,0
2025-06-25,Organic Search,Mobile,6,0,0,0
2025-06-18,Affiliate,Desktop,0,0,0,0
2026-01-21,Google Search,Desktop,1,0,0,0
2025-08-08,Google Search,Mobile,6,0,0,0
2026-01-29,FB/IG Ads,Tablet,2,0,0,0
2025-05-26,Google Search,Tablet,2,0,0,0
2026-05-03,AFFILIATE,Mobile,2,1,1,1
2026-01-28,Direct,Tablet,0,0,0,0
2025-03-03,Google Shopping,Mobile,8,1,1,0
2026-05-10,Affiliate,Desktop,3,0,0,0
2025-11-20,email,Mobile,2,0,0,0
2025-06-03,Meta Ads,Mobile,9,1,0,0
2026-05-11,Google Search,Mobile,12,0,0,0
2025-07-24,Google Search,Tablet,0,0,0,0
2025-08-24,Organic Search,Mobile,5,0,0,0
2025-09-22,organic search,Desktop,4,1,0,0
2026-03-04,Meta Ads,Desktop,10,0,0,0
2026-04-20,Google Search,Tablet,1,0,0,0
2026-06-26,Email,Mobile,3,2,2,0
2025-03-31,Google Search,Mobile,5,0,0,0
2026-04-16,Email,Tablet,0,0,0,0
2026-05-06,Direct,Desktop,0,0,0,0
2026-05-17,Google_Shopping,Desktop,1,0,0,0
2025-04-07,Organic Search,Mobile,3,0,0,0
2025-12-11,Email,Desktop,3,3,2,1
2025-09-22,Email,Desktop,2,1,1,1
2025-05-15,Google Shopping,Tablet,1,0,0,0
2026-05-03,google search,Mobile,9,1,0,0
2025-08-29,Google Search,Tablet,4,1,0,0
2025-08-11,Google Shopping,Mobile,5,0,0,0
2026-06-09,Google Shopping,Desktop,3,0,0,0
2025-12-05,Direct,Mobile,2,0,0,0
2025-11-13,Direct,Desktop,2,0,0,0
2025-09-04,Google Search,Desktop,5,0,0,0
2025-07-09,FB/IG Ads,Desktop,5,1,1,1
2026-03-25,DIRECT,Mobile,1,0,0,0
2025-02-12,EMAIL,Mobile,7,1,0,0
2025-11-08,Google Shopping,Tablet,2,0,0,0
2026-06-24,Direct,Desktop,4,0,0,0
2025-01-23,Google  Search,Mobile,5,0,0,0
2025-09-26,Direct,Mobile,1,0,0,0
2026-01-08,Google Shopping,Desktop,1,0,0,0
2026-02-15,Affiliate,Mobile,2,0,0,0
2025-08-26,Organic Search,Tablet,1,0,0,0
2026-01-31,Google Shopping,Mobile,5,0,0,0
2025-09-25,Google Shopping,Tablet,0,0,0,0
2026-01-04,Meta Ads,Mobile,9,0,0,0
2025-12-07,Direct,Mobile,5,0,0,0
2026-04-09,Google Shopping,Desktop,2,0,0,0
2026-05-04,Organic Search,Mobile,8,1,1,1
2026-04-25,Google Shopping,Tablet,1,1,1,1
2025-03-26,Meta Ads,Desktop,5,0,0,0
2026-02-15,Email,Tablet,1,0,0,0
2025-12-28,Email Marketing,Tablet,1,0,0,0
2025-06-24,meta ads,Desktop,7,0,0,0
2025-12-07,SEO,Desktop,5,0,0,0
2025-09-13,FB/IG Ads,Desktop,7,1,1,1
2026-02-15,Google_Search,Mobile,11,1,1,1
2025-09-12,Google Search,Tablet,3,0,0,0
2025-04-06,Meta Ads,Mobile,6,0,0,0
2025-07-12,DIRECT,Mobile,7,1,0,0
2025-11-01,Google Search,Tablet,2,0,0,0
2026-03-29,EMAIL,Mobile,4,1,1,0
2025-03-17,google search,Desktop,4,1,1,0
2025-01-15,DIRECT,Desktop,2,1,0,0
2025-09-06,Direct,Mobile,4,0,0,0
2025-10-23,Meta Ads,Mobile,12,0,0,0
2026-04-12,Direct,Tablet,1,0,0,0
2025-10-25,Affiliate,Desktop,0,0,0,0
2025-09-21,Google Search,Tablet,0,0,0,0
2025-08-11,Organic Search,Desktop,5,0,0,0
2025-09-14,Affiliate,Mobile,3,0,0,0
2025-01-21,Meta Ads,Desktop,0,0,0,0
2025-07-25,Organic_Search,Desktop,3,0,0,0
2025-09-22,Meta Ads,Tablet,2,0,0,0
2025-01-02,affiliate,Desktop,1,0,0,0
2026-02-08,FB/IG Ads,Mobile,22,1,1,0
2025-10-15,Organic Search,Desktop,6,0,0,0
2025-01-13,Email,Mobile,1,0,0,0
2026-03-22,Google Shopping,Tablet,0,0,0,0
2026-03-29,EMAIL,Desktop,3,0,0,0
2026-04-11,Affiliate,Tablet,0,0,0,0
2025-06-26,Email Marketing,Mobile,5,0,0,0
2025-06-29,Organic Search,Desktop,5,1,1,1
2025-05-14,Google  Search,Mobile,12,0,0,0
2026-06-08,Affiliate,Mobile,5,0,0,0
2025-08-01,Google Shopping,Desktop,5,1,1,0
2025-03-10,Meta Ads,Desktop,9,0,0,0
2025-02-18,Organic Search,Tablet,0,0,0,0
2025-04-27,Google Search,Tablet,1,0,0,0
2026-04-06,Google Search,Tablet,0,0,0,0
2026-03-10,SEO,Mobile,12,1,1,1
2025-12-06,Organic_Search,Mobile,10,1,1,0
2025-05-30,(direct),Desktop,1,0,0,0
2026-05-01,Meta Ads,Mobile,24,1,0,0
2025-08-05,Meta Ads,Mobile,6,0,0,0
2025-11-07,Direct,Tablet,1,1,1,1
2025-06-17,Google Shopping,Mobile,3,1,0,0
2025-10-24,Affiliate ,Tablet,0,0,0,0
2025-10-06,Email,Desktop,3,0,0,0
2025-09-20,Google Shopping,Tablet,0,0,0,0
2026-06-26,Organic Search,Mobile,3,2,2,0
2025-06-14,Organic_Search,Desktop,6,0,0,0
2025-08-31,AFFILIATE,Desktop,1,0,0,0
2026-05-30,Email,Mobile,5,0,0,0
2025-08-07,Google Shopping,Mobile,5,0,0,0
2025-12-09,Organic Search,Mobile,12,2,1,0
2025-02-19,Affiliate,Desktop,2,0,0,0
2026-03-10,Google Search,Desktop,5,0,0,0
2026-03-20,Organic Search,Desktop,9,0,0,0
2026-05-24,affiliate,Tablet,1,0,0,0
2025-06-22,Email,Desktop,3,1,1,0
2026-05-13,Email Marketing,Tablet,0,0,0,0
2025-05-23,Direct,Desktop,4,0,0,0
2025-05-26,email,Desktop,1,0,0,0
2025-03-20,(direct),Desktop,6,1,0,0
2025-07-06,Google Shopping,Tablet,2,0,0,0
2025-03-27,Affiliate,Desktop,2,0,0,0
2025-12-29,Direct,Tablet,0,0,0,0
2025-10-01,Google Search,Desktop,7,2,1,0
2025-07-16,Organic Search,Desktop,2,0,0,0
2025-01-10,email,Tablet,1,0,0,0
2025-06-29,Meta Ads,Tablet,1,0,0,0
2026-01-26,Direct,Tablet,0,0,0,0
2025-10-17,Meta_Ads,Mobile,15,0,0,0
2025-10-14,EMAIL,Desktop,2,1,1,1
2025-11-12,Google_Search,Desktop,4,0,0,0
2026-01-01,Google Search,Mobile,2,0,0,0
2025-07-10,meta ads,Mobile,11,0,0,0
2025-01-01,Google Search,Tablet,2,0,0,0
2025-09-22,Direct,Desktop,0,0,0,0
2025-04-17,Google Search,Tablet,3,0,0,0
2026-01-02,GOOGLE SEARCH,Tablet,1,1,1,1
2025-06-02,Direct,Tablet,2,0,0,0
2025-01-11,Google Search,Mobile,3,0,0,0
2025-08-01,Direct,Tablet,1,0,0,0
2025-07-24,Google Shopping,Mobile,6,1,1,1
2025-07-21,google search,Desktop,5,0,0,0
2025-06-21,Google Shopping,Desktop,7,0,0,0
2025-06-13,Meta Ads,Desktop,12,0,0,0
2026-06-29,Organic Search,Mobile,8,1,1,0
2025-01-31,organic search,Tablet,0,0,0,0
2025-04-16,GOOGLE SHOPPING,Tablet,0,0,0,0
2025-02-05,Organic Search,Mobile,6,0,0,0
2025-01-03,Google Shopping,Tablet,0,0,0,0
2025-11-16,AFFILIATE,Mobile,6,0,0,0
2026-01-11,Organic Search,Mobile,4,0,0,0
2025-07-13,Organic Search,Mobile,7,1,1,0
2025-09-27,Email,Mobile,4,1,0,0
2025-11-18,Google Search,Tablet,1,0,0,0
2025-02-04,Affiliate,Tablet,1,0,0,0
2025-07-16,Direct,Desktop,2,1,1,1
2026-01-02,Facebook/Instagram Ads,Desktop,5,2,1,0
2025-01-16,Google Search,Mobile,5,3,3,0
2026-02-17,Google Search,Mobile,7,0,0,0
2026-04-19,Google Search,Mobile,8,1,1,0
2026-05-28,Meta Ads,Mobile,24,4,3,3
2025-05-10,Organic Search,Tablet,2,0,0,0
2026-03-06,Affiliate,Desktop,1,0,0,0
2025-07-18,Meta Ads,Desktop,3,0,0,0
2026-05-26,Google Search,Tablet,1,0,0,0
2026-06-06,Google Shopping,Tablet,1,0,0,0
2025-09-08,Meta Ads,Desktop,7,1,0,0
2026-02-22,(direct),Desktop,4,0,0,0
2026-02-21,Direct,Desktop,1,0,0,0
2025-08-06,Affiliate ,Mobile,4,1,1,0
2025-04-02,Google_Shopping,Mobile,5,1,1,0
2025-12-10,Meta Ads,Mobile,22,0,0,0
2025-11-12,SEO,Mobile,7,0,0,0
2025-12-24,Organic Search,Tablet,0,0,0,0
2026-04-06,Google Shopping,Desktop,1,0,0,0
2026-05-08,Facebook/Instagram Ads,Mobile,18,0,0,0
2025-02-28,Google Search,Mobile,10,0,0,0
2025-12-14,Meta Ads,Desktop,18,0,0,0
2025-11-13,Google Shopping,Tablet,1,0,0,0
2025-03-02,Meta_Ads,Desktop,5,0,0,0
2025-11-14,Organic Search,Desktop,2,0,0,0
2026-06-05,Email,Tablet,0,0,0,0
2025-07-29,Facebook/Instagram Ads,Mobile,9,0,0,0
2025-05-25,Affiliate,Tablet,0,0,0,0
2026-05-02,Organic Search,Desktop,6,0,0,0
2025-03-15,organic search,Mobile,10,1,1,0
2025-12-24,Google Shopping,Desktop,3,0,0,0
2025-12-05,SEO,Mobile,8,1,1,1
2026-05-12,Organic_Search,Mobile,7,1,0,0
2025-05-17,Meta Ads,Tablet,2,0,0,0
2025-01-12,GOOGLE SHOPPING,Tablet,0,0,0,0
2026-04-20,Affiliate,Tablet,0,0,0,0
2026-01-01,Organic Search,Mobile,7,0,0,0
2025-08-28,Organic Search,Tablet,3,0,0,0
2026-03-13,Affiliate,Tablet,2,0,0,0
2026-02-07,Direct,Tablet,3,0,0,0
2026-05-02,email,Desktop,4,0,0,0
2025-06-30,Google Search,Desktop,9,1,0,0
2026-01-15,Email,Desktop,1,0,0,0
2025-12-26,Email,Desktop,0,0,0,0
2026-05-17,DIRECT,Tablet,0,0,0,0
2025-12-02,Google Search,Mobile,14,3,2,2
2026-01-12,Email Marketing,Mobile,5,0,0,0
2025-05-28,DIRECT,Desktop,4,0,0,0
2025-09-10,Direct,Tablet,0,0,0,0
2025-10-25,FB/IG Ads,Desktop,10,0,0,0
2026-06-03,Meta Ads,Mobile,19,0,0,0
2025-03-13,Google  Search,Desktop,2,0,0,0
2025-11-06,Organic Search,Desktop,4,0,0,0
2026-04-07,Organic Search,Tablet,0,0,0,0
2025-10-23,Google Search,Desktop,1,0,0,0
2025-04-28,Meta Ads,Mobile,8,0,0,0
2026-01-02,Organic Search,Desktop,2,1,1,1
2025-10-30,Meta Ads,Desktop,8,1,0,0
2026-06-12,Meta Ads,Desktop,16,1,1,1
2025-09-07,Organic Search,Desktop,4,1,0,0
2026-04-25,Google Search,Desktop,4,0,0,0
2025-11-08,Direct,Tablet,0,0,0,0
2026-04-19,Organic Search,Tablet,0,0,0,0
2025-02-15,Google Search,Desktop,3,1,1,1
2025-05-16,Google Search,Tablet,3,0,0,0
2026-04-03,Direct,Mobile,1,0,0,0
2026-01-30,Direct,Tablet,0,0,0,0
2026-05-30,Email,Desktop,3,1,1,0
2025-06-21,Email,Mobile,1,0,0,0
2026-04-23,Google Shopping,Mobile,6,0,0,0
2025-10-14,Meta Ads,Desktop,9,0,0,0
2025-04-22,Organic Search,Mobile,5,0,0,0
2025-03-16,Google Shopping,Mobile,6,1,0,0
2025-05-19,Email,Tablet,1,0,0,0
2025-02-24,Google Shopping,Tablet,2,0,0,0
2025-11-07,meta ads,Mobile,21,1,1,0
2025-10-04,Google Shopping,Tablet,1,0,0,0
2026-03-07,Organic Search,Mobile,11,0,0,0
2026-02-14,Organic Search,Mobile,12,1,0,0
2026-05-15,Meta Ads,Desktop,8,1,1,0
2026-05-19,Direct,Mobile,4,1,1,1
2025-05-29,AFFILIATE,Tablet,1,0,0,0
2026-04-13,Email,Mobile,5,0,0,0
2026-05-30,Google_Shopping,Mobile,5,1,1,0
2025-02-26,Google Search,Desktop,4,1,1,1
2026-06-28,Meta Ads,Tablet,3,0,0,0
2025-06-29,Google Shopping,Tablet,2,0,0,0
2025-03-25,Affiliate,Desktop,1,0,0,0
2025-11-30,Affiliate,Tablet,0,0,0,0
2025-09-13,Organic Search,Tablet,1,0,0,0
2025-01-28,Google Shopping,Mobile,3,0,0,0
2025-11-05,Organic Search,Desktop,2,0,0,0
2026-01-29,Google Shopping,Tablet,1,0,0,0
2026-06-09,Meta Ads,Mobile,26,4,3,3
2025-08-17,Organic Search,Desktop,6,0,0,0
2025-02-23,Affiliate,Desktop,0,0,0,0
2025-02-14,Meta Ads,Desktop,7,0,0,0
2025-01-03,Google_Search,Desktop,5,0,0,0
2026-03-26,Affiliate,Tablet,0,0,0,0
2025-03-13,Direct,Tablet,1,0,0,0
2025-09-03,(direct),Tablet,0,0,0,0
2026-06-02,Direct,Tablet,0,0,0,0
2025-07-07,Meta Ads,Mobile,21,2,0,0
2025-09-19,Email,Desktop,6,0,0,0
2025-12-14,Email,Desktop,3,0,0,0
2025-03-21,Direct,Desktop,4,1,1,1
2025-03-10,Email,Desktop,1,0,0,0
2025-06-04,Google Search,Tablet,1,0,0,0
2026-01-09,Email,Mobile,1,0,0,0
2026-01-09,Google Shopping,Tablet,0,0,0,0
2025-01-02,Organic Search,Mobile,4,0,0,0
2026-01-31,Organic Search,Desktop,2,0,0,0
2025-09-15,Google Shopping,Tablet,1,0,0,0
2025-08-20,Google  Search,Mobile,7,1,1,0
2025-11-24,Organic Search,Tablet,0,0,0,0
2026-05-16,Google Shopping,Tablet,1,0,0,0
2026-04-17,Google Search,Mobile,11,2,1,1
2025-11-26,affiliate,Tablet,0,0,0,0
2025-03-25,DIRECT,Mobile,1,0,0,0
2025-05-27,Facebook/Instagram Ads,Desktop,8,1,1,1
2025-01-12,Google Shopping,Mobile,2,0,0,0
2025-12-11,GOOGLE SHOPPING,Tablet,4,0,0,0
2025-03-06,EMAIL,Desktop,2,1,0,0
2026-03-26,AFFILIATE,Mobile,3,0,0,0
2025-11-26,Google Search,Desktop,16,0,0,0
2025-06-23,Meta Ads,Mobile,11,0,0,0
2025-04-02,Affiliate,Mobile,1,0,0,0
2026-06-14,Organic Search,Tablet,2,0,0,0
2026-02-07,Google_Shopping,Tablet,0,0,0,0
2025-09-17,Organic Search,Desktop,4,1,0,0
2025-01-04,Email,Tablet,0,0,0,0
2025-08-18,Email,Desktop,3,0,0,0
2025-02-18,Google Search,Mobile,1,0,0,0
2025-09-02,Affiliate ,Tablet,0,0,0,0
2025-02-24,Google Search,Desktop,4,1,1,0
2026-02-13,DIRECT,Mobile,1,0,0,0
2025-04-09,Meta Ads,Tablet,0,0,0,0
2026-06-11,Google Search,Mobile,11,1,0,0
2025-06-01,Google Shopping,Tablet,0,0,0,0
2025-02-06,FB/IG Ads,Mobile,13,0,0,0
2025-08-14,Direct,Mobile,0,0,0,0
2025-07-06,Google Shopping,Mobile,10,0,0,0
2025-07-27,Meta Ads,Desktop,8,1,0,0
2026-02-16,Email Marketing,Desktop,2,0,0,0
2025-04-05,Organic_Search,Tablet,2,0,0,0
2025-09-18,Google Search,Tablet,0,0,0,0
2025-07-17,Email,Mobile,3,0,0,0
2025-01-10,Organic Search,Desktop,3,1,0,0
2025-06-21,Email,Tablet,0,0,0,0
2026-05-14,email,Mobile,0,0,0,0
2025-07-15,FB/IG Ads,Desktop,10,0,0,0
2025-01-09,email,Desktop,3,1,0,0
2025-06-01,Affiliate,Tablet,0,0,0,0
2026-04-12,Google Search,Desktop,7,1,1,0
2025-07-06,Email,Desktop,1,0,0,0
2025-04-14,Email,Mobile,6,0,0,0
2025-10-02,direct,Tablet,0,0,0,0
2026-03-04,Google Search,Desktop,1,0,0,0
2026-03-27,Email,Tablet,0,0,0,0
2026-01-23,Affiliate,Mobile,1,0,0,0
2026-03-05,(direct),Mobile,2,0,0,0
2025-08-07,Meta Ads,Desktop,6,0,0,0
2026-05-24,Organic_Search,Mobile,10,3,2,0
2026-03-01,Email,Desktop,1,0,0,0
2025-08-19,Google Shopping,Tablet,0,0,0,0
2025-09-28,google shopping,Tablet,0,0,0,0
2025-02-21,GOOGLE SHOPPING,Tablet,1,0,0,0
2025-09-18,GOOGLE SHOPPING,Tablet,0,0,0,0
2025-01-28,Affiliate,Tablet,0,0,0,0
2025-03-23,meta ads,Desktop,6,1,1,1
2025-11-03,Google Search,Desktop,9,0,0,0
2025-09-16,Google Search,Desktop,1,0,0,0
2025-01-03,Google Search,Tablet,1,0,0,0
2026-04-02,Meta Ads,Mobile,25,1,1,1
2025-09-14,Affiliate ,Desktop,1,0,0,0
2025-05-02,organic search,Desktop,3,0,0,0
2025-02-18,Direct,Desktop,0,0,0,0
2025-04-22,Google_Search,Mobile,10,1,1,1
2025-11-27,google search,Mobile,20,0,0,0
2026-01-30,Google Search,Desktop,3,2,1,1
2025-11-03,Organic Search,Desktop,6,0,0,0
2025-07-25,Organic Search,Tablet,0,0,0,0
2025-01-31,Email,Desktop,1,0,0,0
2026-03-06,Direct,Tablet,2,0,0,0
2025-10-09,Affiliate,Mobile,2,1,0,0
2025-12-27,Meta Ads,Tablet,2,0,0,0
2026-02-20,Google Shopping,Desktop,3,1,0,0
2026-02-06,Google Search,Mobile,8,0,0,0
2025-08-04,Google Search,Tablet,2,0,0,0
2026-04-03,Direct,Desktop,2,0,0,0
2025-04-29,Google Shopping,Mobile,2,0,0,0
2025-04-15,Organic Search,Desktop,4,0,0,0
2025-12-01,FB/IG Ads,Mobile,16,0,0,0
2025-11-23,Meta Ads,Tablet,5,1,1,0
2026-05-28,Affiliate ,Tablet,1,0,0,0
2026-06-26,Meta Ads,Tablet,3,0,0,0
2025-07-13,Google_Search,Mobile,5,0,0,0
2026-06-19,GOOGLE SEARCH,Desktop,1,0,0,0
2026-06-17,direct,Tablet,0,0,0,0
2025-07-31,Google Shopping,Mobile,6,0,0,0
2025-11-10,Direct,Desktop,4,1,0,0
2025-09-11,Meta Ads,Mobile,9,0,0,0
2025-09-06,Google Search,Mobile,6,1,0,0
2026-06-19,email,Tablet,1,1,1,1
2026-06-28,google search,Tablet,0,0,0,0
2025-01-02,Affiliate ,Tablet,0,0,0,0
2026-05-15,Email,Desktop,2,0,0,0
2025-01-09,GOOGLE SEARCH,Tablet,1,0,0,0
2025-06-23,Email Marketing,Desktop,5,1,1,0
2025-12-09,Google Shopping,Tablet,0,0,0,0
2025-04-03,Meta Ads,Desktop,9,0,0,0
2026-05-31,Email,Mobile,2,0,0,0
2026-01-17,Organic Search,Tablet,0,0,0,0
2026-06-02,(direct),Desktop,3,0,0,0
2025-09-02,Organic_Search,Tablet,2,0,0,0
2025-05-15,Email,Desktop,2,0,0,0
2026-04-19,Meta Ads,Desktop,5,0,0,0
2025-01-17,Google Search,Desktop,4,0,0,0
2026-05-18,Organic Search,Desktop,6,0,0,0
2026-06-11,Email,Mobile,7,1,1,1
2025-05-16,Affiliate,Mobile,4,0,0,0
2025-07-30,Affiliate,Tablet,0,0,0,0
2025-12-17,Meta Ads,Desktop,11,0,0,0
2025-05-09,Google Search,Tablet,1,0,0,0
2026-03-21,Email,Mobile,1,0,0,0
2025-06-24,GOOGLE SHOPPING,Tablet,0,0,0,0
2026-05-22,DIRECT,Mobile,2,0,0,0
2025-01-06,Google Search,Desktop,2,0,0,0
2025-11-30,Google_Shopping,Desktop,7,1,1,1
2025-11-05,Email,Mobile,5,2,1,1
2026-03-03,organic search,Desktop,9,0,0,0
2025-06-01,Organic Search,Mobile,7,1,1,0
2025-12-27,Organic Search,Tablet,1,0,0,0
2025-02-16,Meta Ads,Desktop,10,2,2,2
2025-02-04,Meta Ads,Tablet,1,0,0,0
2025-09-24,Email,Mobile,3,1,1,1
2026-01-06,(direct),Desktop,1,0,0,0
2025-04-01,Organic_Search,Tablet,1,1,0,0
2025-09-15,Organic_Search,Desktop,7,0,0,0
2025-06-18,google shopping,Mobile,3,1,1,1
2026-06-22,Email,Mobile,4,0,0,0
2026-03-17,Meta Ads,Tablet,0,0,0,0
2026-01-26,Organic_Search,Mobile,1,0,0,0
2026-04-16,(direct),Mobile,6,1,1,0
2025-06-13,Organic Search,Desktop,7,1,0,0
2025-06-13,Email,Desktop,0,0,0,0
2025-11-23,Google Search,Desktop,13,1,1,0
2025-02-20,Google Search,Tablet,0,0,0,0
2025-06-11,Organic Search,Tablet,2,0,0,0
2025-09-25,Email,Tablet,1,0,0,0
2025-08-07,Affiliate,Tablet,0,0,0,0
2025-06-03,Google Shopping,Tablet,3,0,0,0
2025-03-15,Meta Ads,Desktop,7,0,0,0
2025-06-24,Direct,Desktop,0,0,0,0
2026-02-02,GOOGLE SEARCH,Mobile,4,0,0,0
2026-06-30,Organic Search,Desktop,7,0,0,0
2025-05-08,Meta Ads,Desktop,12,1,0,0
2026-06-28,Google Search,Mobile,9,0,0,0
2026-03-19,Google Search,Mobile,10,2,2,1
2025-12-07,Google_Search,Desktop,8,2,2,1
2026-05-08,Organic Search,Desktop,2,0,0,0
2026-04-10,Google Shopping,Desktop,6,0,0,0
2025-12-22,Google Search,Mobile,6,0,0,0
2025-02-07,Google Shopping,Tablet,1,0,0,0
2026-01-20,Organic_Search,Desktop,5,2,1,0
2025-09-01,Organic Search,Tablet,1,0,0,0
2025-09-06,Affiliate ,Tablet,0,0,0,0
2026-01-31,Affiliate,Desktop,2,0,0,0
2025-06-30,Affiliate,Mobile,2,0,0,0
2026-02-16,Affiliate,Tablet,1,0,0,0
2026-03-08,Google Shopping,Mobile,7,1,0,0
2025-01-05,Organic Search,Desktop,1,0,0,0
2026-02-14,Organic Search,Tablet,2,0,0,0
2025-12-19,Google Shopping,Desktop,3,0,0,0
2026-01-30,Google_Search,Mobile,5,1,1,1
2025-06-27,Meta Ads,Mobile,15,1,0,0
2025-09-17,Email Marketing,Desktop,1,0,0,0
2025-03-05,google search,Mobile,4,1,0,0
2025-01-21,Direct,Desktop,0,0,0,0
2025-09-19,Meta Ads,Mobile,7,1,0,0
2025-12-16,Organic Search,Tablet,1,0,0,0
2025-06-17,Affiliate,Tablet,1,0,0,0
2025-10-31,GOOGLE SEARCH,Mobile,4,1,0,0
2025-08-22,Direct,Mobile,0,0,0,0
2025-09-17,affiliate,Mobile,4,0,0,0
2025-03-13,Email,Desktop,4,0,0,0
2025-01-12,Email,Desktop,0,0,0,0
2026-03-25,Google Shopping,Mobile,6,1,1,0
2026-04-28,Email,Desktop,2,1,0,0
2025-12-12,SEO,Desktop,6,1,1,1
2026-01-28,Google Shopping,Tablet,1,1,1,1
2025-05-06,Affiliate,Desktop,1,0,0,0
2026-04-29,Google Search,Desktop,4,0,0,0
2025-02-18,Google Shopping,Desktop,4,0,0,0
2025-12-04,google shopping,Desktop,4,2,1,1
2026-01-19,GOOGLE SHOPPING,Mobile,2,0,0,0
2026-03-22,Email,Desktop,3,1,0,0
2025-07-08,Google Search,Tablet,2,0,0,0
2025-03-05,(direct),Desktop,4,0,0,0
2026-04-15,Email,Tablet,0,0,0,0
2025-11-02,Meta Ads,Tablet,0,0,0,0
2025-12-29,Meta Ads,Tablet,1,0,0,0
2025-09-28,Email,Mobile,2,0,0,0
2025-10-10,Google Shopping,Tablet,2,0,0,0
2026-05-17,Email Marketing,Tablet,0,0,0,0
2025-11-20,Affiliate,Mobile,2,0,0,0
2025-03-12,SEO,Mobile,11,1,1,0
2026-04-02,Affiliate,Mobile,1,0,0,0
2025-06-03,Direct,Tablet,0,0,0,0
2025-11-28,Affiliate,Tablet,1,0,0,0
2025-03-14,Meta Ads,Desktop,1,0,0,0
2025-05-09,DIRECT,Tablet,0,0,0,0
2025-07-09,GOOGLE SHOPPING,Mobile,8,0,0,0
2025-02-17,Organic Search,Desktop,2,0,0,0
2026-04-23,Google Shopping,Desktop,4,3,2,1
2025-08-04,Affiliate,Desktop,1,1,0,0
2026-05-28,Google_Shopping,Desktop,8,0,0,0
2025-02-08,Google Search,Desktop,6,0,0,0
2025-02-04,Affiliate,Mobile,4,0,0,0
2026-03-30,Affiliate,Mobile,6,3,2,1
2025-11-14,AFFILIATE,Mobile,2,0,0,0
2025-02-03,Google Search,Desktop,6,0,0,0
2026-01-13,Google Shopping,Tablet,1,0,0,0
2026-05-23,Meta Ads,Mobile,15,0,0,0
2026-04-20,Direct,Desktop,0,0,0,0
2025-08-17,AFFILIATE,Tablet,0,0,0,0
2026-01-06,Affiliate,Desktop,2,0,0,0
2025-03-04,Meta Ads,Desktop,6,0,0,0
2025-09-15,Organic_Search,Mobile,7,0,0,0
2025-07-16,Direct,Tablet,1,0,0,0
2026-03-05,Affiliate ,Desktop,2,1,1,1
2026-03-19,SEO,Tablet,1,0,0,0
2025-03-03,Meta Ads,Tablet,0,0,0,0
2025-09-27,Email,Tablet,0,0,0,0
2025-08-26,Email,Tablet,0,0,0,0
2025-04-02,Email,Desktop,4,1,1,1
2025-10-21,GOOGLE SHOPPING,Mobile,4,0,0,0
2026-05-22,Organic Search,Desktop,10,1,1,1
2026-01-24,Direct,Mobile,2,0,0,0
2025-01-07,Google Search,Tablet,0,0,0,0
2025-12-31,Email,Desktop,3,1,1,1
2025-03-11,Affiliate,Tablet,0,0,0,0
2025-04-25,Google_Shopping,Mobile,6,1,1,0
2025-06-30,Meta_Ads,Mobile,12,0,0,0
2025-10-26,(direct),Tablet,0,0,0,0
2026-04-14,Email,Mobile,5,1,1,0
2025-08-08,Facebook/Instagram Ads,Tablet,1,0,0,0
2025-05-14,Direct,Mobile,5,1,1,0
2025-12-25,Organic Search,Mobile,7,0,0,0
2025-04-15,Organic Search,Tablet,0,0,0,0
2025-02-02,SEO,Mobile,10,2,0,0
2025-01-27,Google Search,Desktop,3,0,0,0
2025-12-17,Google Shopping,Desktop,4,1,1,0
2025-04-06,Organic Search,Tablet,0,0,0,0
2025-03-19,Organic Search,Tablet,1,0,0,0
2026-05-04,Meta Ads,Tablet,2,0,0,0
2025-10-29,Organic Search,Desktop,4,1,1,1
2025-07-11,Email Marketing,Mobile,0,0,0,0
2025-03-18,Direct,Mobile,6,0,0,0
2025-01-31,direct,Tablet,2,0,0,0
2025-03-09,Email,Tablet,0,0,0,0
2026-01-13,Email,Tablet,2,0,0,0
2025-08-27,Google_Shopping,Mobile,1,0,0,0
2025-03-22,Email,Mobile,3,0,0,0
2026-02-13,Meta Ads,Mobile,18,1,0,0
2026-06-08,FB/IG Ads,Mobile,30,0,0,0
2025-12-02,Direct,Tablet,1,0,0,0
2025-01-17,Google_Shopping,Tablet,0,0,0,0
2025-03-28,EMAIL,Desktop,2,0,0,0
2025-10-20,Organic Search,Tablet,2,0,0,0
2025-11-15,Affiliate,Desktop,1,0,0,0
2025-08-10,Organic Search,Mobile,10,0,0,0
2026-01-21,Facebook/Instagram Ads,Desktop,10,0,0,0
2026-05-27,organic search,Desktop,3,0,0,0
2026-03-23,Email,Desktop,5,1,1,1
2025-05-30,Google Search,Tablet,2,0,0,0
2026-06-25,google shopping,Mobile,6,1,0,0
2025-02-22,Google Search,Desktop,2,0,0,0
2025-05-16,Organic Search,Mobile,7,1,0,0
2026-04-30,Google Shopping,Mobile,4,0,0,0
2026-01-05,Meta Ads,Desktop,9,1,1,1
2026-01-22,Meta Ads,Tablet,0,0,0,0
2026-06-03,Meta Ads,Desktop,17,1,1,1
2026-03-26,Organic Search,Mobile,6,0,0,0
2026-03-10,Meta Ads,Mobile,16,1,1,0
2026-03-09,Meta Ads,Mobile,27,1,0,0
2026-05-26,Organic Search,Tablet,2,0,0,0
2025-05-16,Meta Ads,Desktop,11,2,2,0
2025-08-21,GOOGLE SEARCH,Tablet,0,0,0,0
2025-06-23,google shopping,Tablet,1,0,0,0
2025-12-14,direct,Tablet,0,0,0,0
2026-02-24,Affiliate,Mobile,3,0,0,0
2025-09-26,Meta Ads,Mobile,16,2,1,0
2026-02-04,Google Shopping,Mobile,8,0,0,0
2025-10-13,meta ads,Tablet,2,0,0,0
2026-02-17,Google Shopping,Desktop,4,1,1,1
2026-03-16,Email,Mobile,3,0,0,0
2025-07-13,Organic_Search,Desktop,7,0,0,0
2026-05-05,Google Search,Tablet,0,0,0,0
2025-01-13,Email,Desktop,0,0,0,0
2026-01-10,Email,Tablet,2,0,0,0
2026-03-25,Google Shopping,Desktop,4,1,1,1
2025-12-31,email,Mobile,0,0,0,0
2025-06-11,Email,Mobile,4,0,0,0
2025-03-14,Google Search,Desktop,2,0,0,0
2025-07-01,Organic Search,Desktop,6,1,0,0
2025-03-24,Google Shopping,Desktop,1,0,0,0
2025-06-04,affiliate,Desktop,1,0,0,0
2025-09-05,Google Search,Mobile,5,0,0,0
2025-03-15,Affiliate,Mobile,6,0,0,0
2026-03-05,Organic Search,Tablet,0,0,0,0
2026-01-30,Direct,Mobile,4,1,1,0
2026-04-27,Email,Desktop,1,0,0,0
2026-04-18,Google Shopping,Desktop,1,0,0,0
2025-02-26,GOOGLE SEARCH,Tablet,0,0,0,0
2025-05-07,Affiliate,Mobile,4,1,1,0
2025-12-29,Affiliate,Tablet,0,0,0,0
2026-06-10,Affiliate,Tablet,0,0,0,0
2025-09-22,Google Shopping,Desktop,2,0,0,0
2025-08-30,Organic Search,Mobile,4,0,0,0
2025-02-03,Organic Search,Tablet,3,0,0,0
2026-05-02,Organic Search,Mobile,11,2,1,0
2025-09-08,Affiliate,Desktop,1,0,0,0
2025-01-02,Google Shopping,Desktop,3,0,0,0
2025-11-05,Meta_Ads,Desktop,6,0,0,0
2025-05-27,EMAIL,Mobile,8,1,0,0
2026-02-22,Google Search,Desktop,5,0,0,0
2025-05-03,SEO,Mobile,8,1,0,0
2026-03-09,Meta Ads,Desktop,10,0,0,0
2025-03-20,Google Shopping,Tablet,0,0,0,0
2025-03-07,Google Search,Tablet,0,0,0,0
2026-04-06,Google Search,Mobile,8,0,0,0
2025-12-31,Meta_Ads,Desktop,6,0,0,0
2025-08-24,Affiliate,Mobile,3,0,0,0
2025-02-10,Google Shopping,Mobile,6,0,0,0
2025-05-31,Organic Search,Tablet,1,1,1,1
2025-03-25,Meta Ads,Desktop,5,0,0,0
2026-05-01,Organic Search,Mobile,10,1,0,0
2025-12-15,Google Shopping,Tablet,3,0,0,0
2025-01-20,GOOGLE SHOPPING,Mobile,4,0,0,0
2025-06-09,Email,Tablet,4,2,1,1
2025-05-15,Google Search,Mobile,8,0,0,0
2025-07-03,Email,Desktop,1,0,0,0
2025-10-23,Google Shopping,Mobile,2,0,0,0
2025-07-08,Affiliate,Desktop,0,0,0,0
2025-06-13,Google_Search,Mobile,7,0,0,0
2026-06-30,Meta Ads,Desktop,20,1,1,0
2025-03-30,Affiliate,Desktop,1,0,0,0
2025-07-19,Google Search,Desktop,5,2,2,1
2025-01-07,Affiliate,Mobile,3,0,0,0
2025-08-26,Organic Search,Mobile,6,0,0,0
2025-10-01,Meta Ads,Mobile,17,1,1,0
2026-02-06,Google Search,Tablet,3,1,1,1
2026-04-17,Google Search,Desktop,0,0,0,0
2026-03-02,AFFILIATE,Mobile,7,0,0,0
2026-04-18,Meta Ads,Desktop,12,1,1,1
2026-01-18,google shopping,Mobile,5,0,0,0
2026-03-13,Direct,Mobile,3,1,0,0
2025-05-14,Affiliate,Desktop,1,0,0,0
2026-06-22,Google  Search,Mobile,9,2,1,0
2025-06-12,google search,Mobile,10,2,1,0
2026-06-26,Direct,Desktop,4,3,2,0
2026-03-24,Organic Search,Desktop,7,1,1,1
2026-01-21,Direct,Desktop,1,0,0,0
2026-01-28,EMAIL,Tablet,0,0,0,0
2025-08-09,Direct,,2,1,0,0
2025-11-21,GOOGLE SEARCH,Desktop,6,0,0,0
2025-10-04,Meta Ads,Mobile,16,1,1,1
2025-10-15,Direct,Desktop,0,0,0,0
2025-07-11,Direct,Tablet,0,0,0,0
2025-12-03,meta ads,Mobile,27,1,0,0
2026-01-06,Affiliate,Mobile,3,0,0,0
2025-04-06,Affiliate,Tablet,1,0,0,0
2025-06-21,Organic Search,Tablet,1,0,0,0
2026-05-13,Affiliate,Tablet,0,0,0,0
2026-05-11,Google Shopping,Mobile,7,1,0,0
2026-02-05,Google Shopping,Tablet,2,0,0,0
2026-02-02,Meta Ads,Tablet,1,1,0,0
2025-02-28,Direct,Mobile,4,0,0,0
2025-08-01,Direct,Desktop,1,0,0,0
2026-04-29,Direct,Desktop,2,0,0,0
2025-05-17,Meta Ads,Mobile,7,0,0,0
2026-02-12,Google Search,Tablet,2,0,0,0
2026-01-19,Meta Ads,Tablet,2,0,0,0
2025-02-13,email,Mobile,3,0,0,0
2025-09-24,Affiliate,Desktop,3,0,0,0
2025-02-11,Affiliate,Desktop,0,0,0,0
2026-06-11,Google Search,Desktop,6,0,0,0
2026-01-12,Google Search,Desktop,1,0,0,0
2026-04-15,Google Shopping,Tablet,1,0,0,0
2025-12-20,Email,Desktop,3,1,0,0
2026-02-12,Direct,Mobile,3,0,0,0
2025-09-18,Meta Ads,Tablet,4,0,0,0
2026-04-28,SEO,Desktop,4,0,0,0
2025-06-01,Organic Search,Desktop,4,0,0,0
2025-06-16,Affiliate,Mobile,3,1,1,0
2025-04-28,meta ads,Desktop,14,0,0,0
2025-03-13,Meta Ads,Desktop,3,0,0,0
2025-03-08,Organic Search,Desktop,7,1,0,0
2026-02-05,Email,Mobile,10,0,0,0
2025-11-19,Email,Tablet,2,0,0,0
2026-04-12,Google Search,Mobile,13,2,1,1
2026-03-25,Affiliate,Desktop,2,0,0,0
2025-02-02,Email,Desktop,3,0,0,0
2026-03-09,email,Mobile,2,0,0,0
2026-02-27,Direct,Mobile,3,0,0,0
2025-10-31,Affiliate,Desktop,2,0,0,0
2025-08-07,Meta Ads,Mobile,16,1,1,1
2025-09-02,Email,Desktop,0,0,0,0
2025-12-29,Google Search,Desktop,4,0,0,0
2026-04-26,Organic Search,Mobile,13,1,0,0
2026-04-03,Google Shopping,Mobile,4,0,0,0
2026-03-18,Google Shopping,Mobile,8,1,1,1
2025-01-30,Google Search,Tablet,0,0,0,0
2026-02-09,Email,Desktop,1,0,0,0
2025-11-18,Affiliate,Tablet,0,0,0,0
2026-03-10,Email,Mobile,3,0,0,0
2025-10-02,Affiliate,Mobile,1,0,0,0
2025-03-04,Email,Mobile,1,0,0,0
2025-04-26,Affiliate,Tablet,0,0,0,0
2025-04-01,Direct,Mobile,4,0,0,0
2025-12-05,Meta Ads,Mobile,18,0,0,0
2026-04-01,Organic Search,Tablet,0,0,0,0
2025-07-22,Email Marketing,Tablet,0,0,0,0
2026-01-16,Direct,Desktop,3,0,0,0
2025-07-21,(direct),Mobile,4,1,1,0
2025-05-07,email,Tablet,0,0,0,0
2025-07-28,Email,Desktop,0,0,0,0
2025-03-26,Email,Desktop,4,1,0,0
2025-04-15,Meta_Ads,Desktop,5,0,0,0
2025-01-29,Meta Ads,Mobile,7,0,0,0
2025-02-07,Email,Desktop,2,0,0,0
2025-08-21,Direct,Tablet,0,0,0,0
2025-09-03,Google Search,Tablet,3,0,0,0
2026-03-31,Google Shopping,Desktop,5,1,1,1
2025-06-29,Direct,Tablet,1,0,0,0
2025-02-08,Google Search,Tablet,1,0,0,0
2025-09-20,Google Search,Mobile,14,1,0,0
2026-04-11,SEO,Tablet,0,0,0,0
2025-12-26,Organic Search,Tablet,0,0,0,0
2025-04-27,Google  Search,Mobile,7,2,1,1
2026-02-07,Meta Ads,Tablet,3,0,0,0
2025-04-26,Email,Mobile,6,1,1,0
2025-10-02,AFFILIATE,Tablet,0,0,0,0
2025-11-04,Organic Search,Desktop,6,0,0,0
2026-01-15,Google Shopping,Desktop,4,1,1,1
2025-05-17,Meta Ads,Desktop,9,0,0,0
2026-04-16,Affiliate,Tablet,0,0,0,0
2026-02-13,Organic Search,Desktop,2,0,0,0
2026-04-25,Organic Search,Mobile,8,1,1,1
2025-10-21,Affiliate,Tablet,1,0,0,0
2026-01-29,Google Search,Tablet,2,0,0,0
2026-06-27,Organic Search,Desktop,4,0,0,0
2025-04-04,Direct,Tablet,0,0,0,0
2025-01-07,Meta Ads,Tablet,4,0,0,0
2026-04-26,Direct,Tablet,1,0,0,0
2025-06-15,Meta Ads,Tablet,0,0,0,0
2025-11-04,Google Shopping,Desktop,4,0,0,0
2026-01-19,Meta Ads,Desktop,7,0,0,0
2025-11-16,Google Search,Tablet,1,0,0,0
2026-06-30,meta ads,Tablet,2,0,0,0
2025-09-10,Google Shopping,Tablet,0,0,0,0
2025-06-27,Email,Desktop,1,0,0,0
2026-01-31,Email,Mobile,7,0,0,0
2026-03-02,google search,Mobile,10,1,1,1
2025-04-14,Facebook/Instagram Ads,Mobile,8,2,1,1
2025-05-25,google search,Desktop,3,0,0,0
2026-01-15,GOOGLE SEARCH,Mobile,5,0,0,0
2025-10-19,Google Shopping,Desktop,2,0,0,0
2025-12-07,Direct,Tablet,0,0,0,0
2026-04-16,GOOGLE SEARCH,Mobile,6,0,0,0
2025-04-17,Email,Tablet,0,0,0,0
2025-11-14,Affiliate,Tablet,0,0,0,0
2026-02-07,Meta Ads,Mobile,15,0,0,0
2026-06-01,Google Search,Mobile,12,0,0,0
2025-09-24,Affiliate,Tablet,0,0,0,0
2025-06-10,Direct,Tablet,2,0,0,0
2026-01-18,Organic Search,Tablet,2,0,0,0
2026-05-12,Direct,Desktop,3,1,1,1
2026-06-17,affiliate,Tablet,1,0,0,0
2025-05-17,Direct,Tablet,1,0,0,0
2026-03-20,Google Search,Desktop,4,0,0,0
2025-05-14,Direct,Desktop,0,0,0,0
2026-02-17,Direct,Desktop,4,1,1,0
2026-04-11,DIRECT,Mobile,3,0,0,0
2025-12-21,GOOGLE SHOPPING,Tablet,0,0,0,0
2026-03-16,Google  Search,Tablet,0,0,0,0
2026-06-13,Organic Search,Tablet,1,0,0,0
2025-07-16,google shopping,Desktop,4,1,1,1
2025-04-13,Direct,Mobile,7,1,1,0
2025-07-28,Direct,Tablet,0,0,0,0
2025-04-29,AFFILIATE,Tablet,0,0,0,0
2026-02-05,SEO,Tablet,1,0,0,0
2025-05-24,Google  Search,Tablet,1,0,0,0
2026-02-02,Affiliate,Desktop,1,0,0,0
2026-05-14,google shopping,Desktop,7,1,1,1
2025-07-23,Google Search,Tablet,0,0,0,0
2026-04-16,email,Desktop,2,1,1,1
2025-04-26,Google Shopping,Mobile,6,0,0,0
2025-02-27,Meta Ads,Tablet,0,0,0,0
2026-05-16,Google Search,Tablet,2,0,0,0
2025-11-09,Meta Ads,Desktop,11,0,0,0
2025-10-01,Direct,Tablet,1,0,0,0
2025-04-20,Direct,Mobile,6,1,0,0
2025-01-05,Meta Ads,Tablet,2,0,0,0
2026-02-12,Affiliate,Mobile,7,0,0,0
2026-01-30,Organic Search,Tablet,1,0,0,0
2025-04-06,Organic Search,Mobile,4,1,1,1
2025-11-11,Meta Ads,Desktop,8,1,1,1
2025-04-05,Google Shopping,Desktop,3,1,0,0
2026-03-24,google shopping,Tablet,1,0,0,0
2025-05-24,Organic Search,Desktop,4,0,0,0
2026-06-30,Email,Desktop,4,0,0,0
2025-07-04,FB/IG Ads,Mobile,6,0,0,0
2025-01-12,Organic Search,Desktop,3,1,1,1
2025-10-23,Google_Shopping,Tablet,1,0,0,0
2025-08-15,Meta_Ads,Mobile,9,0,0,0
2026-01-12,email,Tablet,0,0,0,0
2026-03-30,Affiliate,Desktop,0,0,0,0
2025-02-01,Organic Search,Desktop,5,2,2,0
2025-08-07,Email,Desktop,1,0,0,0
2025-08-04,Google_Search,Desktop,0,0,0,0
2025-05-09,Direct,Desktop,2,0,0,0
2026-05-18,Organic Search,Mobile,7,1,1,0
2026-05-27,google search,Desktop,10,0,0,0
2025-07-19,Affiliate,Desktop,1,0,0,0
2025-11-08,Direct,Mobile,7,0,0,0
2026-03-01,Meta Ads,Desktop,6,0,0,0
2026-01-15,Affiliate,Desktop,0,0,0,0
2026-03-22,Email,Mobile,6,0,0,0
2025-01-02,Direct,Desktop,1,0,0,0
2025-03-30,Meta Ads,Mobile,13,0,0,0
2025-03-04,Meta Ads,Mobile,10,0,0,0
2025-01-03,Meta Ads,Mobile,6,0,0,0
2025-11-29,Google Search,Desktop,9,1,1,1
2025-06-28,Direct,Mobile,4,0,0,0
2025-03-02,Email,Desktop,1,1,0,0
2025-01-09,Google_Shopping,Mobile,5,2,1,0
2026-02-15,Organic Search,Desktop,1,0,0,0
2025-11-02,Email,Desktop,2,1,0,0
2026-02-07,Email,Mobile,3,0,0,0
2025-10-26,Organic Search,Desktop,2,0,0,0
2025-05-11,Organic Search,Mobile,5,0,0,0
2025-06-27,Google Search,Tablet,0,0,0,0
2025-03-04,Email,Tablet,2,0,0,0
2025-10-29,DIRECT,Desktop,2,1,1,1
2025-01-16,Email,Mobile,4,0,0,0
2026-05-12,Email,Tablet,0,0,0,0
2025-06-08,Google Search,Tablet,1,0,0,0
2025-09-16,Google Search,Mobile,10,1,1,1
2025-08-16,EMAIL,Mobile,1,0,0,0
2025-10-25,Organic Search,Tablet,0,0,0,0
2026-02-22,Google Shopping,Desktop,2,0,0,0
2025-12-18,Google Shopping,Tablet,0,0,0,0
2025-06-13,Direct,Mobile,4,0,0,0
2025-12-01,Google Search,Tablet,1,0,0,0
2025-01-05,Direct,Tablet,0,0,0,0
2026-03-18,Direct,Desktop,1,0,0,0
2025-04-17,Google_Shopping,Desktop,2,0,0,0
2025-01-14,Organic Search,Tablet,0,0,0,0
2026-01-26,email,Mobile,3,2,1,0
2025-12-05,Affiliate,Desktop,0,0,0,0
2025-07-04,Google Shopping,Tablet,1,0,0,0
2026-01-28,Google  Search,Desktop,0,0,0,0
2025-12-04,Google Search,Tablet,2,0,0,0
2026-05-16,Meta Ads,Desktop,14,0,0,0
2026-01-18,Direct,Desktop,4,0,0,0
2026-03-15,Email Marketing,Tablet,1,0,0,0
2025-07-21,Organic Search,Desktop,5,1,1,0
2025-05-09,email,Desktop,1,0,0,0
2025-06-20,SEO,Mobile,8,2,1,1
2025-08-25,(direct),Mobile,6,0,0,0
2025-06-19,Affiliate,Mobile,3,1,1,1
2025-12-25,Affiliate,Mobile,1,0,0,0
2026-05-22,Google Shopping,Mobile,6,1,0,0
2025-12-14,Google Search,Tablet,3,0,0,0
2026-01-15,Google Search,Desktop,4,0,0,0
2025-06-06,Affiliate,Mobile,3,1,1,1
2026-04-26,Google Search,Mobile,6,1,1,1
2025-07-09,Affiliate,Tablet,0,0,0,0
2026-02-21,Affiliate,Mobile,2,0,0,0
2026-04-12,Meta Ads,Desktop,11,0,0,0
2025-07-26,Google Search,Tablet,0,0,0,0
2026-04-07,Google Shopping,Desktop,1,0,0,0
2025-12-05,organic search,Tablet,1,0,0,0
2025-12-17,Google  Search,Mobile,14,1,0,0
2025-07-08,Organic Search,Tablet,2,0,0,0
2026-05-15,Affiliate,Tablet,0,0,0,0
2025-12-27,Meta Ads,Mobile,10,0,0,0
2026-01-10,Google Search,Desktop,6,1,1,1
2025-07-11,Direct,Mobile,3,0,0,0
2025-10-04,Email Marketing,Mobile,2,1,0,0
2026-02-20,Google Shopping,Mobile,7,0,0,0
2025-03-03,Direct,Tablet,0,0,0,0
2025-09-07,Google Search,Tablet,0,0,0,0
2025-04-03,Affiliate ,Tablet,1,0,0,0
2025-10-15,Email,Desktop,4,1,1,1
2026-06-28,Google Shopping,Mobile,7,1,0,0
2025-01-05,Google Shopping,Desktop,2,0,0,0
2026-01-17,Google Search,Desktop,4,1,1,1
2025-07-08,Direct,Tablet,0,0,0,0
2026-06-08,EMAIL,Desktop,2,0,0,0
2025-02-02,Google Shopping,Mobile,5,0,0,0
2025-03-06,Google Shopping,Desktop,4,1,1,0
2025-12-16,Email,Desktop,6,0,0,0
2026-03-22,Direct,Mobile,3,0,0,0
2026-01-23,Google Shopping,Desktop,1,0,0,0
2026-04-11,Google Shopping,Desktop,2,0,0,0
2026-04-23,Email,Desktop,3,1,1,1
2025-08-11,Email,Tablet,0,0,0,0
2025-05-13,Organic Search,Mobile,7,1,1,1
2025-11-13,google shopping,Desktop,6,0,0,0
2025-12-08,Email,Tablet,1,0,0,0
2026-04-05,Google Search,Mobile,13,2,2,0
2025-02-24,Affiliate,Mobile,2,0,0,0
2025-12-07,Email,Tablet,0,0,0,0
2025-09-13,Meta Ads,Mobile,14,0,0,0
2025-04-26,Email,Tablet,0,0,0,0
2025-10-29,Google Search,Tablet,4,0,0,0
2025-04-01,Direct,Desktop,5,1,1,1
2025-06-29,Affiliate,Tablet,0,0,0,0
2026-05-09,Google Shopping,Desktop,6,1,0,0
2025-04-20,Email,Desktop,2,0,0,0
2025-04-08,Affiliate,Desktop,0,0,0,0
2025-12-25,google shopping,Tablet,1,0,0,0
2025-04-27,Meta Ads,Desktop,6,0,0,0
2025-02-14,Organic_Search,Tablet,1,0,0,0
2025-04-01,Organic Search,Desktop,4,0,0,0
2026-04-02,direct,Mobile,3,0,0,0
2025-08-22,Google_Search,Tablet,3,1,0,0
2025-06-15,Organic Search,Tablet,2,1,1,0
2026-03-29,Meta Ads,Desktop,13,0,0,0
2026-03-16,Affiliate ,Mobile,2,0,0,0
2025-10-16,Organic Search,Desktop,7,0,0,0
2026-06-05,Meta Ads,Tablet,3,0,0,0
2026-04-04,GOOGLE SEARCH,Desktop,1,0,0,0
2025-06-02,affiliate,Desktop,1,0,0,0
2026-01-13,Email,Desktop,0,0,0,0
2025-12-27,Facebook/Instagram Ads,Desktop,9,0,0,0
2026-05-14,Google Search,Tablet,1,0,0,0
2025-05-11,Email Marketing,Tablet,2,1,0,0
2025-11-13,Meta Ads,Tablet,0,0,0,0
2025-11-02,Organic Search,Mobile,8,0,0,0
2025-10-04,Google Shopping,Mobile,4,0,0,0
2026-05-21,meta ads,Mobile,25,1,0,0
2025-04-14,google shopping,Desktop,2,0,0,0
2025-12-13,Email,Tablet,0,0,0,0
2026-03-31,Direct,Desktop,3,1,1,1
2026-01-20,meta ads,Tablet,3,0,0,0
2025-10-23,Email,Tablet,1,0,0,0
2025-02-26,Meta Ads,Tablet,1,0,0,0
2025-09-11,Affiliate,Tablet,0,0,0,0
2025-07-02,Affiliate,Desktop,0,0,0,0
2026-05-27,Email,Mobile,7,0,0,0
2025-07-14,Organic Search,Desktop,1,0,0,0
2025-08-24,meta ads,Mobile,11,1,1,0
2025-02-11,Organic Search,Desktop,3,0,0,0
2026-03-07,Google Shopping,Desktop,1,0,0,0
2025-12-08,(direct),Tablet,1,0,0,0
2025-10-08,Meta Ads,Mobile,12,2,2,1
2025-09-01,Google Search,Tablet,4,1,1,1
2025-08-10,Google Shopping,Tablet,0,0,0,0
2025-12-10,Meta Ads,Desktop,13,0,0,0
2025-02-18,Email,Mobile,1,0,0,0
2025-01-24,AFFILIATE,Desktop,1,0,0,0
2026-03-20,DIRECT,Mobile,1,0,0,0
2026-04-04,Facebook/Instagram Ads,Desktop,14,0,0,0
2025-03-24,Direct,Mobile,3,0,0,0
2026-05-15,Google Search,Tablet,4,0,0,0
2025-06-18,Google Shopping,Tablet,1,1,1,0
2025-12-27,Organic Search,Mobile,2,0,0,0
2026-06-19,Direct,Tablet,0,0,0,0
2025-09-01,Affiliate,Mobile,0,0,0,0
2025-02-09,Google  Search,Desktop,3,0,0,0
2025-06-06,Google_Search,Tablet,4,0,0,0
2026-05-26,organic search,Desktop,4,1,0,0
2026-01-21,Meta Ads,Tablet,2,0,0,0
2025-02-14,Email,Mobile,4,0,0,0
2026-03-06,Email,Desktop,1,1,1,1
2025-12-07,Email,Mobile,2,0,0,0
2026-05-02,Google Search,Desktop,3,0,0,0
2025-05-07,Affiliate,Desktop,3,0,0,0
2025-10-25,Email,Mobile,9,0,0,0
2026-06-24,Direct,Tablet,0,0,0,0
2025-05-25,Affiliate,Desktop,0,0,0,0
2025-11-23,DIRECT,Tablet,0,0,0,0
2025-07-24,affiliate,Desktop,1,1,1,0
2026-03-23,Meta Ads,Desktop,7,0,0,0
2025-04-20,Organic Search,Mobile,9,1,0,0
2025-10-22,affiliate,Mobile,2,1,1,0
2025-06-01,Meta Ads,Mobile,5,0,0,0
2026-02-01,Google Shopping,Desktop,3,0,0,0
2025-11-13,Email,Mobile,3,1,0,0
2025-10-29,Email,Mobile,6,1,1,0
2025-09-10,Google Search,Mobile,5,0,0,0
2026-02-25,Organic Search,Mobile,8,1,1,0
2025-03-17,Email,Tablet,0,0,0,0
2026-06-10,Google Search,Tablet,1,0,0,0
2025-04-29,Google Shopping,Desktop,1,0,0,0
2025-02-11,GOOGLE SHOPPING,Desktop,4,0,0,0
2025-08-06,Affiliate,Desktop,0,0,0,0
2025-07-26,Affiliate,Tablet,2,0,0,0
2025-11-17,Meta Ads,Tablet,2,0,0,0
2025-01-04,Meta Ads,Mobile,13,2,2,0
2026-06-19,GOOGLE SEARCH,Mobile,3,0,0,0
2025-08-03,Affiliate,Mobile,0,0,0,0
2026-04-20,Google_Shopping,Desktop,6,1,1,0
2026-06-27,Affiliate,Desktop,1,0,0,0
2026-04-03,Google  Search,Mobile,9,0,0,0
2026-03-08,Google Search,Mobile,10,2,1,0
2026-03-21,Affiliate,Desktop,0,0,0,0
2025-03-18,Email,Desktop,2,0,0,0
2026-06-16,Affiliate,Tablet,0,0,0,0
2025-10-28,Affiliate,Mobile,5,0,0,0
2026-05-03,Organic Search,Tablet,2,0,0,0
2025-06-06,Organic Search,Desktop,4,0,0,0
2025-10-24,Email,Mobile,3,0,0,0
2025-08-22,Organic_Search,Tablet,1,0,0,0
2025-06-21,GOOGLE SHOPPING,Tablet,1,0,0,0
2025-08-01,google search,Mobile,7,1,0,0
2025-05-18,Email,Tablet,0,0,0,0
2025-06-20,Email,Mobile,5,0,0,0
2025-02-28,Meta Ads,Desktop,3,1,0,0
2026-02-18,SEO,Tablet,0,0,0,0
2026-02-24,FB/IG Ads,Desktop,9,1,1,1
2025-06-07,Google Shopping,Tablet,3,0,0,0
2025-09-16,Meta Ads,Mobile,14,1,0,0
2026-03-29,Affiliate,Desktop,4,1,1,0
2026-02-19,SEO,Tablet,2,0,0,0
2025-07-27,Organic Search,Tablet,0,0,0,0
2025-07-09,AFFILIATE,Desktop,3,0,0,0
2025-05-31,Affiliate,Mobile,2,0,0,0
2025-06-16,Google_Search,Tablet,0,0,0,0
2025-09-08,Organic Search,Mobile,11,0,0,0
2025-09-01,Email,Tablet,2,0,0,0
2026-03-27,Organic Search,Tablet,1,0,0,0
2025-05-22,affiliate,Desktop,0,0,0,0
2025-11-22,Email,Desktop,3,1,0,0
2025-09-30,Meta Ads,Tablet,0,0,0,0
2025-07-28,Email,Mobile,7,1,1,0
2026-06-21,Google Search,Mobile,10,1,1,1
2026-03-15,Direct,Desktop,2,0,0,0
2025-01-16,Direct,Tablet,0,0,0,0
2025-08-14,Meta Ads,Tablet,1,1,0,0
2026-01-25,Organic Search,Tablet,1,0,0,0
2025-02-24,Google Search,Mobile,8,0,0,0
2025-12-31,Email,Tablet,2,1,1,0
2026-02-14,affiliate,Desktop,2,1,1,1
2025-02-06,Organic Search,Mobile,6,0,0,0
2025-08-03,Google_Shopping,Desktop,4,0,0,0
2025-03-09,Google Shopping,Tablet,0,0,0,0
2026-03-16,Meta Ads,Tablet,4,0,0,0
2026-01-12,Meta Ads,Tablet,4,0,0,0
2026-05-22,Organic Search,Mobile,5,2,1,1
2025-08-28,Direct,Tablet,0,0,0,0
2025-07-31,Email,Tablet,0,0,0,0
2026-01-27,Direct,Tablet,1,0,0,0
2026-05-20,Email,Tablet,1,0,0,0
2025-08-03,Organic Search,Tablet,3,0,0,0
2025-07-23,Affiliate,Mobile,0,0,0,0
2025-12-23,Direct,Tablet,0,0,0,0
2026-01-14,Google Search,Tablet,2,1,1,0
2026-04-27,Google Shopping,Desktop,6,0,0,0
2025-04-19,EMAIL,Mobile,0,0,0,0
2025-02-07,Direct,Tablet,0,0,0,0
2025-10-14,Organic Search,Desktop,2,0,0,0
2025-10-08,Organic Search,Desktop,1,1,1,1
2025-12-21,Meta Ads,Mobile,21,1,1,1
2025-09-11,Direct,Mobile,2,0,0,0
2025-02-02,organic search,Tablet,0,0,0,0
2025-10-20,Google Shopping,Desktop,4,0,0,0
2026-04-23,Direct,Mobile,3,0,0,0
2025-08-21,Affiliate,Mobile,0,0,0,0
2025-07-08,Direct,Mobile,3,0,0,0
2026-01-14,Google Search,Desktop,5,0,0,0
2026-03-01,Google Search,Tablet,1,0,0,0
2026-01-15,Affiliate,Mobile,2,0,0,0
2025-01-27,Meta Ads,Mobile,5,0,0,0
2025-07-14,Google Shopping,Mobile,1,0,0,0
2025-11-03,Email,Tablet,1,1,1,1
2025-08-28,Google Shopping,Desktop,2,0,0,0
2025-04-01,Meta Ads,Tablet,1,0,0,0
2026-03-08,Meta Ads,Mobile,20,1,1,0
2026-05-02,FB/IG Ads,Tablet,2,0,0,0
2026-02-17,organic search,Tablet,1,1,1,1
2025-03-10,direct,Tablet,0,0,0,0
2025-07-19,Email,Tablet,1,0,0,0
2026-01-22,Organic Search,Tablet,1,0,0,0
2026-01-17,Google Search,Mobile,6,0,0,0
2025-08-22,Meta Ads,Mobile,17,1,0,0
2025-05-23,Google Search,Mobile,8,0,0,0
2026-01-24,Google Shopping,Desktop,4,0,0,0
2025-01-14,Google Search,Desktop,1,0,0,0
2026-03-14,Affiliate,Desktop,1,0,0,0
2026-02-03,Direct,Tablet,0,0,0,0
2026-01-02,AFFILIATE,Tablet,0,0,0,0
2025-07-28,Affiliate,Mobile,2,0,0,0
2025-11-06,Organic Search,Tablet,4,1,1,0
2025-06-27,DIRECT,Mobile,5,0,0,0
2026-04-03,Organic Search,Desktop,8,2,1,0
2025-06-03,Google Search,Mobile,8,0,0,0
2025-10-31,Organic Search,Tablet,2,0,0,0
2025-11-29,Organic Search,Desktop,11,0,0,0
2025-03-06,Direct,Tablet,0,0,0,0
2025-02-04,Google Search,Tablet,3,1,1,1
2025-09-25,Affiliate,Tablet,0,0,0,0
2025-09-08,Google Shopping,Mobile,2,0,0,0
2025-08-23,Google Search,Desktop,5,0,0,0
2025-11-19,Google Shopping,Desktop,5,0,0,0
2026-02-09,google search,Tablet,1,0,0,0
2026-06-08,Organic Search,Tablet,0,0,0,0
2025-12-27,Direct,Tablet,1,0,0,0
2026-01-14,Google Shopping,Tablet,0,0,0,0
2025-12-21,email,Tablet,1,0,0,0
2025-10-22,Facebook/Instagram Ads,Desktop,5,0,0,0
2026-01-18,Meta Ads,Desktop,11,0,0,0
2026-06-30,(direct),Desktop,4,1,1,0
2025-11-15,Google Search,Desktop,5,0,0,0
2026-02-15,FB/IG Ads,Tablet,1,0,0,0
2025-08-24,GOOGLE SEARCH,Mobile,5,0,0,0
2025-02-07,Meta Ads,Desktop,9,0,0,0
2025-01-30,Meta Ads,Mobile,6,0,0,0
2025-09-15,Email,Mobile,6,0,0,0
2025-08-12,Meta Ads,Desktop,7,1,1,1
2025-10-27,Email,Tablet,1,0,0,0
2025-08-22,Email,Mobile,4,0,0,0
2025-05-05,Google Search,Mobile,8,0,0,0
2026-02-16,Meta Ads,Desktop,15,0,0,0
2025-04-25,Email,Tablet,1,0,0,0
2025-11-16,Affiliate,Tablet,0,0,0,0
2026-01-16,Organic_Search,Tablet,1,0,0,0
2025-11-06,GOOGLE SHOPPING,Desktop,5,0,0,0
2025-02-06,Direct,Mobile,3,1,1,0
2025-05-21,Facebook/Instagram Ads,Mobile,14,1,0,0
2025-04-30,Email,Desktop,4,0,0,0
2026-06-01,Meta Ads,Desktop,18,1,1,1
2025-11-29,DIRECT,Desktop,4,0,0,0
2025-04-16,Meta Ads,Mobile,10,0,0,0
2025-04-15,Organic Search,Mobile,6,0,0,0
2025-05-01,Google Search,Desktop,6,0,0,0
2026-06-25,Email Marketing,Mobile,3,0,0,0
2025-10-19,Direct,Mobile,1,1,0,0
2025-04-14,Affiliate,Desktop,1,0,0,0
2025-11-01,Email Marketing,Desktop,3,0,0,0
2025-02-18,Meta Ads,Mobile,13,0,0,0
2025-05-25,Organic Search,Tablet,0,0,0,0
2025-03-05,Direct,Mobile,7,0,0,0
2026-03-20,Affiliate,Desktop,3,1,1,1
2025-05-10,Facebook/Instagram Ads,Tablet,0,0,0,0
2025-01-23,Google  Search,Tablet,1,0,0,0
2026-03-12,Google Search,Desktop,5,1,1,1
2025-05-27,email,Desktop,2,0,0,0
2025-01-11,Organic Search,Mobile,3,0,0,0
2025-04-10,Meta Ads,Mobile,7,0,0,0
2026-02-24,GOOGLE SHOPPING,Desktop,4,0,0,0
2025-11-12,Affiliate,Desktop,1,0,0,0
2026-06-27,Meta Ads,Mobile,26,0,0,0
2025-07-14,Organic Search,Mobile,4,0,0,0
2025-03-30,Direct,Desktop,3,0,0,0
2025-12-02,Email Marketing,Mobile,4,0,0,0
2026-03-19,Meta Ads,Tablet,2,0,0,0
2025-05-20,AFFILIATE,Tablet,1,1,0,0
2025-05-08,Google Search,Desktop,9,1,1,0
2026-03-11,affiliate,Mobile,0,0,0,0
2026-06-08,Organic Search,Desktop,4,1,1,0
2026-03-21,Email,Tablet,0,0,0,0
2025-07-19,Meta_Ads,Mobile,9,1,1,0
2026-03-18,Google Shopping,Desktop,4,0,0,0
2026-06-01,Google Shopping,Tablet,1,1,1,0
2025-01-06,Meta Ads,Desktop,7,0,0,0
2026-01-12,Affiliate ,Tablet,0,0,0,0
2026-04-08,Email,Mobile,2,0,0,0
2025-02-02,Google Search,Mobile,9,1,0,0
2026-02-06,Email,Desktop,4,1,0,0
2026-06-06,Meta Ads,Desktop,10,2,1,1
2025-02-23,Meta_Ads,Tablet,1,0,0,0
2026-02-14,Google Search,Desktop,3,1,1,1
2026-03-28,Google Search,Desktop,4,0,0,0
2025-12-05,google shopping,Desktop,6,0,0,0
2025-02-10,Google Shopping,Tablet,1,0,0,0
2026-04-14,Organic Search,Desktop,6,0,0,0
2026-03-22,Organic Search,Desktop,2,1,1,1
2026-01-15,Google Shopping,Tablet,1,0,0,0
2025-05-14,email,Mobile,4,1,1,0
2025-02-15,Google Shopping,Mobile,5,1,1,1
2025-03-30,Google Shopping,Mobile,3,0,0,0
2025-01-22,Google Search,Desktop,3,1,0,0
2025-01-19,Meta Ads,Tablet,0,0,0,0
2025-09-02,Email,Tablet,3,0,0,0
2025-01-17,Email,Tablet,0,0,0,0
2025-12-01,Affiliate,Desktop,2,0,0,0
2025-07-29,Google Search,Desktop,3,0,0,0
2026-04-23,Organic Search,Tablet,0,0,0,0
2025-11-06,Direct,Mobile,6,0,0,0
2025-10-28,email,Tablet,0,0,0,0
2025-11-15,Direct,Mobile,4,1,1,1
2025-07-24,google search,Mobile,5,0,0,0
2026-03-24,Organic Search,Tablet,1,0,0,0
2025-02-25,Meta Ads,Tablet,0,0,0,0
2026-06-25,Organic Search,Tablet,1,0,0,0
2025-07-04,Direct,Tablet,0,0,0,0
2026-06-18,Google Search,Tablet,1,0,0,0
2025-09-19,SEO,Tablet,2,0,0,0
2025-11-25,Google Shopping,Tablet,3,2,1,1
2025-05-26,Google Search,Mobile,7,2,2,1
2025-09-13,Direct,Desktop,1,0,0,0
2025-11-08,affiliate,Tablet,1,0,0,0
2026-03-03,organic search,Tablet,1,0,0,0
2025-02-09,GOOGLE SEARCH,Mobile,13,3,2,1
2026-06-07,GOOGLE SEARCH,Mobile,9,0,0,0
2026-04-17,Email,Mobile,6,3,0,0
2025-09-19,Google Search,Desktop,3,0,0,0
2026-01-01,Direct,Desktop,1,0,0,0
2025-07-01,Organic Search,Tablet,1,0,0,0
2025-03-24,Organic Search,Desktop,5,0,0,0
2025-09-13,Email,Mobile,2,0,0,0
2025-08-30,Email Marketing,Mobile,1,0,0,0
2025-12-21,Organic Search,Tablet,2,1,0,0
2025-06-19,Google Search,Tablet,1,0,0,0
2025-04-09,Google Search,Tablet,1,0,0,0
2025-09-12,Affiliate,Tablet,0,0,0,0
2025-10-18,direct,Mobile,3,0,0,0
2025-09-06,organic search,Desktop,1,1,0,0
2026-02-04,Google Search,Mobile,3,0,0,0
2025-07-23,Email,Desktop,2,0,0,0
2025-02-06,Affiliate,Tablet,0,0,0,0
2025-08-13,Google Shopping,Mobile,2,0,0,0
2026-03-14,DIRECT,Tablet,1,0,0,0
2026-04-29,Google Shopping,Mobile,4,0,0,0
2025-03-17,AFFILIATE,Mobile,3,0,0,0
2025-10-19,Meta Ads,Tablet,3,0,0,0
2026-02-08,Affiliate,Tablet,2,0,0,0
2025-12-06,Affiliate,Tablet,1,0,0,0
2026-04-26,Meta Ads,Mobile,19,3,3,0
2026-03-10,Meta Ads,Desktop,12,0,0,0
2026-04-08,Meta Ads,Desktop,4,0,0,0
2026-04-21,Organic Search,Desktop,7,0,0,0
2025-07-28,Organic Search,Mobile,7,0,0,0
2025-06-27,Affiliate,Desktop,0,0,0,0
2026-06-28,Affiliate,Desktop,2,0,0,0
2026-01-19,Direct,Desktop,2,0,0,0
2026-02-19,Organic Search,Mobile,9,0,0,0
2025-08-02,(direct),Desktop,4,2,1,1
2026-01-07,Affiliate,Desktop,1,0,0,0
2026-05-19,Google Shopping,Tablet,2,0,0,0
2026-05-09,Meta Ads,Mobile,26,0,0,0
2025-11-28,EMAIL,Tablet,1,0,0,0
2026-02-13,Google Search,Mobile,6,1,0,0
2025-06-08,Email,Tablet,0,0,0,0
2025-10-12,Email,Tablet,1,0,0,0
2025-04-27,Affiliate,Tablet,0,0,0,0
2025-11-18,Google_Search,Mobile,15,1,1,0
2025-05-31,Direct,Desktop,4,0,0,0
2026-03-04,Google Shopping,Tablet,1,0,0,0
2025-07-17,Direct,Desktop,1,0,0,0
2025-05-28,Meta_Ads,Mobile,12,1,1,0
2025-03-02,GOOGLE SHOPPING,Tablet,0,0,0,0
2025-06-05,Direct,Desktop,5,0,0,0
2026-02-09,Organic Search,Mobile,9,1,0,0
2026-03-23,Email,Mobile,5,1,0,0
2025-08-16,Organic Search,Tablet,1,0,0,0
2025-04-25,Affiliate,Tablet,0,0,0,0
2026-01-23,Meta Ads,Tablet,1,0,0,0
2025-01-23,email,Tablet,0,0,0,0
2026-01-15,Affiliate,Tablet,2,1,1,1
2025-07-16,Organic Search,Mobile,12,0,0,0
2026-01-04,Direct,Tablet,0,0,0,0
2025-03-20,Organic Search,Tablet,0,0,0,0
2025-01-17,Organic Search,Mobile,7,0,0,0
2025-12-17,Meta Ads,Mobile,22,0,0,0
2025-10-01,Google Shopping,Desktop,4,0,0,0
2026-01-28,Affiliate,Desktop,2,0,0,0
2026-02-04,Google Search,Desktop,5,0,0,0
2025-10-13,Google Shopping,Mobile,5,0,0,0
2025-08-15,Google Shopping,Tablet,0,0,0,0
2025-09-16,Facebook/Instagram Ads,Tablet,1,0,0,0
2026-03-23,Meta Ads,Tablet,2,0,0,0
2025-01-18,Google  Search,Tablet,0,0,0,0
2026-01-06,Google Search,Desktop,4,1,0,0
2026-06-24,Organic Search,Tablet,0,0,0,0
2025-02-21,Meta Ads,Desktop,3,0,0,0
2026-04-05,Email,Tablet,0,0,0,0
2026-05-18,GOOGLE SHOPPING,Mobile,9,0,0,0
2025-07-21,google shopping,Tablet,0,0,0,0
2026-03-12,Meta Ads,Mobile,21,0,0,0
2025-01-27,GOOGLE SHOPPING,Mobile,5,0,0,0
2025-08-27,email,Desktop,5,0,0,0
2026-03-29,Google Search,Tablet,2,1,0,0
2025-07-01,DIRECT,Mobile,2,1,1,0
2025-12-14,Organic Search,Desktop,9,1,1,1
2026-02-15,Organic Search,Mobile,1,0,0,0
2025-09-04,Email,Desktop,8,0,0,0
2025-11-01,Google  Search,Mobile,5,0,0,0
2025-06-30,Meta Ads,Tablet,0,0,0,0
2026-01-18,AFFILIATE,Mobile,2,0,0,0
2025-10-11,affiliate,Mobile,0,0,0,0
2026-06-03,Affiliate,Desktop,2,0,0,0
2026-05-07,Direct,Tablet,0,0,0,0
2025-05-08,Google Shopping,Mobile,13,1,0,0
2026-05-09,Google Search,Desktop,7,1,1,1
2026-01-31,Google Shopping,Tablet,0,0,0,0
2025-05-28,Google Shopping,Mobile,3,1,0,0
2026-04-01,Meta Ads,Mobile,20,0,0,0
2025-01-10,Email,Mobile,2,0,0,0
2026-02-06,Meta Ads,Tablet,2,0,0,0
2026-05-24,Google Shopping,Tablet,1,0,0,0
2026-06-01,Organic Search,Mobile,10,1,1,0
2025-04-06,Direct,Desktop,4,0,0,0
2025-08-24,(direct),Mobile,2,0,0,0
2025-03-10,Google Search,Tablet,1,0,0,0
2025-07-30,Meta Ads,Desktop,5,0,0,0
2025-03-15,Google  Search,Mobile,9,1,1,0
2026-01-31,Meta Ads,Tablet,2,1,1,0
2025-10-12,Google Shopping,Tablet,0,0,0,0
2026-05-20,Google  Search,Desktop,9,1,1,1
2025-04-07,Google Search,Desktop,5,0,0,0
2025-07-28,Google Search,Mobile,6,0,0,0
2025-10-17,Direct,Desktop,1,0,0,0
2025-10-09,Direct,Tablet,0,0,0,0
2025-07-29,Direct,Tablet,0,0,0,0
2025-05-21,Google Shopping,Mobile,9,0,0,0
2026-01-05,Google Search,Desktop,4,0,0,0
2026-04-21,affiliate,Tablet,0,0,0,0
2025-01-30,Google Shopping,Desktop,4,0,0,0
2025-01-12,Google Search,Desktop,2,1,1,1
2025-01-01,(direct),Desktop,1,0,0,0
2026-01-24,Organic Search,Desktop,4,0,0,0
2025-06-09,Meta Ads,Mobile,8,0,0,0
2025-01-26,Google Search,Mobile,6,0,0,0
2025-07-12,(direct),Desktop,0,0,0,0
2025-01-13,Direct,Mobile,2,1,1,1
2025-08-05,Direct,Tablet,0,0,0,0
2025-06-26,Google Search,Desktop,7,1,0,0
2025-09-30,Google Search,Mobile,9,3,3,0
2025-03-17,Meta Ads,Mobile,11,3,2,0
2025-04-05,Email,Mobile,6,1,0,0
2025-07-05,(direct),Desktop,0,0,0,0
2025-06-29,Google Search,Mobile,7,0,0,0
2026-02-15,direct,Desktop,2,0,0,0
2025-12-26,Affiliate,Mobile,0,0,0,0
2026-06-09,Meta Ads,Tablet,5,1,1,1
2026-05-12,Affiliate,Desktop,3,0,0,0
2025-10-23,Affiliate,Desktop,2,0,0,0
2025-02-21,Meta Ads,Mobile,11,2,1,1
2025-01-24,meta ads,Tablet,2,0,0,0
2025-06-28,Google_Search,Tablet,2,0,0,0
2026-03-01,Affiliate ,Desktop,2,0,0,0
2025-10-20,Affiliate,Desktop,3,0,0,0
2025-12-06,Meta Ads,Tablet,1,0,0,0
2025-01-25,Direct,Tablet,0,0,0,0
2026-06-09,GOOGLE SHOPPING,Tablet,2,0,0,0
2025-11-07,email,Mobile,12,0,0,0
2026-04-23,Affiliate,Desktop,1,0,0,0
2025-08-09,Organic Search,Desktop,1,0,0,0
2025-09-16,(direct),Tablet,1,0,0,0
2026-03-28,Email,Tablet,0,0,0,0
2025-05-09,Organic Search,Tablet,1,0,0,0
2025-03-05,affiliate,Mobile,1,0,0,0
2025-08-28,Meta Ads,Desktop,4,0,0,0
2026-03-31,Organic Search,Mobile,7,0,0,0
2025-05-06,SEO,Mobile,8,1,0,0
2025-12-27,google shopping,Desktop,3,0,0,0
2026-05-19,Google Shopping,Mobile,13,1,0,0
2025-04-19,direct,Tablet,0,0,0,0
2025-11-04,Meta Ads,Tablet,6,0,0,0
2026-06-11,Organic Search,Mobile,10,4,2,0
2025-11-07,Affiliate,Mobile,1,0,0,0
2025-03-16,Email,Mobile,1,1,1,1
2026-06-09,Direct,Desktop,2,0,0,0
2025-10-23,Direct,Tablet,1,0,0,0
2025-09-25,Meta Ads,Tablet,0,0,0,0
2025-05-03,meta ads,Tablet,2,0,0,0
2025-10-07,Google Shopping,Tablet,0,0,0,0
2025-11-02,Direct,Desktop,3,0,0,0
2025-09-23,Google Search,Tablet,1,0,0,0
2025-08-31,Direct,Tablet,1,0,0,0
2025-05-02,SEO,Mobile,7,0,0,0
2026-05-13,Google Search,Tablet,1,0,0,0
2026-05-24,Affiliate,Desktop,3,0,0,0
2025-09-11,Direct,Desktop,4,0,0,0
2025-01-27,Google Search,Tablet,2,0,0,0
2025-09-21,Email,Mobile,1,0,0,0
2025-06-11,organic search,Mobile,6,1,1,0
2026-03-23,Affiliate,Mobile,2,0,0,0
2026-02-23,EMAIL,Desktop,5,0,0,0
2026-02-13,Affiliate,Desktop,2,0,0,0
2026-06-20,Email,Mobile,3,1,1,0
2025-05-23,direct,Tablet,0,0,0,0
2025-08-05,FB/IG Ads,Desktop,8,0,0,0
2025-08-07,Google Shopping,Desktop,4,0,0,0
2025-02-27,SEO,Desktop,4,0,0,0
2026-04-26,Email,Desktop,4,1,0,0
2025-02-26,Direct,Desktop,2,0,0,0
2025-12-20,Google Search,Tablet,1,0,0,0
2025-08-30,Meta Ads,Tablet,1,0,0,0
2025-12-04,Google Shopping,Tablet,1,0,0,0
2026-04-30,Google Search,Desktop,6,2,0,0
2026-06-23,AFFILIATE,Tablet,1,0,0,0
2026-05-27,Direct,Tablet,0,0,0,0
2026-06-06,Affiliate,Desktop,0,0,0,0
2025-03-20,Email,Mobile,7,1,1,1
2025-11-18,Meta Ads,Tablet,4,1,0,0
2025-08-30,Google Search,Tablet,1,0,0,0
2025-01-16,AFFILIATE,Mobile,0,0,0,0
2026-04-04,Email,Tablet,0,0,0,0
2025-11-27,Meta Ads,Mobile,38,0,0,0
2025-10-16,Meta Ads,Tablet,3,0,0,0
2025-01-12,Meta Ads,Tablet,0,0,0,0
2025-03-22,Affiliate ,Mobile,1,0,0,0
2025-12-03,Meta Ads,Desktop,16,0,0,0
2026-06-25,Google Search,Tablet,0,0,0,0
2025-01-26,Affiliate,Desktop,1,0,0,0
2025-06-17,Email,Tablet,0,0,0,0
2025-08-14,Email,Tablet,2,2,1,0
2026-06-12,Direct,Tablet,1,0,0,0
2025-05-02,Google Search,Desktop,6,1,1,1
2025-07-22,Affiliate,Desktop,1,0,0,0
2025-05-28,Organic Search,Tablet,0,0,0,0
2026-05-11,Organic Search,Mobile,6,0,0,0
2025-11-10,Email,Desktop,1,0,0,0
2025-04-20,Email,Tablet,3,0,0,0
2026-03-01,Organic Search,Mobile,12,0,0,0
2025-04-12,Affiliate,Mobile,1,0,0,0
2025-03-20,Affiliate,Desktop,3,0,0,0
2026-02-06,Affiliate,Mobile,4,1,1,0
2025-12-06,Organic Search,Desktop,9,1,1,0
2025-11-23,Google Shopping,Desktop,4,0,0,0
2026-06-19,Google Search,Tablet,0,0,0,0
2025-09-08,email,Desktop,1,0,0,0
2025-06-23,Affiliate,Tablet,2,0,0,0
2025-11-14,Google_Shopping,Desktop,4,1,0,0
2025-10-10,Direct,Tablet,1,0,0,0
2025-05-20,Email,Desktop,1,1,0,0
2025-06-26,Meta Ads,Mobile,17,0,0,0
2025-04-21,Organic_Search,Mobile,9,0,0,0
2026-03-15,Meta Ads,Mobile,18,0,0,0
2026-05-12,Google Search,Mobile,9,3,1,0
2026-02-23,Google Shopping,Tablet,1,0,0,0
2025-10-24,SEO,Tablet,1,0,0,0
2025-03-19,Email,Mobile,6,0,0,0
2026-04-22,direct,Desktop,5,0,0,0
2025-12-26,Email,Tablet,1,0,0,0
2025-11-29,Affiliate ,Desktop,3,0,0,0
2025-04-06,Affiliate,Mobile,3,0,0,0
2025-04-17,Organic Search,Desktop,3,0,0,0
2025-12-18,Direct,Desktop,1,1,1,1
2025-12-05,Affiliate,Mobile,2,0,0,0
2025-02-19,email,Mobile,2,0,0,0
2025-04-20,Google Shopping,Tablet,0,0,0,0
2026-04-19,Direct,Desktop,3,0,0,0
2025-04-08,Organic Search,Desktop,5,0,0,0
2026-03-15,Email,Mobile,5,2,0,0
2026-03-20,Direct,Desktop,3,1,1,1
2026-04-19,Email,Mobile,5,1,1,1
2026-03-04,Google  Search,Mobile,9,0,0,0
2025-06-03,Direct,Mobile,4,1,1,0
2026-01-02,Direct,Mobile,1,0,0,0
2025-07-11,Organic Search,Mobile,6,1,1,0
2026-01-27,EMAIL,Tablet,1,0,0,0
2026-06-21,Google Search,Tablet,2,0,0,0
2026-01-16,Email,Mobile,7,0,0,0
2025-06-20,Meta Ads,Mobile,9,1,1,0
2025-04-09,Google Shopping,Tablet,0,0,0,0
2026-03-05,Email,Tablet,0,0,0,0
2025-03-31,Organic_Search,Tablet,2,0,0,0
2025-06-17,Organic Search,Tablet,0,0,0,0
2025-09-09,Affiliate,Tablet,0,0,0,0
2026-02-24,Google  Search,Mobile,6,0,0,0
2025-06-22,Affiliate,Desktop,4,1,1,0
2026-05-11,Google Search,Desktop,7,0,0,0
2025-01-19,Google Search,Tablet,0,0,0,0
2025-04-08,Affiliate,Mobile,6,1,1,0
2025-05-07,FB/IG Ads,Tablet,1,0,0,0
2025-03-08,Email,Desktop,5,0,0,0
2025-01-08,Google Search,Desktop,6,0,0,0
2025-09-20,Meta Ads,Tablet,2,0,0,0
2026-03-22,(direct),Tablet,1,0,0,0
2025-01-05,Email,Tablet,2,0,0,0
2025-12-18,Google Search,Tablet,1,0,0,0
2025-02-24,Direct,Desktop,1,0,0,0
2025-01-01,Google Shopping,Desktop,0,0,0,0
2025-01-02,Meta_Ads,Mobile,9,1,1,0
2026-01-22,Google Search,Desktop,6,0,0,0
2025-05-25,Organic Search,Mobile,6,1,0,0
2025-07-08,Meta Ads,Desktop,1,1,1,1
2025-04-07,EMAIL,Mobile,3,2,1,1
2025-01-06,Meta Ads,Mobile,8,0,0,0
2026-01-18,Email,Mobile,5,0,0,0
2025-09-27,google shopping,Mobile,7,1,1,0
2025-06-02,google search,Mobile,6,0,0,0
2026-03-25,Meta Ads,Mobile,13,0,0,0
2026-02-21,EMAIL,Mobile,0,0,0,0
2026-03-26,Google_Shopping,Mobile,11,2,1,1
2026-05-19,Affiliate,Desktop,2,1,1,1
2026-03-14,SEO,Tablet,1,0,0,0
2025-04-04,Affiliate,Tablet,0,0,0,0
2025-01-10,Affiliate,Mobile,2,1,1,0
2026-04-20,Affiliate,Mobile,2,0,0,0
2025-11-20,meta ads,Mobile,19,1,1,0
2025-03-26,Direct,Tablet,0,0,0,0
2025-06-01,GOOGLE SHOPPING,Desktop,4,1,0,0
2025-05-30,Email,Tablet,0,0,0,0
2026-02-10,google search,Mobile,8,1,1,1
2025-10-07,google search,Desktop,5,0,0,0
2026-05-31,Meta_Ads,Tablet,3,0,0,0
2025-02-09,SEO,Desktop,2,0,0,0
2026-04-19,Meta Ads,Mobile,16,1,1,1
2025-03-23,Email,Mobile,2,0,0,0
2025-12-04,Meta Ads,Mobile,26,3,2,1
2025-12-26,Direct,Tablet,0,0,0,0
2025-02-23,Google Shopping,Desktop,3,0,0,0
2025-04-03,Google Shopping,Desktop,2,0,0,0
2025-04-25,Google Shopping,Tablet,0,0,0,0
2025-12-16,Google  Search,Mobile,7,1,0,0
2026-04-20,Meta Ads,Mobile,17,0,0,0
2025-03-29,GOOGLE SHOPPING,Tablet,1,0,0,0
2025-07-06,Organic Search,Mobile,4,1,0,0
2026-01-14,Affiliate,Tablet,0,0,0,0
2025-09-20,Google Shopping,Mobile,2,0,0,0
2026-05-07,Google Shopping,Mobile,6,0,0,0
2026-01-29,Meta Ads,Desktop,8,1,0,0
2025-07-31,Google Search,Tablet,1,0,0,0
2025-04-03,Direct,Tablet,1,0,0,0
2026-01-21,Direct,Tablet,1,0,0,0
2025-08-12,Email Marketing,Desktop,2,0,0,0
2025-12-29,AFFILIATE,Desktop,0,0,0,0
2026-04-02,Google Shopping,Tablet,1,0,0,0
2026-04-12,Organic Search,Tablet,1,0,0,0
2025-04-29,Affiliate,Mobile,1,0,0,0
2026-06-07,Google_Shopping,Tablet,0,0,0,0
2025-08-07,Direct,Desktop,1,0,0,0
2025-11-29,Email,Mobile,5,1,1,0
2025-12-12,Google Shopping,Desktop,4,0,0,0
2025-06-14,Email,Tablet,0,0,0,0
2025-10-25,Google Search,Mobile,7,2,1,1
2026-03-14,Meta Ads,Tablet,8,0,0,0
2026-04-23,Email,Tablet,1,0,0,0
2025-04-04,GOOGLE SEARCH,Tablet,1,0,0,0
2025-07-27,(direct),Desktop,0,0,0,0
2026-03-31,Google_Shopping,Tablet,2,1,1,0
2025-12-31,affiliate,Desktop,1,0,0,0
2025-01-07,Meta Ads,Desktop,6,0,0,0
2025-07-13,SEO,Tablet,2,0,0,0
2026-04-24,Meta Ads,Desktop,13,0,0,0
2026-04-03,SEO,Tablet,2,0,0,0
2025-01-02,Meta Ads,Tablet,0,0,0,0
2026-06-04,Organic Search,Mobile,8,0,0,0
2026-06-16,Meta_Ads,Mobile,16,1,0,0
2025-04-26,Meta Ads,Desktop,3,0,0,0
2025-07-05,FB/IG Ads,Tablet,2,0,0,0
2025-02-19,Google Search,Desktop,2,0,0,0
2026-06-13,Email Marketing,Tablet,2,0,0,0
2025-08-17,Email,Desktop,3,1,1,1
2025-09-27,Organic Search,Desktop,6,0,0,0
2026-05-08,Meta Ads,Tablet,1,0,0,0
2026-02-13,affiliate,Mobile,3,1,1,1
2025-06-20,Meta Ads,Tablet,2,0,0,0
2026-02-18,AFFILIATE,Tablet,0,0,0,0
2025-05-01,meta ads,Mobile,11,0,0,0
2026-02-16,Organic Search,Tablet,2,1,1,0
2025-11-28,Google Shopping,Mobile,12,0,0,0
2025-06-20,Google Shopping,Desktop,2,0,0,0
2025-03-25,Direct,Desktop,1,0,0,0
2025-05-29,Organic Search,Tablet,0,0,0,0
2025-04-03,Google Shopping,Tablet,1,0,0,0
2026-03-17,Organic Search,Desktop,3,0,0,0
2026-06-11,Direct,Desktop,2,0,0,0
2025-02-10,organic search,Tablet,4,0,0,0
2025-03-12,Organic Search,Tablet,1,0,0,0
2025-12-31,Meta Ads,Mobile,5,0,0,0
2026-06-10,Affiliate,Mobile,5,1,1,0
2025-03-27,Google Search,Desktop,6,1,0,0
2025-04-05,FB/IG Ads,Tablet,2,0,0,0
2025-02-02,Direct,Desktop,0,0,0,0
2025-05-14,SEO,Desktop,5,0,0,0
2026-01-07,Meta Ads,Desktop,7,1,1,0
2026-04-26,Affiliate,Tablet,1,0,0,0
2025-06-24,meta ads,Mobile,16,2,0,0
2025-10-20,Email,Desktop,4,1,1,1
2026-01-03,Meta Ads,Mobile,10,0,0,0
2025-04-04,Direct,Desktop,1,0,0,0
2025-12-28,Google Search,Tablet,0,0,0,0
2025-10-14,Google_Search,Tablet,2,0,0,0
2026-02-23,Google Search,Desktop,3,1,1,0
2025-03-23,Organic Search,Tablet,1,0,0,0
2025-05-07,Email,Desktop,1,0,0,0
2025-09-02,Affiliate,Desktop,1,0,0,0
2025-06-21,Google Shopping,Mobile,5,0,0,0
2025-02-17,FB/IG Ads,Mobile,10,2,1,0
2025-10-26,Google_Shopping,Mobile,7,0,0,0
2025-02-13,google shopping,Tablet,1,0,0,0
2025-10-14,Direct,Mobile,1,0,0,0
2026-06-28,Email,Tablet,0,0,0,0
2026-02-23,email,Tablet,2,0,0,0
2025-11-19,Google Shopping,Mobile,9,0,0,0
2026-06-11,Direct,Tablet,0,0,0,0
2026-03-18,SEO,Desktop,2,0,0,0
2026-04-18,EMAIL,Mobile,8,0,0,0
2025-07-25,Direct,Mobile,1,0,0,0
2025-09-30,Google Shopping,Desktop,4,0,0,0
2025-10-08,Google Search,Desktop,3,0,0,0
2025-09-23,affiliate,Tablet,1,0,0,0
2026-05-30,GOOGLE SHOPPING,Tablet,1,1,1,1
2025-10-10,Email Marketing,Desktop,6,0,0,0
2025-06-29,google shopping,Mobile,8,0,0,0
2026-06-08,Email,Mobile,5,1,1,0
2026-06-21,Affiliate,Desktop,1,0,0,0
2026-02-23,Google Search,Tablet,0,0,0,0
2025-01-01,Meta Ads,Tablet,1,0,0,0
2025-02-22,Email,Tablet,4,2,1,0
2026-01-04,Google Shopping,Mobile,1,1,0,0
2026-02-25,Affiliate ,Mobile,1,0,0,0
2026-02-13,Facebook/Instagram Ads,Desktop,10,0,0,0
2025-05-17,Google Search,Mobile,8,1,0,0
2025-06-11,google shopping,Desktop,4,0,0,0
2025-06-11,Google Shopping,Tablet,0,0,0,0
2025-04-04,Organic Search,Mobile,9,0,0,0
2025-02-01,Affiliate,Tablet,0,0,0,0
2026-03-22,GOOGLE SHOPPING,Desktop,2,0,0,0
2025-02-19,Direct,Mobile,3,0,0,0
2026-02-14,Affiliate ,Mobile,2,0,0,0
2026-05-27,Google_Shopping,Mobile,12,2,2,0
2025-03-14,Google Shopping,Tablet,1,0,0,0
2026-01-06,Google Search,Mobile,2,0,0,0
2026-05-17,AFFILIATE,Mobile,4,0,0,0
2025-10-17,Google Shopping,Mobile,9,1,1,0
2025-04-21,Affiliate,Desktop,1,0,0,0
2026-06-23,Google Shopping,Mobile,3,0,0,0
2026-05-06,SEO,Tablet,2,0,0,0
2026-05-08,Organic Search,Mobile,11,0,0,0
2025-03-01,email,Tablet,0,0,0,0
2026-04-13,Direct,Mobile,2,0,0,0
2026-01-13,Meta Ads,Mobile,13,0,0,0
2026-03-26,Email,Tablet,0,0,0,0
2026-04-23,Affiliate,Tablet,1,1,0,0
2025-11-27,Google Search,Tablet,2,0,0,0
2025-07-06,Affiliate,Mobile,2,0,0,0
2025-09-19,Meta Ads,Desktop,6,1,0,0
2025-10-03,Google Shopping,Desktop,3,0,0,0
2025-01-31,Organic Search,Desktop,2,0,0,0
2025-04-09,google search,Desktop,7,1,1,1
2025-05-09,Affiliate,Tablet,0,0,0,0
2025-09-04,GOOGLE SHOPPING,Tablet,0,0,0,0
2025-02-11,Google Search,Tablet,1,1,1,1
2025-07-14,Meta Ads,Mobile,8,0,0,0
2026-05-08,Google Search,Mobile,10,2,1,0
2025-11-09,AFFILIATE,Tablet,0,0,0,0
2026-05-25,Affiliate,Mobile,3,0,0,0
2026-05-25,Email,Desktop,4,1,1,1
2025-01-22,EMAIL,Mobile,5,0,0,0
2025-09-30,direct,Desktop,1,1,0,0
2026-06-04,Email,Mobile,8,0,0,0
2026-03-04,Organic_Search,Desktop,5,2,2,1
2026-02-28,Direct,Tablet,0,0,0,0
2025-05-04,Meta Ads,Tablet,3,0,0,0
2025-12-17,Organic Search,Mobile,6,1,0,0
2025-06-19,Organic Search,Desktop,2,1,1,0
2025-03-19,Organic Search,Mobile,9,1,1,1
2025-01-14,Facebook/Instagram Ads,Tablet,1,0,0,0
2026-01-03,Affiliate,Mobile,0,0,0,0
2026-05-17,email,Desktop,6,0,0,0
2026-05-14,Direct,Tablet,1,0,0,0
2026-06-10,Email,Desktop,3,0,0,0
2025-06-03,Google Shopping,Mobile,3,0,0,0
2025-11-14,AFFILIATE,Desktop,1,0,0,0
2025-05-12,FB/IG Ads,Desktop,7,0,0,0
2025-05-29,Email,Tablet,1,0,0,0
2025-09-26,Google Shopping,Desktop,1,0,0,0
2026-03-29,SEO,Desktop,5,0,0,0
2025-07-02,Meta Ads,Mobile,6,0,0,0
2025-02-15,Email,Desktop,1,0,0,0
2025-09-15,organic search,Tablet,1,0,0,0
2025-10-01,GOOGLE SHOPPING,Tablet,0,0,0,0
2025-08-02,Email,Desktop,2,0,0,0
2025-01-04,GOOGLE SHOPPING,Tablet,3,0,0,0
2025-09-14,EMAIL,Mobile,1,0,0,0
2025-12-06,Meta Ads,Desktop,13,1,0,0
2026-01-27,Organic Search,Tablet,2,0,0,0
2025-11-11,Organic Search,Tablet,4,0,0,0
2025-08-08,Email,Mobile,6,0,0,0
2025-10-01,Affiliate,Mobile,4,1,1,0
2025-09-27,Affiliate,Tablet,1,0,0,0
2026-03-19,Direct,Tablet,0,0,0,0
2026-03-24,Email,Tablet,0,0,0,0
2026-03-18,Google  Search,Mobile,8,2,2,1
2026-03-30,Organic Search,Desktop,4,0,0,0
2026-04-07,Affiliate,Desktop,0,0,0,0
2025-06-19,Organic Search,Mobile,18,3,2,0
2025-02-05,Email,Desktop,1,0,0,0
2025-12-15,Email,Mobile,6,2,1,0
2025-06-28,Google Shopping,Tablet,0,0,0,0
2025-09-14,Organic Search,,1,0,0,0
2026-01-07,EMAIL,Mobile,2,1,1,1
2026-02-20,Affiliate ,Desktop,3,1,0,0
2026-02-15,Google Search,Tablet,1,0,0,0
2025-11-23,meta ads,Desktop,17,0,0,0
2025-05-02,Meta Ads,Tablet,2,0,0,0
2025-08-10,Google Search,Tablet,1,0,0,0
2026-04-04,Google Shopping,Desktop,6,1,0,0
2026-01-27,Facebook/Instagram Ads,Mobile,12,0,0,0
2025-04-23,Organic Search,Tablet,0,0,0,0
2025-10-29,Google Shopping,Tablet,2,1,1,1
2025-05-13,Google Search,Tablet,4,0,0,0
2026-04-21,Direct,Mobile,1,0,0,0
2025-10-06,Meta Ads,Mobile,13,1,0,0
2026-03-14,Facebook/Instagram Ads,Mobile,19,1,1,0
2025-06-30,SEO,Mobile,7,1,1,1
2025-12-14,Google Search,Mobile,10,0,0,0
2026-01-23,Google Search,Mobile,9,0,0,0
2025-02-14,Email Marketing,Desktop,5,1,1,1
2025-11-07,Organic Search,Desktop,3,0,0,0
2025-03-06,Email,Tablet,2,0,0,0
2025-01-24,Meta Ads,Desktop,5,1,0,0
2026-03-11,Google Search,Tablet,2,1,1,1
2025-08-27,AFFILIATE,Desktop,3,0,0,0
2026-05-19,Email,Tablet,1,0,0,0
2025-12-16,Google Shopping,Desktop,4,1,0,0
2025-11-26,Meta Ads,Mobile,43,2,2,1
2025-12-17,EMAIL,Tablet,1,0,0,0
2026-04-30,EMAIL,Mobile,3,0,0,0
2026-06-16,Google  Search,Desktop,9,0,0,0
2025-08-13,Organic Search,Mobile,8,1,0,0
2026-05-25,Google Search,Desktop,3,1,0,0
2026-06-07,Google Search,Tablet,1,0,0,0
2026-06-29,Google Search,Desktop,9,2,1,1
2025-01-03,Email,Desktop,1,1,0,0
2025-12-24,Organic Search,Mobile,12,0,0,0
2025-01-25,direct,Desktop,2,0,0,0
2025-04-02,Organic Search,Tablet,0,0,0,0
2026-03-20,GOOGLE SHOPPING,Mobile,7,2,1,1
2025-11-24,Affiliate,Mobile,3,1,1,0
2025-09-05,Meta Ads,Tablet,1,0,0,0
2026-06-16,Email,Tablet,0,0,0,0
2026-01-29,email,Desktop,3,1,0,0
2026-06-23,Direct,Desktop,3,0,0,0
2025-01-12,google search,Tablet,0,0,0,0
2025-04-04,Email,Tablet,1,0,0,0
2025-08-03,Organic Search,,2,1,0,0
2026-03-19,Google Shopping,Tablet,0,0,0,0
2025-11-04,Google Search,Tablet,0,0,0,0
2025-05-07,Google Search,Tablet,1,0,0,0
2025-06-29,FB/IG Ads,Mobile,10,2,2,1
2026-03-03,Meta Ads,Desktop,6,0,0,0
2025-05-09,Meta Ads,Tablet,2,0,0,0
2025-09-06,Google Search,Desktop,2,1,0,0
2026-01-22,Meta Ads,Mobile,11,0,0,0
2025-10-18,Affiliate,Tablet,0,0,0,0
2026-05-20,Meta Ads,Tablet,5,1,1,0
2026-04-10,GOOGLE SHOPPING,Mobile,2,0,0,0
2025-08-23,google shopping,Tablet,2,0,0,0
2025-02-21,Organic Search,Mobile,11,1,1,1
2025-04-25,Direct,Tablet,0,0,0,0
2025-01-16,FB/IG Ads,Desktop,3,0,0,0
2026-01-29,Organic Search,Desktop,4,1,1,1
2025-02-06,Email,Desktop,6,0,0,0
2025-08-22,email,Tablet,1,0,0,0
2025-01-04,Meta Ads,Desktop,1,0,0,0
2025-05-05,DIRECT,Tablet,1,0,0,0
2025-10-16,Direct,Desktop,6,1,1,1
2025-10-28,Google Search,Desktop,5,0,0,0
2026-03-02,meta ads,Desktop,15,0,0,0
2025-01-08,Meta_Ads,Mobile,7,2,1,0
2025-08-29,Google Search,Desktop,8,1,0,0
2025-12-31,Affiliate,Tablet,0,0,0,0
2026-02-03,Google Shopping,Desktop,4,0,0,0
2025-07-27,Direct,Tablet,0,0,0,0
2025-03-31,Google  Search,Tablet,1,0,0,0
2026-04-21,GOOGLE SHOPPING,Mobile,10,3,2,2
2026-03-21,(direct),Tablet,0,0,0,0
2025-06-27,Meta Ads,Desktop,14,0,0,0
2026-05-22,Google Search,Desktop,6,1,1,1
2025-05-24,Affiliate,Tablet,1,1,0,0
2025-02-26,Google Shopping,Desktop,2,0,0,0
2025-09-29,Google Search,Tablet,2,1,1,0
2026-01-19,Google Shopping,Tablet,0,0,0,0
2025-01-30,organic search,Tablet,0,0,0,0
2025-08-27,Email,Mobile,2,0,0,0
2025-05-31,Email,Desktop,2,2,1,1
2025-04-24,SEO,Desktop,1,1,1,0
2025-10-22,Meta Ads,Mobile,14,1,1,1
2025-10-07,Organic Search,Desktop,4,0,0,0
2025-11-18,Google Search,Desktop,7,2,1,0
2026-04-28,Email,Mobile,4,0,0,0
2026-06-29,Organic Search,Desktop,2,0,0,0
2025-07-09,Email,Desktop,3,0,0,0
2025-08-12,Google_Search,Desktop,6,1,1,0
2025-01-04,google shopping,Mobile,5,1,1,1
2025-12-09,direct,Mobile,1,1,1,0
2025-07-25,Email,Tablet,0,0,0,0
2026-04-14,(direct),Desktop,3,0,0,0
2026-03-26,Meta Ads,Desktop,10,0,0,0
2026-05-27,Google Search,Mobile,13,2,1,1
2025-12-12,Google_Shopping,Mobile,5,1,1,0
2025-12-09,Google Shopping,Mobile,7,3,2,0
2025-01-20,Email,Mobile,0,0,0,0
2025-02-26,Direct,Mobile,2,0,0,0
2026-03-25,Google Shopping,Tablet,1,0,0,0
2025-12-05,Meta Ads,Tablet,1,0,0,0
2025-02-01,Google Search,Desktop,7,0,0,0
2025-09-08,Google Shopping,Tablet,0,0,0,0
2025-06-09,Meta Ads,Desktop,7,0,0,0
2026-05-22,Affiliate,Mobile,1,0,0,0
2025-04-12,GOOGLE SHOPPING,Tablet,0,0,0,0
2025-08-21,Direct,Mobile,3,0,0,0
2025-11-18,Meta Ads,Mobile,12,0,0,0
2025-09-01,Meta Ads,Tablet,1,0,0,0
2025-01-13,Affiliate,Tablet,0,0,0,0
2025-10-13,Google Search,Desktop,7,0,0,0
2026-01-04,Direct,Desktop,3,0,0,0
2026-01-11,email,Tablet,0,0,0,0
2026-05-26,Organic Search,Mobile,7,1,0,0
2026-05-01,Google Search,Desktop,7,0,0,0
2025-11-03,Organic Search,Tablet,2,0,0,0
2025-02-19,Affiliate,Tablet,0,0,0,0
2025-01-27,Affiliate,Desktop,0,0,0,0
2025-05-04,Google Shopping,Desktop,0,0,0,0
2025-12-22,organic search,Tablet,2,1,1,0
2025-08-15,Organic Search,Desktop,4,2,1,0
2025-11-17,DIRECT,Tablet,1,0,0,0
2026-02-25,Google Search,Tablet,1,0,0,0
2025-02-03,Meta Ads,Desktop,2,1,1,1
2026-06-07,Email,Desktop,1,1,1,1
2025-10-14,Organic Search,Mobile,5,0,0,0
2026-05-04,direct,Tablet,0,0,0,0
2025-09-06,FB/IG Ads,Tablet,1,0,0,0
2025-12-08,Email Marketing,Desktop,3,0,0,0
2025-06-13,GOOGLE SHOPPING,Tablet,1,0,0,0
2026-03-23,Google_Shopping,Desktop,7,0,0,0
2025-09-28,Google  Search,Desktop,4,0,0,0
2025-01-23,EMAIL,Mobile,3,0,0,0
2025-05-22,GOOGLE SHOPPING,Desktop,2,0,0,0
2025-08-06,Organic Search,Tablet,0,0,0,0
2026-02-04,Email Marketing,Mobile,6,0,0,0
2025-04-29,affiliate,Desktop,0,0,0,0
2025-12-28,Google Shopping,Desktop,2,0,0,0
2025-08-14,Google Shopping,Mobile,8,0,0,0
2026-01-05,Direct,Mobile,3,2,1,0
2026-02-03,Affiliate,Desktop,4,1,1,1
2025-05-11,Google Shopping,Tablet,2,1,1,1
2025-08-31,Google Shopping,Desktop,2,0,0,0
2025-07-24,Google Search,Desktop,2,0,0,0
2025-02-13,Google  Search,Tablet,0,0,0,0
2025-05-25,Meta Ads,Mobile,23,2,0,0
2026-01-16,Affiliate ,Mobile,1,0,0,0
2025-04-21,Google Search,Tablet,2,0,0,0
2025-04-02,EMAIL,Tablet,0,0,0,0
2025-10-02,Organic Search,Mobile,8,1,0,0
2025-02-26,Organic Search,Mobile,6,0,0,0
2025-10-22,Affiliate,Tablet,0,0,0,0
2025-01-07,Direct,Mobile,0,0,0,0
2026-05-24,Google Shopping,Mobile,1,0,0,0
2026-04-20,GOOGLE SEARCH,Desktop,3,0,0,0
2025-06-01,Google Search,Tablet,1,0,0,0
2025-03-09,FB/IG Ads,Tablet,4,0,0,0
2025-01-10,Google Shopping,Mobile,4,0,0,0
2025-03-11,SEO,Mobile,6,0,0,0
2026-05-02,Google Search,Tablet,2,0,0,0
2025-11-27,Google Search,Desktop,15,1,0,0
2025-12-10,Organic Search,Desktop,5,0,0,0
2025-04-16,Meta Ads,Tablet,1,0,0,0
2026-03-05,Meta Ads,Mobile,13,0,0,0
2025-07-06,Direct,Mobile,6,0,0,0
2025-02-14,Google Search,Mobile,10,3,3,2
2025-09-26,Email,Desktop,1,0,0,0
2026-02-02,EMAIL,Desktop,2,0,0,0
2025-10-27,Google Search,Mobile,6,0,0,0
2025-01-16,Organic Search,Desktop,1,0,0,0
2025-12-29,Affiliate ,Mobile,2,1,1,0
2026-02-28,Affiliate,Desktop,4,0,0,0
2025-09-12,Google Shopping,Desktop,4,0,0,0
2025-05-23,Affiliate,Desktop,1,0,0,0
2025-09-25,Direct,Desktop,2,0,0,0
2025-06-29,Direct,Desktop,1,0,0,0
2025-10-28,Google Search,Mobile,5,0,0,0
2025-11-25,Meta Ads,Mobile,36,0,0,0
2025-05-08,Direct,Tablet,0,0,0,0
2025-02-19,Google Shopping,Mobile,5,0,0,0
2026-03-26,Google Shopping,Desktop,4,0,0,0
2026-06-22,Facebook/Instagram Ads,Mobile,26,0,0,0
2025-09-21,Email,Tablet,1,0,0,0
2025-07-23,Affiliate,Desktop,2,0,0,0
2025-07-28,Meta Ads,Tablet,0,0,0,0
2025-02-07,Affiliate,Tablet,0,0,0,0
2025-03-27,Meta_Ads,Desktop,5,0,0,0
2026-05-13,google shopping,Mobile,9,2,2,1
2025-01-20,Meta Ads,Mobile,9,0,0,0
2026-02-11,Direct,Desktop,1,0,0,0
2025-06-17,Organic Search,Mobile,6,0,0,0
2025-02-10,Google Search,Tablet,0,0,0,0
2025-03-07,Organic Search,Desktop,4,0,0,0
2026-03-30,Google Shopping,Mobile,5,0,0,0
2025-10-18,Affiliate,Desktop,0,0,0,0
2025-10-23,Meta Ads,Desktop,8,0,0,0
2025-07-10,DIRECT,Mobile,3,0,0,0
2026-05-31,Email,Desktop,6,1,0,0
2026-02-08,Google Search,Tablet,1,0,0,0
2025-02-11,Affiliate,Tablet,0,0,0,0
2026-03-10,Direct,Desktop,3,0,0,0
2025-04-29,Email,Tablet,0,0,0,0
2025-10-03,Email,Desktop,4,0,0,0
2026-04-13,Affiliate,Mobile,4,0,0,0
2025-12-04,Google Search,Mobile,9,1,1,1
2026-06-19,Organic Search,Mobile,10,0,0,0
2026-06-15,Google Search,Desktop,4,0,0,0
2026-06-18,Meta Ads,Tablet,8,1,1,0
2025-10-18,Direct,Desktop,1,1,1,1
2025-07-14,Meta Ads,Desktop,6,1,1,1
2025-11-21,Affiliate,Desktop,2,0,0,0
2025-09-28,Organic Search,Desktop,3,0,0,0
2025-05-04,Google Search,Tablet,2,0,0,0
2026-04-17,Google_Shopping,Desktop,4,0,0,0
2025-09-18,FB/IG Ads,Mobile,15,1,0,0
2026-06-25,Google_Search,Mobile,3,0,0,0
2025-12-13,Direct,Desktop,4,0,0,0
2025-11-20,Direct,Tablet,0,0,0,0
2025-06-15,Google Search,Desktop,5,1,1,1
2025-05-12,email,Mobile,2,0,0,0
2026-06-20,(direct),Mobile,9,0,0,0
2026-03-11,affiliate,Desktop,2,0,0,0
2025-09-24,Email,Tablet,0,0,0,0
2026-05-14,Meta Ads,Mobile,16,0,0,0
2026-01-06,Organic_Search,Tablet,0,0,0,0
2025-02-21,Affiliate,Desktop,0,0,0,0
2026-03-07,Direct,Mobile,5,1,0,0
2026-01-31,Organic Search,Tablet,1,0,0,0
2026-03-02,(direct),Desktop,3,1,0,0
2025-07-19,Email,Desktop,0,0,0,0
2025-12-15,Affiliate,Mobile,0,0,0,0
2026-01-10,Google Search,Tablet,1,0,0,0
2026-03-15,Google Shopping,Tablet,1,0,0,0
2025-01-09,affiliate,Mobile,1,0,0,0
2025-10-08,Google Shopping,Mobile,7,1,1,0
2026-06-29,Direct,Mobile,7,0,0,0
2025-11-09,Organic Search,Desktop,7,0,0,0
2025-11-19,Google_Search,Desktop,1,0,0,0
2025-12-22,email,Desktop,1,0,0,0
2025-03-18,Direct,Tablet,1,0,0,0
2025-10-26,Google Shopping,Tablet,2,1,1,1
2025-10-21,Google Shopping,Desktop,2,0,0,0
2025-03-04,Google Search,Desktop,2,0,0,0
2026-05-15,Direct,Tablet,0,0,0,0
2025-08-29,direct,Tablet,1,0,0,0
2025-08-07,Organic_Search,Mobile,3,0,0,0
2025-07-13,Direct,Mobile,4,0,0,0
2025-06-08,Meta Ads,Mobile,13,0,0,0
2025-01-29,Direct,Tablet,0,0,0,0
2025-07-01,google search,Mobile,4,0,0,0
2025-11-24,Organic Search,Mobile,9,1,0,0
2026-06-01,Google Shopping,Desktop,5,1,1,1
2025-02-26,Meta Ads,Desktop,7,1,1,1
2025-12-03,Affiliate,Tablet,1,0,0,0
2026-06-17,Direct,Mobile,4,0,0,0
2026-05-03,Google Shopping,Tablet,0,0,0,0
2025-08-16,Email,Desktop,3,0,0,0
2026-04-17,Meta Ads,Desktop,10,1,0,0
2025-11-16,Meta Ads,Mobile,17,2,1,0
2025-03-08,Email,Mobile,1,0,0,0
2025-08-03,Google Search,Desktop,5,1,0,0
2025-08-25,Affiliate,Tablet,0,0,0,0
2026-03-21,affiliate,Tablet,0,0,0,0
2025-06-25,Google Shopping,Tablet,2,0,0,0
2025-09-22,AFFILIATE,Mobile,1,0,0,0
2025-10-30,Google Search,Desktop,12,1,0,0
2025-08-27,Meta_Ads,Desktop,10,0,0,0
2026-03-12,Meta Ads,Desktop,12,0,0,0
2025-06-20,Organic Search,Desktop,7,2,0,0
2026-05-03,Affiliate,Desktop,1,0,0,0
2025-08-10,email,Mobile,4,0,0,0
2025-07-09,organic search,Mobile,6,0,0,0
2026-03-03,Direct,Mobile,6,0,0,0
2026-02-14,Email,Desktop,1,0,0,0
2025-10-24,Google Shopping,Tablet,2,0,0,0
2025-01-19,Affiliate,Mobile,1,0,0,0
2025-04-13,Affiliate,Tablet,0,0,0,0
2026-04-11,GOOGLE SHOPPING,Mobile,8,0,0,0
2025-10-13,Google Search,Tablet,0,0,0,0
2025-04-15,google shopping,Mobile,4,0,0,0
2025-12-25,Email,Desktop,1,0,0,0
2026-01-16,Google Shopping,Tablet,0,0,0,0
2025-03-05,Organic Search,Desktop,2,0,0,0
2026-05-30,Meta Ads,Desktop,16,0,0,0
2025-05-16,Meta Ads,Mobile,9,0,0,0
2025-04-30,Meta Ads,Desktop,11,0,0,0
2025-04-07,Affiliate,Tablet,0,0,0,0
2025-07-20,Organic Search,Desktop,9,3,1,0
2025-06-10,Organic_Search,Tablet,2,0,0,0
2025-12-11,Google Search,Mobile,16,2,1,0
2025-10-30,google search,Tablet,1,0,0,0
2026-02-02,Meta Ads,Mobile,20,0,0,0
2026-03-02,Organic Search,Mobile,7,1,0,0
2025-09-26,Affiliate,Tablet,0,0,0,0
2025-08-26,Meta Ads,Tablet,2,0,0,0
2025-02-22,Email,Desktop,2,0,0,0
2025-04-27,email,Mobile,3,1,1,1
2025-07-17,meta ads,Desktop,14,1,1,1
2026-05-10,Direct,Desktop,2,0,0,0
2025-11-22,Google Search,Mobile,11,0,0,0
2026-01-30,Affiliate,Tablet,0,0,0,0
2025-11-16,Email Marketing,Mobile,5,0,0,0
2026-06-03,Affiliate,Mobile,2,1,1,0
2026-02-03,Email,Mobile,0,0,0,0
2025-08-06,Meta Ads,Desktop,8,1,0,0
2025-06-20,Google Search,Desktop,7,0,0,0
2025-06-23,Google Shopping,Mobile,5,1,1,1
2025-06-28,Google Shopping,Mobile,3,0,0,0
2025-08-31,Google Shopping,Mobile,4,0,0,0
2025-01-09,AFFILIATE,Desktop,0,0,0,0
2025-03-21,Meta Ads,Tablet,1,0,0,0
2026-04-27,EMAIL,Tablet,0,0,0,0
2025-03-21,Google Shopping,Mobile,7,0,0,0
2026-03-24,Organic_Search,Mobile,5,0,0,0
2026-03-30,Direct,Desktop,2,0,0,0
2025-10-26,Meta Ads,Mobile,13,1,0,0
2025-03-26,Google Search,Mobile,8,0,0,0
2026-02-10,Google_Shopping,Tablet,1,0,0,0
2026-06-22,DIRECT,Desktop,5,0,0,0
2026-05-07,Affiliate,Desktop,3,0,0,0
2025-10-22,Email,Mobile,5,1,0,0
2025-04-30,Email,Tablet,2,0,0,0
2026-01-01,Facebook/Instagram Ads,Desktop,12,1,0,0
2025-02-27,DIRECT,Desktop,1,0,0,0
2025-03-04,Email,Desktop,0,0,0,0
2025-10-08,Email,Tablet,0,0,0,0
2025-02-06,AFFILIATE,Mobile,0,0,0,0
2026-01-01,Organic Search,Tablet,0,0,0,0
2025-05-08,Direct,Mobile,4,1,0,0
2025-09-20,Google Shopping,Desktop,2,0,0,0
2025-02-14,Affiliate,Mobile,1,0,0,0
2026-04-17,Google Shopping,Tablet,2,0,0,0
2026-04-07,Email,Mobile,2,1,1,1
2025-04-11,Email,Mobile,5,1,1,1
2026-04-13,Google Shopping,Desktop,5,2,2,2
2026-02-12,Organic Search,Desktop,2,0,0,0
2026-05-25,meta ads,Mobile,21,1,1,1
2026-02-18,GOOGLE SEARCH,Desktop,4,0,0,0
2026-04-17,Affiliate,Tablet,0,0,0,0
2026-02-19,Email,Tablet,0,0,0,0
2025-08-31,Meta Ads,Desktop,10,1,1,1
2025-07-30,Google Search,Mobile,6,2,2,1
2025-09-21,Direct,Mobile,3,0,0,0
2026-02-27,Organic Search,Tablet,1,0,0,0
2025-06-07,Organic Search,Mobile,8,0,0,0
2026-01-06,Organic Search,Desktop,2,0,0,0
2026-04-26,Organic Search,Tablet,0,0,0,0
2025-03-13,Google Search,Mobile,9,1,1,0
2025-06-09,Email,Mobile,4,0,0,0
2025-02-12,Google Shopping,Desktop,5,1,1,1
2025-11-05,Google Shopping,Mobile,5,0,0,0
2026-06-19,DIRECT,Desktop,0,0,0,0
2025-01-28,organic search,Tablet,0,0,0,0
2025-03-17,EMAIL,Mobile,3,1,1,1
2026-03-12,Organic Search,Tablet,2,0,0,0
2026-06-27,Google  Search,Mobile,8,0,0,0
2025-02-27,Google Search,Desktop,4,0,0,0
2026-05-21,Direct,Mobile,4,0,0,0
2025-12-06,Google Shopping,Desktop,4,0,0,0
2025-01-15,Google Shopping,Desktop,1,0,0,0
2025-02-01,Direct,Tablet,0,0,0,0
2026-03-10,Organic Search,Tablet,0,0,0,0
2025-11-27,(direct),Desktop,3,0,0,0
2026-01-06,Organic Search,Mobile,8,3,2,0
2025-03-09,Email,Desktop,1,0,0,0
2026-02-03,Meta Ads,Desktop,8,0,0,0
2026-06-15,Facebook/Instagram Ads,Tablet,6,0,0,0
2025-01-21,FB/IG Ads,Tablet,0,0,0,0
2025-09-03,meta ads,Mobile,15,1,0,0
2025-04-29,Google Shopping,Tablet,1,0,0,0
2025-02-11,Meta Ads,Mobile,14,2,1,1
2026-06-12,Direct,Desktop,0,0,0,0
2026-03-28,Affiliate,Mobile,2,0,0,0
2025-07-11,Meta Ads,Tablet,0,0,0,0
2025-10-15,Meta Ads,Mobile,9,0,0,0
2025-01-31,Google Shopping,Desktop,3,0,0,0
2025-03-12,GOOGLE SEARCH,Desktop,4,0,0,0
2025-01-21,Email,Mobile,3,0,0,0
2026-02-06,Organic Search,Tablet,1,0,0,0
2026-03-27,Organic Search,Desktop,5,0,0,0
2026-06-19,Google Shopping,Desktop,2,0,0,0
2025-05-27,Meta Ads,Tablet,3,0,0,0
2026-01-20,Google Shopping,Desktop,2,0,0,0
2025-10-29,SEO,Tablet,0,0,0,0
2025-11-11,Direct,Desktop,2,0,0,0
2025-10-19,Direct,Tablet,0,0,0,0
2025-09-05,Google Search,Tablet,1,0,0,0
2026-04-09,organic search,Tablet,1,0,0,0
2026-05-26,Google Shopping,Desktop,6,0,0,0
2025-06-10,Google Search,Tablet,2,0,0,0
2025-06-25,Direct,Tablet,1,0,0,0
2025-07-10,Affiliate,Tablet,0,0,0,0
2025-04-15,Meta Ads,Mobile,10,2,1,1
2025-11-10,Google Shopping,Mobile,5,0,0,0
2026-01-11,Google Shopping,Tablet,0,0,0,0
2026-04-05,Affiliate,Mobile,5,0,0,0
2026-01-08,direct,Tablet,1,1,0,0
2025-01-19,Email,Tablet,1,0,0,0
2026-02-28,Email,Desktop,0,0,0,0
2025-01-26,Organic Search,Mobile,0,0,0,0
2025-12-19,Organic Search,Tablet,2,0,0,0
2026-01-13,Google Shopping,Mobile,0,0,0,0
2025-04-19,FB/IG Ads,Desktop,7,1,1,0
2026-04-09,Affiliate,Desktop,1,0,0,0
2025-07-26,Meta Ads,Desktop,9,0,0,0
2025-06-09,Affiliate,Tablet,0,0,0,0
2026-05-22,Email,Desktop,3,0,0,0
2025-05-31,Facebook/Instagram Ads,Tablet,5,0,0,0
2025-05-10,Organic Search,Mobile,11,0,0,0
2026-02-09,Google Shopping,Mobile,6,0,0,0
2026-05-23,Google_Search,Mobile,10,1,0,0
2025-03-28,Google Search,Tablet,1,0,0,0
2025-06-12,Google Search,Desktop,3,0,0,0
2025-04-09,Email,Tablet,0,0,0,0
2026-02-20,SEO,Tablet,0,0,0,0
2025-04-12,Organic Search,Desktop,2,0,0,0
2025-08-10,Meta Ads,Mobile,11,1,1,1
2025-08-16,Google Shopping,Mobile,4,1,0,0
2025-05-27,Affiliate,Desktop,0,0,0,0
2025-01-07,Email,Desktop,5,0,0,0
2026-03-28,Google Search,Tablet,1,0,0,0
2026-01-17,Organic Search,Desktop,1,0,0,0
2025-07-13,Email,Desktop,2,0,0,0
2025-04-28,Google Search,Desktop,6,1,1,1
2026-05-02,Email,Tablet,0,0,0,0
2025-01-24,Email,Tablet,0,0,0,0
2025-11-22,Google Shopping,Mobile,4,0,0,0
2025-06-25,Organic Search,Desktop,7,2,2,2
2026-05-28,Meta Ads,Desktop,6,0,0,0
2026-05-31,Affiliate,Mobile,2,0,0,0
2025-01-14,Affiliate,Desktop,0,0,0,0
2025-11-10,Email,Tablet,1,0,0,0
2025-12-15,Direct,Desktop,1,0,0,0
2025-02-26,Email,Tablet,0,0,0,0
2025-12-20,direct,Mobile,3,1,1,0
2026-01-08,Direct,Desktop,1,0,0,0
2025-12-28,Google Search,Mobile,2,0,0,0
2025-08-28,Google Search,Mobile,9,2,0,0
2025-02-28,Email,Tablet,1,0,0,0
2026-02-15,organic search,Tablet,0,0,0,0
2026-04-02,Google Search,Mobile,10,1,0,0
2026-06-16,Organic_Search,Mobile,8,0,0,0
2025-11-24,Google Shopping,Desktop,4,0,0,0
2025-04-11,Google Search,Tablet,1,0,0,0
2025-03-13,Affiliate,Tablet,0,0,0,0
2025-11-22,EMAIL,Tablet,1,0,0,0
2025-06-12,Meta Ads,Tablet,1,0,0,0
2025-04-06,Email Marketing,Mobile,2,0,0,0
2025-11-12,Email,Mobile,3,1,0,0
2026-04-15,Google Shopping,Desktop,0,0,0,0
2025-03-18,Meta Ads,Tablet,1,0,0,0
2025-06-06,DIRECT,Tablet,1,0,0,0
2026-06-06,Direct,Desktop,0,0,0,0
2026-05-31,Google Shopping,Tablet,2,0,0,0
2025-10-09,Email,Desktop,1,0,0,0
2026-06-27,Google Search,Tablet,1,0,0,0
2026-03-10,Direct,Tablet,1,0,0,0
2026-03-28,Email Marketing,Mobile,7,3,2,0
2025-09-27,Organic Search,Tablet,1,0,0,0
2025-10-02,Meta Ads,Mobile,19,1,1,0
2025-04-13,affiliate,Mobile,2,0,0,0
2025-10-05,Google Shopping,Desktop,4,0,0,0
2025-07-10,email,Mobile,3,1,1,0
2025-12-18,Email,Mobile,7,0,0,0
2026-04-24,Google  Search,Mobile,7,0,0,0
2025-05-19,Google  Search,Desktop,3,0,0,0
2025-01-23,Direct,Mobile,3,0,0,0
2026-06-20,Organic Search,Tablet,2,1,1,0
2026-01-15,Direct,Desktop,0,0,0,0
2026-01-24,Meta Ads,Mobile,10,0,0,0
2025-04-20,Google Search,Desktop,3,0,0,0
2026-04-17,Direct,Mobile,3,0,0,0
2025-08-07,Affiliate,Desktop,1,0,0,0
2026-05-12,Google Shopping,Mobile,9,1,1,1
2026-01-04,EMAIL,Tablet,0,0,0,0
2026-01-21,Affiliate,Desktop,0,0,0,0
2025-02-26,Meta Ads,Mobile,4,0,0,0
2025-04-12,Affiliate,Tablet,1,0,0,0
2025-07-20,SEO,Tablet,1,0,0,0
2025-07-21,Affiliate,Desktop,1,0,0,0
2025-12-09,Google Search,Desktop,5,0,0,0
2026-06-28,Email,Desktop,3,1,1,1
2025-11-12,email,Tablet,1,0,0,0
2025-12-12,Direct,Mobile,1,0,0,0
2025-12-21,meta ads,Desktop,12,0,0,0
2026-01-12,Affiliate,Mobile,1,0,0,0
2025-01-22,Organic Search,Desktop,5,0,0,0
2025-05-05,GOOGLE SHOPPING,Tablet,0,0,0,0
2025-12-22,Email,Tablet,0,0,0,0
2025-10-31,Direct,Tablet,0,0,0,0
2025-01-18,Meta Ads,Mobile,12,1,1,0
2025-11-05,Google Search,Tablet,0,0,0,0
2025-09-08,Meta Ads,Tablet,2,0,0,0
2025-06-01,Affiliate,Mobile,2,0,0,0
2025-01-22,Direct,Desktop,0,0,0,0
2025-09-09,Meta Ads,Mobile,21,0,0,0
2026-01-18,Direct,Mobile,2,0,0,0
2025-05-23,Google Shopping,Tablet,1,0,0,0
2025-07-14,DIRECT,Mobile,6,2,1,0
2025-12-19,Organic Search,Mobile,6,0,0,0
2025-09-27,Google_Search,Desktop,5,0,0,0
2026-02-17,Email,Mobile,1,0,0,0
2026-05-23,Facebook/Instagram Ads,Desktop,11,0,0,0
2025-02-26,email,Mobile,0,0,0,0
2025-08-21,Google Search,Desktop,3,0,0,0
2025-04-16,Google Search,Mobile,7,1,1,0
2025-06-30,Meta_Ads,Desktop,11,0,0,0
2026-04-28,Google_Shopping,Desktop,3,0,0,0
2026-03-12,Direct,Desktop,4,0,0,0
2026-05-13,Organic Search,Tablet,2,1,0,0
2025-12-13,Affiliate,Mobile,5,1,1,0
2025-06-10,Organic Search,Desktop,5,0,0,0
2025-02-06,Direct,Desktop,1,1,1,1
2026-02-06,Email Marketing,,0,0,0,0
2025-11-01,Email,Tablet,0,0,0,0
2025-05-08,Affiliate,Mobile,3,0,0,0
2026-02-25,Google Shopping,Mobile,5,0,0,0
2025-01-16,Google Shopping,Mobile,2,0,0,0
2025-05-23,Meta Ads,Tablet,3,0,0,0
2025-05-01,Affiliate,Desktop,3,1,0,0
2026-04-16,Affiliate ,Desktop,2,0,0,0
2025-05-30,GOOGLE SEARCH,Desktop,1,0,0,0
2025-04-01,Affiliate,Desktop,3,0,0,0
2026-02-01,Email,Desktop,3,1,1,0
2026-02-05,Meta Ads,Tablet,2,1,0,0
2025-03-03,Meta Ads,Desktop,4,1,0,0
2025-07-02,Organic Search,Desktop,6,0,0,0
2026-06-27,Email,Tablet,0,0,0,0
2025-01-21,Organic Search,Mobile,6,2,1,0
2025-02-08,Meta Ads,Desktop,4,0,0,0
2025-08-02,Organic_Search,Mobile,7,2,2,0
2025-04-10,Affiliate ,Mobile,2,0,0,0
2025-03-18,Meta Ads,Mobile,10,0,0,0
2025-04-26,organic search,Mobile,10,1,0,0
2026-01-11,Email,Desktop,1,0,0,0
2026-06-16,Organic Search,Desktop,3,0,0,0
2025-03-02,Affiliate,Mobile,0,0,0,0
2025-07-29,Affiliate,Tablet,0,0,0,0
2025-12-02,Google Shopping,Tablet,0,0,0,0
2025-01-08,Google Shopping,Mobile,2,1,0,0
2025-10-17,Affiliate ,Tablet,0,0,0,0
2025-02-23,Affiliate,Mobile,1,0,0,0
2026-03-18,GOOGLE SEARCH,Tablet,0,0,0,0
2025-09-05,(direct),Mobile,5,0,0,0
2025-05-26,Google Shopping,Mobile,5,0,0,0
2025-03-04,Meta Ads,Tablet,2,0,0,0
2025-01-20,Affiliate,Desktop,2,0,0,0
2026-02-20,Google Search,Tablet,1,0,0,0
2025-10-11,Google Search,Desktop,4,0,0,0
2025-02-27,Google Shopping,Tablet,0,0,0,0
2026-03-23,Google Search,Mobile,5,0,0,0
2025-03-07,Google Shopping,Tablet,0,0,0,0
2025-06-19,Email,Tablet,0,0,0,0
2026-05-29,Google Search,Mobile,8,0,0,0
2025-12-18,Meta Ads,Desktop,15,1,0,0
2025-05-05,Organic Search,Tablet,2,1,0,0
2026-01-02,Email Marketing,Mobile,4,0,0,0
2026-01-07,Email,Desktop,1,0,0,0
2025-09-18,Organic Search,Tablet,0,0,0,0
2025-10-27,Meta Ads,Mobile,14,0,0,0
2026-06-03,Organic Search,Mobile,7,0,0,0
2026-02-16,Affiliate,Mobile,2,0,0,0
2025-07-03,Affiliate,Desktop,0,0,0,0
2025-08-02,Google_Shopping,Tablet,1,0,0,0
2025-04-23,email,Tablet,1,0,0,0
2026-04-17,Email,Desktop,3,0,0,0
2025-02-22,Affiliate,Mobile,3,0,0,0
2025-02-13,AFFILIATE,Desktop,0,0,0,0
2025-01-15,Meta Ads,Desktop,7,0,0,0
2025-03-24,Email,Desktop,4,0,0,0
2025-09-14,Google Shopping,Desktop,4,0,0,0
2025-01-26,Affiliate,Tablet,0,0,0,0
2025-08-19,Google Shopping,Mobile,4,0,0,0
2026-03-13,Organic Search,Mobile,8,0,0,0
2025-04-28,Affiliate,Desktop,1,1,1,1
2026-05-03,(direct),Tablet,0,0,0,0
2025-02-08,Email,Desktop,3,0,0,0
2025-03-08,google search,Mobile,6,0,0,0
2025-09-18,Affiliate,Desktop,1,0,0,0
2025-06-21,direct,Tablet,0,0,0,0
2025-10-06,Google Shopping,Desktop,5,3,2,1
2026-01-12,Google Shopping,Desktop,2,0,0,0
2025-04-16,EMAIL,Tablet,0,0,0,0
2025-09-10,Email,Desktop,1,0,0,0
2025-07-13,Meta Ads,Mobile,15,0,0,0
2025-01-03,meta ads,Tablet,1,1,0,0
2025-06-15,Google Search,Mobile,13,3,1,1
2025-08-12,Organic Search,Mobile,5,3,2,1
2025-04-03,Email Marketing,Tablet,2,0,0,0
2025-11-11,Meta Ads,Tablet,2,0,0,0
2026-01-26,Direct,Desktop,0,0,0,0
2025-11-04,Google Search,Desktop,6,2,2,1
2026-02-10,direct,Desktop,3,0,0,0
2026-06-17,Email,Desktop,3,0,0,0
2025-01-10,Meta Ads,Mobile,9,1,1,1
2026-06-12,Organic Search,Mobile,11,0,0,0
2025-11-19,Google_Search,Tablet,0,0,0,0
2025-04-17,Direct,Mobile,2,0,0,0
2025-09-09,DIRECT,Mobile,6,0,0,0
2025-05-17,google shopping,Desktop,2,0,0,0
2025-07-25,AFFILIATE,Tablet,0,0,0,0
2025-09-13,EMAIL,Tablet,0,0,0,0
2026-05-09,Meta Ads,Tablet,2,0,0,0
2026-01-11,GOOGLE SEARCH,Tablet,0,0,0,0
2025-05-30,email,Mobile,5,0,0,0
2025-10-29,FB/IG Ads,Tablet,5,0,0,0
2025-02-25,Google Search,Desktop,8,0,0,0
2025-11-16,Email,Desktop,1,0,0,0
2025-12-29,Organic Search,Desktop,1,0,0,0
2026-05-20,Affiliate,Desktop,1,0,0,0
2025-06-26,affiliate,Mobile,1,0,0,0
2026-06-14,Google Search,Tablet,0,0,0,0
2025-04-26,Affiliate,Desktop,3,0,0,0
2025-06-11,Direct,Mobile,6,1,0,0
2025-02-12,GOOGLE SEARCH,Desktop,7,2,1,0
2025-01-14,Organic Search,Mobile,6,1,0,0
2025-01-29,Organic Search,Tablet,0,0,0,0
2025-08-12,direct,Mobile,0,0,0,0
2026-01-21,Google Shopping,Mobile,6,0,0,0
2025-07-24,Meta Ads,Desktop,6,0,0,0
2025-02-04,(direct),Tablet,1,0,0,0
2025-01-27,Direct,Desktop,0,0,0,0
2025-05-24,Direct,Desktop,0,0,0,0
2026-06-26,Affiliate ,Desktop,4,0,0,0
2026-04-10,Email,Desktop,4,0,0,0
2025-10-22,Google Shopping,Mobile,5,0,0,0
2025-06-16,Direct,Mobile,4,1,1,0
2026-03-12,SEO,Desktop,6,0,0,0
2025-02-04,Organic Search,Tablet,1,0,0,0
2026-04-30,Affiliate,Mobile,3,0,0,0
2025-11-10,Email,Mobile,8,2,1,1
2025-11-08,Meta Ads,Tablet,5,0,0,0
2026-01-09,Affiliate,Tablet,0,0,0,0
2025-07-02,google search,Tablet,1,0,0,0
2025-05-12,Google Search,Desktop,5,1,1,1
2025-10-10,Organic Search,Desktop,5,1,0,0
2025-01-23,Direct,Desktop,1,0,0,0
2025-06-16,Organic Search,Desktop,8,0,0,0
2025-03-25,Email,Mobile,2,0,0,0
2026-03-11,Google Shopping,Desktop,1,0,0,0
2026-05-19,GOOGLE SEARCH,Mobile,9,0,0,0
2025-11-27,Affiliate,Desktop,3,0,0,0
2025-06-17,Direct,Tablet,0,0,0,0
2025-06-02,Meta Ads,Mobile,7,1,0,0
2026-04-21,Organic Search,Tablet,1,0,0,0
2026-06-28,Organic Search,Desktop,1,0,0,0
2026-01-04,GOOGLE SHOPPING,Desktop,2,0,0,0
2026-01-15,FB/IG Ads,Desktop,4,0,0,0
2025-07-21,direct,Desktop,4,0,0,0
2025-10-07,Affiliate,Desktop,1,0,0,0
2025-11-06,Meta Ads,Mobile,21,1,1,1
2025-03-21,(direct),Mobile,3,0,0,0
2026-01-04,Google Search,Desktop,2,0,0,0
2025-08-14,Meta Ads,Mobile,15,1,1,1
2025-10-25,Organic Search,Desktop,3,0,0,0
2026-06-16,EMAIL,Desktop,4,0,0,0
2026-01-05,Google Search,Tablet,0,0,0,0
2026-06-02,Google Search,Desktop,12,0,0,0
2026-04-07,Google Shopping,Tablet,0,0,0,0
2025-04-18,Email,Mobile,3,0,0,0
2025-04-08,Meta_Ads,Tablet,0,0,0,0
2026-06-26,Google Search,Mobile,10,1,1,0
2025-12-01,Organic Search,Mobile,11,1,1,1
2025-06-05,AFFILIATE,Desktop,1,0,0,0
2025-12-07,Meta Ads,Tablet,2,0,0,0
2025-12-23,GOOGLE SHOPPING,Tablet,2,1,0,0
2025-05-27,Direct,Mobile,4,1,1,1
2026-06-19,Organic Search,Tablet,4,1,0,0
2025-06-23,Email,Mobile,3,1,0,0
2025-05-10,Google Search,Desktop,3,0,0,0
2025-07-07,Google Shopping,Desktop,1,0,0,0
2026-05-31,Meta Ads,Desktop,6,0,0,0
2026-03-05,affiliate,Mobile,1,0,0,0
2025-08-16,Google Shopping,Desktop,3,0,0,0
2025-04-10,Meta Ads,Tablet,0,0,0,0
2026-06-28,FB/IG Ads,Desktop,9,0,0,0
2025-03-29,Meta_Ads,Mobile,7,0,0,0
2026-06-25,Affiliate,Tablet,1,0,0,0
2025-04-09,Direct,Tablet,0,0,0,0
2025-11-21,(direct),Tablet,0,0,0,0
2026-06-02,Affiliate,Tablet,1,0,0,0
2025-11-06,email,Desktop,3,0,0,0
2025-12-31,Meta Ads,Tablet,2,0,0,0
2025-12-17,AFFILIATE,Mobile,4,1,0,0
2025-05-29,organic search,Desktop,5,0,0,0
2026-03-28,Affiliate,Tablet,0,0,0,0
2025-03-31,Meta Ads,Desktop,8,1,1,0
2025-11-22,Affiliate,Tablet,0,0,0,0
2025-07-29,Email,Tablet,0,0,0,0
2026-02-02,Affiliate,Tablet,0,0,0,0
2025-08-24,Google_Search,Tablet,0,0,0,0
2025-06-15,Affiliate,Desktop,5,0,0,0
2025-06-14,Google Search,Desktop,5,0,0,0
2025-12-16,GOOGLE SHOPPING,Mobile,6,0,0,0
2026-03-05,meta ads,Desktop,8,0,0,0
2025-06-28,Organic Search,Tablet,2,0,0,0
2025-10-19,google search,Desktop,3,0,0,0
2026-01-13,Affiliate,Tablet,0,0,0,0
2025-09-25,Direct,Mobile,6,1,1,1
2026-03-02,Meta Ads,Tablet,3,0,0,0
2025-06-24,Direct,Tablet,2,0,0,0
2025-03-18,Google Shopping,Mobile,6,0,0,0
2025-01-31,Affiliate,Mobile,2,0,0,0
2025-01-28,Affiliate,Mobile,0,0,0,0
2025-07-16,Affiliate ,Tablet,0,0,0,0
2026-06-01,Google Search,Desktop,11,1,0,0
2026-02-22,Organic Search,Tablet,1,0,0,0
2025-11-05,Affiliate,Desktop,2,0,0,0
2026-06-07,Affiliate,Desktop,0,0,0,0
2025-09-12,EMAIL,Desktop,4,0,0,0
2025-08-13,Google_Search,Mobile,9,1,0,0
2026-06-26,affiliate,Tablet,0,0,0,0
2025-04-09,Organic Search,Mobile,5,0,0,0
2026-05-31,Affiliate,Desktop,1,1,0,0
2026-05-09,Direct,Desktop,2,0,0,0
2025-04-14,Google Shopping,Tablet,1,0,0,0
2025-09-12,Email,Mobile,6,2,2,0
2025-12-13,Organic Search,Tablet,2,0,0,0
2025-02-21,Affiliate,Mobile,3,0,0,0
2026-03-05,Google Search,Desktop,10,2,2,2
2026-01-02,Google Search,Desktop,3,0,0,0
2026-04-24,Organic Search,Tablet,2,0,0,0
2026-04-07,Direct,Desktop,1,0,0,0
2026-03-19,Google Shopping,Mobile,5,0,0,0
2025-09-22,EMAIL,Mobile,7,2,2,1
2026-05-02,Direct,Desktop,2,0,0,0
2025-04-23,direct,Mobile,2,1,1,0
2026-01-17,Email,Tablet,0,0,0,0
2025-01-15,Google Search,Mobile,3,0,0,0
2026-01-21,google search,Mobile,9,2,2,1
2025-04-15,GOOGLE SHOPPING,Desktop,3,0,0,0
2025-06-24,Email,Tablet,0,0,0,0
2025-09-04,Organic Search,Desktop,0,0,0,0
2025-04-18,Direct,Desktop,1,0,0,0
2025-04-23,Affiliate,Desktop,1,0,0,0
2026-02-11,Google Shopping,Desktop,3,0,0,0
2025-09-23,Affiliate,Mobile,3,1,0,0
2026-01-20,GOOGLE SEARCH,Tablet,1,0,0,0
2025-07-28,Direct,Desktop,1,0,0,0
2026-05-10,google shopping,Desktop,6,0,0,0
2025-04-21,organic search,Desktop,5,1,1,1
2025-06-01,Organic Search,Tablet,0,0,0,0
2025-06-14,Google Shopping,Mobile,6,0,0,0
2025-04-08,Affiliate,Tablet,0,0,0,0
2026-04-09,Google Shopping,Mobile,6,0,0,0
2025-01-31,Google Shopping,Mobile,1,0,0,0
2025-11-29,GOOGLE SHOPPING,Tablet,3,0,0,0
2026-02-09,Email,Mobile,7,1,0,0
2026-03-04,Email,Tablet,0,0,0,0
2025-02-27,Affiliate ,Tablet,1,0,0,0
2026-06-21,Affiliate ,Mobile,1,0,0,0
2025-10-31,Organic Search,Desktop,3,1,0,0
2026-02-05,(direct),Tablet,0,0,0,0
2025-07-16,Google Search,Mobile,11,0,0,0
2025-05-13,Organic Search,Desktop,4,0,0,0
2025-09-09,GOOGLE SHOPPING,Desktop,4,0,0,0
2025-07-21,Google Search,Tablet,0,0,0,0
2025-03-30,direct,Tablet,0,0,0,0
2025-12-08,affiliate,Mobile,6,0,0,0
2025-05-07,Organic_Search,Desktop,5,0,0,0
2025-09-29,Google_Shopping,Desktop,1,0,0,0
2026-06-06,Email,Mobile,5,2,1,0
2025-12-26,Google Search,Desktop,3,0,0,0
2025-03-18,Google_Search,Mobile,2,1,1,0
2025-05-14,Google Search,Tablet,1,0,0,0
2025-11-25,meta ads,Desktop,20,1,0,0
2026-03-03,Email,Tablet,0,0,0,0
2025-04-03,Affiliate,Mobile,0,0,0,0
2025-10-12,Google Search,Mobile,11,1,0,0
2025-11-03,Google Shopping,Tablet,0,0,0,0
2025-06-02,Google Shopping,Desktop,4,1,0,0
2025-09-23,Affiliate,Desktop,1,0,0,0
2026-01-16,Organic_Search,Desktop,4,0,0,0
2025-01-22,Google Shopping,Desktop,2,0,0,0
2025-04-07,Meta Ads,Desktop,9,1,1,1
2025-07-04,Google Search,Mobile,6,2,2,0
2026-01-22,google search,Tablet,0,0,0,0
2025-11-03,Meta Ads,Mobile,27,2,1,0
2025-11-22,Meta Ads,Desktop,8,2,1,1
2025-09-04,Meta Ads,Tablet,1,0,0,0
2025-05-29,Direct,Desktop,5,0,0,0
2025-05-14,Affiliate,Tablet,1,0,0,0
2026-04-27,Meta Ads,Mobile,18,1,1,0
2025-09-21,FB/IG Ads,Mobile,16,2,1,1
2025-12-12,Affiliate,Mobile,3,0,0,0
2026-06-09,Google Shopping,Mobile,3,0,0,0
2025-09-07,Email,Mobile,4,0,0,0
2025-01-01,Meta Ads,Mobile,5,0,0,0
2026-03-03,Google Search,Tablet,1,0,0,0
2025-07-03,Direct,Tablet,0,0,0,0
2026-03-25,FB/IG Ads,Desktop,16,1,1,1
2026-04-19,Google Shopping,Desktop,2,0,0,0
2025-08-07,Google Search,Tablet,0,0,0,0
2025-08-29,Organic Search,Desktop,4,2,2,2
2026-02-22,Direct,Mobile,3,0,0,0
2026-01-24,Direct,Desktop,1,0,0,0
2025-06-06,email,Desktop,1,0,0,0
2026-05-11,email,Desktop,3,0,0,0
2025-01-14,Direct,Desktop,0,0,0,0
2025-09-15,Google  Search,Mobile,11,0,0,0
2025-09-12,Direct,Tablet,0,0,0,0
2025-10-04,direct,Desktop,4,0,0,0
2025-06-08,Google Shopping,Mobile,7,1,1,0
2026-02-08,SEO,Tablet,0,0,0,0
2025-04-20,Email Marketing,Mobile,9,1,1,0
2025-11-09,GOOGLE SHOPPING,Tablet,2,0,0,0
2025-09-17,Google Shopping,Tablet,2,0,0,0
2025-12-23,EMAIL,Mobile,4,2,0,0
2026-04-27,Direct,Mobile,3,0,0,0
2025-01-07,Google Shopping,Mobile,5,0,0,0
2026-04-01,Email,Tablet,2,1,1,0
2025-04-12,Organic Search,Tablet,2,0,0,0
2026-05-07,Google Search,Desktop,8,0,0,0
2026-06-13,Google Search,Tablet,2,1,0,0
2025-11-20,Google Shopping,Tablet,1,0,0,0
2026-04-08,Organic Search,Tablet,1,0,0,0
2025-10-19,GOOGLE SHOPPING,Mobile,5,0,0,0
2025-04-13,Google Shopping,Desktop,3,1,0,0
2026-06-25,Direct,Desktop,0,0,0,0
2025-08-12,Google Shopping,Desktop,3,0,0,0
2026-05-18,Email,Desktop,1,0,0,0
2025-09-19,Affiliate,Mobile,3,1,0,0
2025-02-22,meta ads,Desktop,6,0,0,0
2026-01-07,Organic_Search,Mobile,3,0,0,0
2026-05-11,email,Tablet,0,0,0,0
2025-01-02,Google Shopping,Mobile,5,0,0,0
2025-08-18,Google_Search,Tablet,0,0,0,0
2026-01-11,Direct,Desktop,1,0,0,0
2026-04-11,Email,Desktop,2,0,0,0
2026-05-30,Google Search,Tablet,2,0,0,0
2026-04-29,Meta Ads,Mobile,13,1,1,0
2025-11-08,Email,Desktop,4,1,0,0
2025-04-14,Meta Ads,Desktop,6,0,0,0
2025-03-23,Email Marketing,Tablet,0,0,0,0
2025-02-20,Google Shopping,Mobile,7,0,0,0
2025-06-29,organic search,Mobile,6,0,0,0
2025-03-02,Organic Search,Mobile,7,2,2,1
2026-03-28,Email,Desktop,2,0,0,0
2025-08-07,Google Shopping,Tablet,0,0,0,0
2025-12-19,affiliate,Mobile,3,0,0,0
2025-02-25,Email Marketing,Tablet,1,0,0,0
2025-05-29,Meta Ads,Tablet,3,0,0,0
2025-10-15,Google Search,Tablet,0,0,0,0
2026-03-05,Direct,Desktop,2,0,0,0
2026-01-15,Organic Search,Mobile,5,1,1,1
2026-04-25,Email,Desktop,3,2,1,1
2025-11-29,Meta Ads,Tablet,2,0,0,0
2025-06-17,Email,Desktop,0,0,0,0
2025-05-11,Google Search,Tablet,0,0,0,0
2026-05-31,GOOGLE SEARCH,Tablet,2,1,1,0
2025-03-17,Organic_Search,Mobile,5,0,0,0
2026-01-24,Affiliate,Tablet,0,0,0,0
2025-05-20,Google  Search,Tablet,1,0,0,0
2025-12-22,Google_Shopping,Tablet,1,0,0,0
2026-01-30,Google Shopping,Desktop,3,0,0,0
2026-02-22,organic search,Mobile,6,0,0,0
2026-05-18,Direct,Desktop,2,0,0,0
2026-05-05,Direct,Tablet,0,0,0,0
2025-08-02,Affiliate,Mobile,3,0,0,0
2025-06-11,SEO,Desktop,3,0,0,0
2025-12-12,Affiliate,Tablet,1,0,0,0
2025-10-23,Direct,Mobile,2,0,0,0
2026-01-23,Facebook/Instagram Ads,Desktop,2,0,0,0
2025-09-26,(direct),Tablet,0,0,0,0
2026-01-15,Meta Ads,Mobile,7,0,0,0
2026-04-11,Organic Search,Desktop,5,0,0,0
2025-09-08,Google Search,Tablet,1,0,0,0
2026-03-17,Meta Ads,Desktop,10,0,0,0
2026-02-02,Affiliate,Mobile,4,0,0,0
2025-05-06,Affiliate,Tablet,0,0,0,0
2025-03-06,Meta Ads,Tablet,2,0,0,0
2026-01-30,google search,Tablet,1,0,0,0
2025-07-19,FB/IG Ads,Desktop,3,0,0,0
2025-05-27,Organic Search,Mobile,7,1,0,0
2025-02-17,Affiliate,Desktop,1,0,0,0
2025-10-03,Google Search,Tablet,0,0,0,0
2026-04-27,Direct,Tablet,0,0,0,0
2025-02-10,EMAIL,Desktop,3,1,1,1
2025-07-11,Email Marketing,Tablet,0,0,0,0
2026-05-21,Meta Ads,Tablet,2,0,0,0
2026-04-06,Affiliate,Mobile,4,0,0,0
2025-06-15,Google Shopping,Tablet,0,0,0,0
2025-10-10,SEO,Mobile,11,1,1,0
2025-01-31,Email,Mobile,5,0,0,0
2026-04-25,AFFILIATE,Tablet,0,0,0,0
2025-09-20,Email,Tablet,0,0,0,0
2025-05-15,AFFILIATE,Desktop,2,0,0,0
2026-04-28,Email,Tablet,1,1,1,1
2025-12-10,Direct,Tablet,0,0,0,0
2025-07-12,Google Search,Desktop,9,1,1,1
2026-03-19,Google Search,Tablet,0,0,0,0
2025-06-20,Direct,Desktop,0,0,0,0
2025-05-09,SEO,Desktop,1,0,0,0
2025-12-13,Google  Search,Desktop,2,0,0,0
2026-03-28,Direct,Mobile,1,0,0,0
2025-11-20,(direct),Mobile,3,0,0,0
2025-06-01,Meta Ads,Tablet,4,0,0,0
2025-12-25,Email,Tablet,0,0,0,0
2025-12-23,Organic Search,Tablet,1,0,0,0
2026-01-19,Meta Ads,Mobile,14,0,0,0
2026-03-17,Direct,Tablet,0,0,0,0
2025-01-31,Affiliate,Tablet,0,0,0,0
2025-08-12,Organic Search,Tablet,1,0,0,0
2026-01-28,Email,Mobile,3,2,1,0
2025-12-03,Google Search,Desktop,5,1,1,1
2025-07-05,Google_Search,Tablet,2,0,0,0
2025-06-02,Affiliate,Tablet,1,0,0,0
2025-07-06,Affiliate,Tablet,1,0,0,0
2025-07-08,Email,Tablet,1,1,1,1
2025-05-14,DIRECT,Tablet,1,1,1,1
2025-10-22,Organic Search,Tablet,2,0,0,0
2025-09-25,Google Shopping,Desktop,3,0,0,0
2025-05-03,Meta Ads,Desktop,4,0,0,0
2025-11-03,Direct,Tablet,2,0,0,0
2025-01-09,Google  Search,Mobile,4,1,1,0
2026-05-14,google shopping,Tablet,1,0,0,0
2026-03-06,Google Shopping,Tablet,1,0,0,0
2026-03-18,Direct,Mobile,1,0,0,0
2026-06-16,Email,Mobile,3,1,1,1
2026-06-09,Google Search,Tablet,0,0,0,0
2025-09-08,Email,Mobile,2,1,1,1
2025-07-25,Organic Search,Mobile,8,0,0,0
2025-12-19,Organic Search,Desktop,4,0,0,0
2025-05-28,Google Search,Desktop,5,1,1,0
2026-03-15,Google_Search,Mobile,5,0,0,0
2026-01-11,Organic Search,Desktop,4,1,1,0
2026-04-05,EMAIL,Desktop,2,0,0,0
2025-08-04,Direct,Tablet,0,0,0,0
2025-12-19,Email,Tablet,0,0,0,0
2025-01-26,Google Shopping,Mobile,3,0,0,0
2025-02-06,Meta Ads,Tablet,2,0,0,0
2025-01-17,Affiliate,Tablet,0,0,0,0
2025-10-06,google shopping,Tablet,0,0,0,0
2026-01-11,Google Shopping,Desktop,3,1,1,1
2026-04-19,Email,Desktop,2,0,0,0
2026-03-26,Meta Ads,Tablet,1,0,0,0
2025-09-17,Organic Search,Tablet,0,0,0,0
2025-09-05,Affiliate,Desktop,3,0,0,0
2025-05-04,Email,Desktop,3,1,1,1
2026-05-26,Direct,Mobile,3,0,0,0
2026-01-28,google search,Mobile,7,0,0,0
2026-03-10,Meta_Ads,Tablet,1,0,0,0
2025-09-04,Direct,Desktop,2,0,0,0
2025-12-13,EMAIL,Desktop,1,0,0,0
2026-04-19,Google Shopping,Tablet,0,0,0,0
2026-01-08,Meta Ads,Mobile,9,0,0,0
2025-02-11,Direct,Tablet,2,0,0,0
2025-10-22,DIRECT,Mobile,3,0,0,0
2026-01-21,Email,Desktop,2,0,0,0
2025-09-27,AFFILIATE,Mobile,3,0,0,0
2026-03-17,Email,Tablet,0,0,0,0
2025-11-09,Google_Shopping,Mobile,7,1,0,0
2025-06-20,Email,Desktop,0,0,0,0
2025-12-23,organic search,Desktop,7,0,0,0
2025-01-05,Meta Ads,Mobile,7,2,2,1
2026-05-09,Affiliate,Desktop,3,0,0,0
2025-11-16,Organic Search,Mobile,9,1,1,0
2026-02-21,google shopping,Tablet,1,0,0,0
2025-12-28,Direct,Tablet,0,0,0,0
2025-12-02,Organic Search,Mobile,13,1,1,0
2026-02-08,Affiliate,Desktop,3,1,0,0
2025-07-15,Direct,Mobile,1,0,0,0
2025-01-04,google search,Mobile,10,0,0,0
2025-03-08,Google_Shopping,Desktop,1,0,0,0
2026-01-04,Meta Ads,Desktop,8,0,0,0
2025-12-16,Email,Tablet,1,0,0,0
2025-04-21,meta ads,Desktop,5,1,0,0
2025-04-20,Affiliate,Mobile,1,0,0,0
2025-11-19,Meta Ads,Tablet,0,0,0,0
2025-02-28,email,Desktop,2,1,1,1
2026-01-08,affiliate,Tablet,0,0,0,0
2025-07-03,Google Search,Desktop,4,1,1,1
2025-09-03,Organic Search,Desktop,3,0,0,0
2025-06-11,google search,Mobile,10,0,0,0
2025-08-10,Direct,Mobile,4,0,0,0
2025-11-14,Google Search,Desktop,5,1,0,0
2026-03-31,Email,Mobile,2,0,0,0
2026-01-20,GOOGLE SEARCH,Mobile,8,2,1,0
2025-09-04,Meta Ads,Desktop,6,0,0,0
2026-02-03,EMAIL,Desktop,7,0,0,0
2025-05-24,Organic Search,Mobile,12,3,3,1
2025-03-04,Google  Search,Tablet,4,1,1,1
2025-01-03,Direct,Desktop,1,0,0,0
2025-06-19,Google Search,Desktop,4,0,0,0
2025-11-07,Email,Tablet,0,0,0,0
2025-07-13,(direct),Desktop,2,0,0,0
2025-12-20,Affiliate,Desktop,1,0,0,0
2025-01-22,Meta_Ads,Mobile,7,0,0,0
2026-03-15,Affiliate,Mobile,2,1,0,0
2025-06-22,Organic Search,Mobile,9,0,0,0
2025-10-20,Google Shopping,Mobile,6,1,1,0
2026-04-20,Google_Shopping,Tablet,1,0,0,0
2025-09-05,Google Shopping,Mobile,5,0,0,0
2025-08-18,Google Shopping,Desktop,2,0,0,0
2025-07-16,Email,Mobile,4,1,1,1
2025-07-31,Google Search,Mobile,5,1,0,0
2026-02-11,meta ads,Mobile,14,0,0,0
2026-03-24,Direct,Desktop,2,0,0,0
2025-08-29,Email,Mobile,2,0,0,0
2025-06-04,Direct,Desktop,3,1,1,0
2025-05-21,google shopping,Desktop,4,0,0,0
2026-04-15,Affiliate ,Mobile,2,1,1,1
2026-04-01,direct,Tablet,1,0,0,0
2025-02-04,Google Shopping,Desktop,3,0,0,0
2025-05-23,Email,Desktop,5,0,0,0
2026-04-04,direct,Mobile,1,0,0,0
2025-08-22,Direct,Desktop,4,0,0,0
2025-11-19,Google  Search,Mobile,11,1,1,1
2026-05-01,Google Search,Tablet,1,0,0,0
2026-05-20,Google Search,Mobile,12,1,0,0
2026-01-13,Organic Search,Mobile,10,0,0,0
2025-03-05,Affiliate,Desktop,1,0,0,0
2026-02-20,Direct,Desktop,2,0,0,0
2025-08-15,Email,Mobile,5,1,0,0
2025-02-23,(direct),Desktop,0,0,0,0
2026-03-12,Email,Tablet,1,0,0,0
2025-04-08,Direct,Desktop,2,0,0,0
2025-09-14,Direct,Desktop,2,0,0,0
2025-12-14,Affiliate,Tablet,1,0,0,0
2025-07-31,Google Shopping,Desktop,5,0,0,0
2026-01-23,Email,Desktop,1,0,0,0
2025-10-26,Google Search,Desktop,5,0,0,0
2025-07-12,Google Search,Mobile,7,0,0,0
2025-09-09,Organic Search,Mobile,5,1,1,1
2026-04-21,(direct),Tablet,0,0,0,0
2025-10-24,Google  Search,Desktop,5,0,0,0
2025-06-03,Direct,Desktop,4,0,0,0
2025-10-04,Organic Search,Mobile,6,1,0,0
2025-04-15,Email,Desktop,6,1,1,1
2026-05-02,Google Shopping,Mobile,6,1,1,0
2025-04-15,Email,Tablet,0,0,0,0
2025-09-15,AFFILIATE,Desktop,2,0,0,0
2025-03-01,Email Marketing,Desktop,3,0,0,0
2025-04-11,Meta Ads,Mobile,12,0,0,0
2025-11-01,Google Shopping,Mobile,11,0,0,0
2026-02-16,Meta Ads,Mobile,13,1,1,0
2025-01-24,Google Shopping,Desktop,0,0,0,0
2025-03-07,Direct,Mobile,2,0,0,0
2025-11-19,Organic Search,Desktop,7,0,0,0
2025-12-05,Email,Desktop,6,1,1,1
2025-12-02,Google Search,Tablet,0,0,0,0
2025-11-29,Direct,Tablet,4,2,2,2
2026-04-22,Organic_Search,Mobile,11,0,0,0
2025-11-11,Organic Search,Desktop,5,1,1,1
2025-01-24,Affiliate,Tablet,1,0,0,0
2025-01-19,Direct,Desktop,0,0,0,0
2025-03-26,Google Search,Desktop,3,0,0,0
2026-03-14,Google Shopping,Mobile,7,1,0,0
2025-03-13,Direct,Desktop,3,0,0,0
2026-04-11,Meta Ads,Desktop,6,0,0,0
2025-09-16,Organic Search,Desktop,5,0,0,0
2025-08-18,Google Shopping,Tablet,1,0,0,0
2025-09-11,Google Shopping,Desktop,3,0,0,0
2025-10-31,Email,Tablet,0,0,0,0
2026-05-05,Google_Search,Desktop,6,0,0,0
2025-12-19,Meta Ads,Desktop,16,2,1,1
2026-05-29,SEO,Tablet,3,0,0,0
2026-01-02,Google Shopping,Mobile,0,0,0,0
2025-01-08,Direct,Tablet,1,0,0,0
2026-05-20,Google Shopping,Tablet,2,0,0,0
2025-09-23,Google  Search,Mobile,9,0,0,0
2026-04-24,Direct,Tablet,0,0,0,0
2025-02-14,Google Shopping,Mobile,4,1,1,1
2026-02-07,Direct,Mobile,3,0,0,0
2026-06-20,Direct,Desktop,1,0,0,0
2025-10-07,Email,Mobile,9,1,0,0
2025-02-16,google shopping,Mobile,7,1,1,0
2025-05-18,Google Search,Mobile,9,0,0,0
2026-01-08,Email,Mobile,3,0,0,0
2025-04-27,SEO,Desktop,7,1,0,0
2026-02-01,Direct,Desktop,2,0,0,0
2026-04-15,Facebook/Instagram Ads,Mobile,10,1,1,1
2025-05-21,Google Search,Tablet,3,0,0,0
2025-08-30,Affiliate,Desktop,0,0,0,0
2025-01-08,Email,Mobile,2,0,0,0
2026-04-11,Email,Tablet,0,0,0,0
2026-05-14,direct,Mobile,3,0,0,0
2025-07-21,Affiliate,Mobile,2,0,0,0
2025-01-08,Facebook/Instagram Ads,Tablet,2,0,0,0
2025-12-03,Affiliate ,Mobile,3,0,0,0
2025-09-01,Direct,Desktop,2,0,0,0
2025-11-17,Google Search,Tablet,1,0,0,0
2025-04-20,Meta Ads,Tablet,1,0,0,0
2025-07-31,Direct,Mobile,4,0,0,0
2025-02-17,Google Search,Mobile,4,0,0,0
2025-08-28,Direct,Desktop,1,0,0,0
2025-12-06,(direct),Tablet,4,0,0,0
2026-01-22,Direct,Desktop,1,0,0,0
2026-01-10,Google Search,Mobile,5,1,1,1
2025-04-11,GOOGLE SHOPPING,Tablet,0,0,0,0
2025-01-01,Affiliate,Mobile,4,1,1,1
2025-02-20,Organic Search,Mobile,8,0,0,0
2026-06-09,Organic Search,Desktop,6,0,0,0
2025-11-30,Google Shopping,Mobile,11,2,0,0
2025-10-28,Email,Mobile,4,0,0,0
2025-01-09,Google  Search,Desktop,2,0,0,0
2026-01-27,Meta Ads,Tablet,0,0,0,0
2025-03-21,organic search,Mobile,4,2,1,0
2025-08-24,Google Shopping,Mobile,7,1,0,0
2026-06-17,Organic Search,Mobile,6,1,1,0
2025-08-03,Meta Ads,Tablet,0,0,0,0
2026-05-16,Organic Search,Mobile,13,2,1,0
2025-12-10,Google Search,Mobile,14,1,0,0
2026-03-16,SEO,Tablet,0,0,0,0
2025-07-13,Affiliate ,Mobile,0,0,0,0
2026-05-21,Affiliate,Desktop,0,0,0,0
2026-03-21,Google_Search,Mobile,10,0,0,0
2025-11-12,direct,Tablet,1,0,0,0
2025-09-09,google search,Mobile,7,0,0,0
2025-02-16,Organic Search,Mobile,10,1,1,0
2025-05-30,Meta Ads,Tablet,1,0,0,0
2025-03-10,email,Mobile,1,0,0,0
2025-06-23,Organic Search,Tablet,0,0,0,0
2026-05-16,Google Search,Mobile,6,1,1,1
2025-05-19,Direct,Desktop,0,0,0,0
2026-05-01,Organic_Search,Tablet,1,0,0,0
2025-03-18,Google Search,Tablet,2,0,0,0
2025-08-25,Organic Search,Desktop,6,0,0,0
2025-12-14,Email,Mobile,13,3,3,2
2025-01-09,Meta Ads,Desktop,3,0,0,0
2025-05-20,Direct,Desktop,2,0,0,0
2026-04-02,Affiliate,Desktop,2,0,0,0
2025-05-10,Meta Ads,Desktop,8,0,0,0
2026-05-28,Organic Search,Mobile,10,0,0,0
2025-09-12,Organic Search,Desktop,3,0,0,0
2025-02-12,Meta Ads,Tablet,1,0,0,0
2025-02-17,Meta Ads,Tablet,0,0,0,0
2025-07-17,Affiliate,Desktop,2,0,0,0
2025-07-05,Google Shopping,Tablet,2,1,0,0
2026-03-08,(direct),Tablet,2,0,0,0
2025-09-01,Organic Search,Mobile,6,0,0,0
2025-12-14,Meta Ads,Mobile,13,1,1,1
2026-01-28,Google Shopping,Desktop,0,0,0,0
2026-01-22,Email,Tablet,0,0,0,0
2026-03-30,Meta_Ads,Desktop,15,1,1,0
2025-03-19,Organic Search,Desktop,2,0,0,0
2026-01-18,Affiliate,Tablet,0,0,0,0
2025-05-09,Affiliate,Desktop,5,0,0,0
2025-03-29,meta ads,Desktop,8,1,0,0
2026-01-24,Direct,Tablet,1,1,1,1
2025-02-12,direct,Mobile,4,0,0,0
2025-04-23,Direct,Desktop,2,2,2,2
2025-10-22,Google Search,Mobile,9,0,0,0
2026-05-12,Google Search,Desktop,10,2,0,0
2025-08-09,AFFILIATE,Mobile,4,1,0,0
2026-04-20,Direct,Tablet,1,0,0,0
2026-04-30,Organic_Search,Mobile,8,0,0,0
2026-03-06,Organic_Search,Mobile,9,0,0,0
2026-06-19,Direct,Mobile,2,0,0,0
2025-11-17,Direct,Mobile,3,0,0,0
2025-12-23,Affiliate,Mobile,2,0,0,0
2025-03-12,Email,Desktop,2,0,0,0
2025-09-08,Organic Search,Desktop,5,0,0,0
2025-05-11,Direct,Desktop,2,0,0,0
2026-03-15,Direct,Tablet,0,0,0,0
2025-12-03,Email,Desktop,1,0,0,0
2025-03-14,Google Search,Tablet,4,1,1,1
2026-01-10,Organic Search,Mobile,5,0,0,0
2025-08-25,Meta Ads,Tablet,2,0,0,0
2025-06-09,Google Shopping,Tablet,1,0,0,0
2026-05-19,affiliate,Tablet,1,1,0,0
2026-01-03,DIRECT,Mobile,4,1,0,0
2025-03-01,Email Marketing,Mobile,5,1,1,0
2026-04-22,DIRECT,Tablet,1,0,0,0
2025-06-29,Affiliate ,Mobile,1,0,0,0
2026-01-21,Meta Ads,Mobile,19,0,0,0
2026-01-18,Email,Tablet,1,0,0,0
2026-05-10,Google Search,Desktop,5,0,0,0
2026-02-21,Affiliate,Desktop,2,1,0,0
2026-05-05,Google Search,Mobile,10,3,1,1
2025-11-06,Meta Ads,Desktop,11,0,0,0
2025-06-13,Google Search,Desktop,6,0,0,0
2025-12-01,Affiliate,Tablet,1,0,0,0
2026-05-06,Meta Ads,Desktop,12,1,1,1
2026-04-03,Affiliate,Desktop,0,0,0,0
2025-07-18,Direct,Mobile,2,0,0,0
2025-06-19,Direct,Desktop,2,0,0,0
2026-01-28,Affiliate,Tablet,0,0,0,0
2026-05-09,Email,Desktop,6,2,1,0
2025-11-23,Email,Mobile,5,1,1,0
2025-08-05,EMAIL,Tablet,2,0,0,0
2026-05-29,AFFILIATE,Mobile,2,0,0,0
2025-05-08,Email,Mobile,2,0,0,0
2025-06-27,Google Shopping,Tablet,0,0,0,0
2025-12-09,Google Shopping,Desktop,2,0,0,0
2025-07-02,Email,Mobile,3,0,0,0
2025-06-22,Email,Mobile,6,1,0,0
2025-05-08,Meta Ads,Mobile,12,2,1,0
2025-06-25,Google Shopping,Mobile,5,0,0,0
2025-06-19,Meta Ads,Mobile,14,1,0,0
2026-06-01,Direct,Desktop,4,0,0,0
2025-04-27,Direct,Desktop,5,1,0,0
2025-12-17,Google Search,Desktop,7,2,1,0
2025-01-25,Meta Ads,Tablet,0,0,0,0
2026-06-21,Meta Ads,Tablet,7,1,0,0
2025-01-19,Google Shopping,Mobile,1,0,0,0
2025-09-03,Meta Ads,Tablet,1,0,0,0
2025-03-05,Google Shopping,Mobile,4,1,1,0
2026-04-10,Direct,Mobile,4,1,1,1
2026-03-05,Facebook/Instagram Ads,Tablet,3,0,0,0
2026-05-30,Affiliate,Tablet,0,0,0,0
2025-01-28,Direct,Tablet,0,0,0,0
2025-02-28,GOOGLE SHOPPING,Tablet,1,0,0,0
2025-01-08,Affiliate,Mobile,0,0,0,0
2026-01-09,Google Search,Desktop,2,0,0,0
2025-08-27,Google Search,Tablet,0,0,0,0
2026-04-19,Google Shopping,Mobile,4,0,0,0
2026-06-14,Organic Search,Desktop,1,0,0,0
2026-06-02,GOOGLE SHOPPING,Mobile,8,0,0,0
2025-05-17,direct,Mobile,4,1,0,0
2025-06-12,Direct,Tablet,1,0,0,0
2025-11-13,organic search,Mobile,7,0,0,0
2026-05-21,GOOGLE SHOPPING,Desktop,2,1,1,1
2026-02-13,Email,Tablet,1,0,0,0
2026-06-02,Direct,Mobile,7,1,1,0
2026-06-07,Meta Ads,Tablet,4,0,0,0
2025-10-30,Affiliate ,Tablet,1,0,0,0
2025-04-13,Affiliate,Desktop,1,0,0,0
2025-10-04,google shopping,Desktop,2,0,0,0
2025-01-31,SEO,Mobile,4,0,0,0
2026-03-29,google shopping,Tablet,2,0,0,0
2025-07-25,Google Shopping,Desktop,6,0,0,0
2026-02-15,Email,Mobile,4,0,0,0
2025-08-03,Email,Mobile,1,1,0,0
2026-01-23,Email Marketing,Tablet,1,0,0,0
2026-04-11,Google Shopping,Tablet,1,0,0,0
2026-04-30,Direct,Desktop,0,0,0,0
2025-02-02,Meta Ads,Mobile,7,0,0,0
2025-07-02,Google  Search,Mobile,3,0,0,0
2025-09-19,Meta Ads,Tablet,1,0,0,0
2025-12-24,direct,Mobile,5,1,0,0
2025-06-12,Organic Search,Tablet,1,0,0,0
2025-11-02,Affiliate,Desktop,2,0,0,0
2025-11-13,Organic Search,Desktop,8,1,1,0
2025-05-02,Affiliate,Mobile,0,0,0,0
2026-05-22,Meta Ads,Tablet,1,0,0,0
2026-05-18,Google Shopping,Desktop,5,0,0,0
2026-06-22,Google Search,Tablet,2,0,0,0
2026-03-06,Affiliate,Tablet,0,0,0,0
2026-05-21,email,Desktop,2,0,0,0
2026-03-28,(direct),Desktop,3,0,0,0
2026-06-24,Email,Tablet,0,0,0,0
2025-05-15,Email,Tablet,0,0,0,0
2025-03-14,Affiliate ,Tablet,1,0,0,0
2025-04-19,affiliate,Tablet,0,0,0,0
2025-07-22,Google Search,Tablet,4,0,0,0
2025-02-18,Affiliate,Mobile,1,0,0,0
2025-03-14,Meta Ads,Tablet,1,0,0,0
2025-08-05,Google Shopping,Desktop,3,0,0,0
2025-06-13,Affiliate,Mobile,5,0,0,0
2025-06-28,Direct,Tablet,0,0,0,0
2025-04-26,Direct,Tablet,2,0,0,0
2026-03-08,Affiliate,Mobile,5,0,0,0
2025-03-01,direct,Mobile,3,0,0,0
2026-02-23,Meta Ads,Mobile,18,0,0,0
2025-01-05,Google Search,Tablet,1,0,0,0
2025-11-02,Affiliate,Mobile,5,1,0,0
2025-06-25,meta ads,Desktop,9,0,0,0
2025-12-16,meta ads,Mobile,16,1,0,0
2026-03-23,affiliate,Tablet,0,0,0,0
2025-07-18,Email,Mobile,6,1,1,1
2025-07-21,Email,Desktop,1,1,1,1
2025-02-25,Direct,Desktop,3,0,0,0
2025-08-17,Meta Ads,Mobile,6,0,0,0
2026-03-03,AFFILIATE,Desktop,0,0,0,0
2025-01-27,Direct,Tablet,0,0,0,0
2026-03-07,Google  Search,Mobile,9,0,0,0
2025-11-28,Direct,Mobile,3,0,0,0
2026-01-20,Meta Ads,Mobile,13,0,0,0
2026-05-12,Email,Desktop,1,0,0,0
2025-11-16,Google Shopping,Tablet,1,0,0,0
2025-11-24,Affiliate,Tablet,1,0,0,0
2025-10-30,Meta Ads,Tablet,0,0,0,0
2025-07-29,Google Shopping,Mobile,3,0,0,0
2025-10-15,Direct,Tablet,0,0,0,0
2025-02-25,Email,Mobile,4,1,1,1
2026-02-13,Google Shopping,Mobile,3,1,0,0
2025-03-05,Organic Search,Mobile,9,0,0,0
2025-05-31,EMAIL,Tablet,0,0,0,0
2025-08-25,email,Desktop,1,0,0,0
2025-06-21,FB/IG Ads,Mobile,9,2,2,2
2026-05-07,Google Search,Tablet,0,0,0,0
2025-08-04,Direct,Desktop,3,0,0,0
2025-09-04,Affiliate,Desktop,0,0,0,0
2026-03-24,meta ads,Mobile,16,0,0,0
2025-11-22,Affiliate,Mobile,6,0,0,0
2026-03-02,Affiliate,Desktop,3,1,0,0
2025-03-22,Google Search,Mobile,9,0,0,0
2025-05-13,Google_Shopping,Desktop,8,0,0,0
2026-05-02,Meta Ads,Mobile,19,1,0,0
2026-01-30,EMAIL,Tablet,1,0,0,0
2025-12-12,Facebook/Instagram Ads,Mobile,19,1,1,1
2025-02-12,affiliate,Tablet,0,0,0,0
2025-07-29,Affiliate,Desktop,1,0,0,0
2025-08-16,Google Search,Tablet,1,1,0,0
2025-01-18,Affiliate,Tablet,0,0,0,0
2026-01-18,Email,Desktop,6,0,0,0
2026-03-03,Google_Search,Desktop,1,0,0,0
2025-05-22,Meta Ads,Tablet,1,0,0,0
2025-10-17,Organic Search,Mobile,6,1,1,0
2025-09-24,Direct,Desktop,2,0,0,0
2026-05-08,Meta Ads,Desktop,11,0,0,0
2026-04-04,Google  Search,Mobile,4,1,1,1
2025-07-23,Google Shopping,Mobile,3,0,0,0
2026-02-01,Email,Mobile,4,1,1,0
2025-10-14,Google_Shopping,Desktop,6,0,0,0
2025-12-01,Affiliate,Mobile,4,0,0,0
2026-05-03,email,Desktop,6,1,1,0
2025-04-18,Facebook/Instagram Ads,Tablet,1,0,0,0
2025-12-26,Affiliate,Desktop,2,0,0,0
2025-10-09,Google Shopping,Desktop,3,0,0,0
2025-11-30,Organic Search,Mobile,23,3,2,1
2025-04-17,Google Shopping,Tablet,1,0,0,0
2025-06-12,Affiliate,Tablet,0,0,0,0
2025-07-18,GOOGLE SEARCH,Desktop,5,0,0,0
2025-09-05,Email,Mobile,5,0,0,0
2025-05-29,Google Search,Mobile,6,0,0,0
2026-05-23,Affiliate,Desktop,2,0,0,0
2025-06-16,Organic Search,Mobile,10,1,1,0
2025-11-16,Direct,Desktop,1,0,0,0
2025-01-11,DIRECT,Desktop,0,0,0,0
2025-02-09,Google Shopping,Mobile,6,0,0,0
2025-12-08,Google Search,Mobile,11,1,1,1
2025-04-04,Affiliate,Mobile,3,1,1,1
2025-08-21,Organic_Search,Tablet,1,0,0,0
2025-09-18,Email Marketing,Tablet,0,0,0,0
2026-06-14,Google Shopping,Mobile,6,0,0,0
2025-09-08,Affiliate,Tablet,0,0,0,0
2025-11-14,Google_Shopping,Tablet,0,0,0,0
2025-12-12,DIRECT,Desktop,5,1,1,1
2025-03-05,EMAIL,Desktop,2,1,1,0
2025-04-23,Organic Search,Desktop,4,2,2,2
2025-12-25,Organic Search,Desktop,3,1,1,0
2025-11-01,Organic Search,Mobile,6,0,0,0
2026-05-16,Organic Search,Tablet,1,0,0,0
2025-12-02,Google Search,Desktop,5,1,0,0
2026-03-19,Meta Ads,Mobile,20,0,0,0
2025-07-17,Google Search,Tablet,1,0,0,0
2025-07-19,Organic_Search,Desktop,4,1,1,0
2025-05-16,Google Shopping,Mobile,7,0,0,0
2025-02-04,Affiliate,Desktop,3,0,0,0
2026-03-14,Email,Desktop,1,0,0,0
2026-03-20,Email,Desktop,2,1,1,0
2026-03-31,Google Search,Mobile,6,0,0,0
2026-04-15,Direct,Desktop,3,1,1,1
2025-11-12,Google  Search,Mobile,8,3,2,1
2026-01-27,Google Search,Tablet,0,0,0,0
2025-09-16,Organic_Search,Tablet,0,0,0,0
2026-02-01,AFFILIATE,Mobile,5,0,0,0
2026-06-28,Direct,Desktop,6,0,0,0
2025-06-01,Google  Search,Desktop,3,0,0,0
2025-03-14,Email,Desktop,1,1,1,0
2026-02-03,Organic Search,Desktop,2,0,0,0
2025-11-17,direct,Desktop,2,0,0,0
2025-07-06,Email,Tablet,1,1,0,0
2025-11-05,Email,Desktop,1,0,0,0
2025-06-19,Affiliate ,Desktop,1,0,0,0
2026-02-02,Google Shopping,Desktop,8,0,0,0
2026-06-26,Direct,Mobile,4,1,0,0
2025-11-03,DIRECT,Desktop,1,1,1,0
2026-03-22,Affiliate,Desktop,2,0,0,0
2025-02-23,GOOGLE SHOPPING,Mobile,4,0,0,0
2025-02-16,Email,Mobile,3,1,1,1
2026-04-01,Affiliate,Desktop,1,0,0,0
2025-01-13,Direct,Tablet,0,0,0,0
2025-06-16,Email,Desktop,3,0,0,0
2026-04-22,Affiliate,Tablet,1,0,0,0
2026-03-31,Meta Ads,Mobile,18,1,1,0
2025-01-14,Organic Search,Desktop,1,0,0,0
2025-01-11,Meta_Ads,Desktop,5,1,1,1
2026-01-28,Affiliate,Mobile,1,0,0,0
2026-05-23,Google Shopping,Mobile,6,2,2,1
2025-02-14,Email,Tablet,0,0,0,0
2025-06-26,Google Shopping,Tablet,3,0,0,0
2025-11-30,Google Search,Mobile,19,2,1,1
2025-05-25,google shopping,Mobile,10,0,0,0
2026-05-20,Affiliate ,Mobile,5,0,0,0
2026-02-10,Organic Search,Desktop,4,0,0,0
2025-03-16,Email,Tablet,0,0,0,0
2025-01-16,Organic Search,Mobile,2,0,0,0
2025-03-23,Direct,Desktop,2,0,0,0
2025-11-27,Organic Search,Desktop,8,0,0,0
2025-05-16,GOOGLE SHOPPING,Desktop,4,0,0,0
2025-12-10,Meta Ads,Tablet,0,0,0,0
2026-02-24,Organic Search,Desktop,2,0,0,0
2025-02-01,organic search,Mobile,7,0,0,0
2026-03-24,GOOGLE SEARCH,Mobile,8,2,1,1
2025-09-16,Email,Mobile,1,0,0,0
2026-04-09,Meta Ads,Desktop,7,0,0,0
2025-09-16,Google Shopping,Desktop,4,0,0,0
2026-05-29,Affiliate,Desktop,1,1,0,0
2025-10-27,Email,Desktop,3,0,0,0
2025-04-28,Direct,Mobile,3,0,0,0
2025-05-23,Email,Mobile,3,0,0,0
2026-04-08,Email,Tablet,0,0,0,0
2025-08-17,Email,Tablet,0,0,0,0
2025-02-20,Direct,Desktop,2,0,0,0
2025-01-14,AFFILIATE,Tablet,0,0,0,0
2025-09-07,Email,Desktop,1,0,0,0
2025-12-11,Google Shopping,Mobile,8,0,0,0
2026-03-17,Google Search,Tablet,0,0,0,0
2025-10-18,Organic_Search,Desktop,2,1,1,1
2026-01-11,Affiliate,Tablet,0,0,0,0
2025-12-24,Meta Ads,Tablet,3,0,0,0
2025-06-10,Google Search,Desktop,5,0,0,0
2025-10-29,Google_Search,Desktop,7,0,0,0
2026-05-26,Email,Mobile,7,1,0,0
2025-10-03,organic search,Desktop,6,0,0,0
2025-08-15,Google Search,Tablet,0,0,0,0
2026-01-31,Organic Search,Mobile,6,2,1,0
2026-03-13,Direct,Tablet,0,0,0,0
2025-02-07,(direct),Mobile,5,1,0,0
2026-06-14,Email,Tablet,0,0,0,0
2025-06-19,direct,Tablet,0,0,0,0
2026-04-08,Meta Ads,Mobile,4,0,0,0
2026-01-01,Affiliate,Desktop,0,0,0,0
2025-12-30,Meta Ads,Desktop,4,0,0,0
2026-03-07,Email,Mobile,1,0,0,0
2026-04-20,Email,Desktop,3,0,0,0
2025-06-03,Meta Ads,Tablet,1,1,0,0
2026-03-11,Email,Mobile,2,0,0,0
2025-12-11,Meta Ads,Tablet,2,0,0,0
2025-09-25,Google  Search,Tablet,2,0,0,0
2025-06-28,Meta Ads,Tablet,4,0,0,0
2026-05-29,Email Marketing,Mobile,4,0,0,0
2026-06-27,Facebook/Instagram Ads,Tablet,3,1,0,0
2025-05-07,Direct,Tablet,0,0,0,0
2026-02-14,Meta Ads,Mobile,13,1,1,0
2026-01-16,Direct,Tablet,1,0,0,0
2025-09-29,AFFILIATE,Mobile,3,1,1,1
2026-03-21,Affiliate,Mobile,1,0,0,0
2025-01-20,Meta Ads,Desktop,3,0,0,0
2025-02-15,Google Search,Mobile,1,0,0,0
2025-02-18,Email,Desktop,1,0,0,0
2025-10-16,Affiliate,Tablet,1,0,0,0
2025-03-16,Affiliate ,Desktop,0,0,0,0
2026-02-28,Organic Search,Desktop,5,0,0,0
2025-05-20,Email,Mobile,4,0,0,0
2025-11-22,Organic Search,Desktop,3,0,0,0
2025-01-10,Direct,Desktop,1,0,0,0
2026-03-05,Email Marketing,Desktop,2,0,0,0
2026-05-02,GOOGLE SHOPPING,Tablet,0,0,0,0
2025-02-07,Google Search,Desktop,8,0,0,0
2025-03-08,organic search,Mobile,12,2,1,1
2025-01-02,Direct,Mobile,4,1,1,0
2025-10-07,organic search,Tablet,0,0,0,0
2025-12-05,google shopping,Tablet,3,0,0,0
2026-01-01,Email,Mobile,6,1,1,1
2025-07-09,Google Search,Mobile,2,0,0,0
2026-01-26,affiliate,Tablet,0,0,0,0
2026-03-26,Direct,Mobile,3,1,1,0
2026-05-31,Affiliate ,Tablet,3,0,0,0
2025-11-17,Email,Desktop,1,0,0,0
2026-06-21,Email,Desktop,3,1,1,1
2025-04-12,GOOGLE SEARCH,Mobile,7,1,0,0
2025-05-24,Google Shopping,Tablet,2,0,0,0
2025-04-22,Affiliate,Desktop,2,0,0,0
2025-09-12,Google Search,Desktop,7,0,0,0
2025-03-01,Affiliate,Mobile,0,0,0,0
2025-08-26,Google Shopping,Tablet,0,0,0,0
2026-02-19,Affiliate ,Desktop,2,0,0,0
2025-07-18,Meta Ads,Tablet,3,0,0,0
2025-08-02,Email,Tablet,1,0,0,0
2025-10-04,FB/IG Ads,Tablet,1,0,0,0
2025-04-23,Organic Search,Mobile,7,0,0,0
2025-07-06,Google Shopping,Desktop,3,0,0,0
2025-11-14,Email,Mobile,6,3,2,1
2025-03-08,Direct,Tablet,0,0,0,0
2025-09-21,Google Shopping,Mobile,4,0,0,0
2025-08-06,Organic Search,Mobile,4,0,0,0
2025-12-13,Affiliate,Desktop,2,0,0,0
2026-04-05,Google Search,Desktop,6,0,0,0
2025-08-05,organic search,Mobile,1,0,0,0
2025-01-28,Organic_Search,Mobile,3,0,0,0
2025-10-11,Google Search,Mobile,11,0,0,0
2025-04-29,Meta Ads,Desktop,2,0,0,0
2025-09-23,Direct,Tablet,0,0,0,0
2025-09-24,Organic Search,Mobile,9,0,0,0
2026-05-06,Email,Tablet,1,0,0,0
2025-08-20,Email Marketing,Mobile,8,1,0,0
2025-10-05,Affiliate ,Tablet,0,0,0,0
2026-02-18,Meta Ads,Tablet,1,0,0,0
2025-03-22,Email,Tablet,0,0,0,0
2026-05-02,Affiliate,Mobile,4,0,0,0
2025-06-14,Direct,Desktop,1,0,0,0
2025-03-09,GOOGLE SHOPPING,Mobile,5,1,0,0
2026-03-07,Email,Desktop,2,0,0,0
2025-04-30,Affiliate,Mobile,1,0,0,0
2025-11-25,google shopping,Mobile,11,0,0,0
2025-12-10,DIRECT,Desktop,3,1,1,1
2025-09-11,Direct,Tablet,0,0,0,0
2026-05-09,(direct),Tablet,1,0,0,0
2026-05-29,Google  Search,Desktop,5,0,0,0
2025-01-15,Organic_Search,Tablet,1,0,0,0
2025-05-22,google search,Mobile,12,1,0,0
2025-05-28,Email Marketing,Mobile,8,2,2,1
2025-05-06,Google Shopping,Desktop,3,0,0,0
2025-01-25,Organic Search,Mobile,6,0,0,0
2026-01-02,Affiliate ,Desktop,1,0,0,0
2025-08-22,Organic Search,Mobile,7,0,0,0
2025-01-25,google search,Tablet,0,0,0,0
2025-04-30,Google Shopping,Tablet,1,0,0,0
2026-02-22,Direct,Tablet,1,0,0,0
2025-08-30,affiliate,Tablet,1,0,0,0
2026-05-07,Email,Mobile,3,0,0,0
2025-05-08,Email Marketing,Tablet,1,0,0,0
2026-06-24,Google Search,Tablet,2,0,0,0
2025-10-18,Google Search,Mobile,3,0,0,0
2025-01-17,Email,Desktop,3,0,0,0
2025-04-05,affiliate,Desktop,1,0,0,0
2026-03-10,Google Search,Mobile,6,1,1,1
2025-12-23,Email,Desktop,4,2,0,0
2025-12-25,meta ads,Desktop,8,2,2,1
2025-04-26,Google  Search,Mobile,11,1,0,0
2025-01-17,Google Search,Tablet,0,0,0,0
2025-08-08,Affiliate,Desktop,0,0,0,0
2025-02-03,Direct,Tablet,0,0,0,0
2026-05-02,Affiliate,Tablet,0,0,0,0
2025-09-24,Organic Search,Tablet,1,0,0,0
2025-02-12,Google Shopping,Tablet,3,1,1,1
2025-09-09,Email,Desktop,3,0,0,0
2026-06-13,Email,Desktop,3,0,0,0
2026-05-17,Organic Search,Tablet,2,0,0,0
2026-05-26,Meta Ads,Tablet,3,0,0,0
2026-04-27,Google Shopping,Tablet,0,0,0,0
2025-01-19,Meta Ads,Desktop,4,0,0,0
2025-06-22,google shopping,Mobile,4,0,0,0
2026-05-31,Organic Search,Mobile,12,1,1,0
2026-02-28,Organic Search,Tablet,1,0,0,0
2026-03-06,Google Shopping,Mobile,3,0,0,0
2025-05-03,Organic Search,Tablet,0,0,0,0
2025-05-16,Email,Desktop,4,1,1,1
2025-07-01,AFFILIATE,Desktop,0,0,0,0
2026-05-22,organic search,Tablet,0,0,0,0
2025-06-02,Google Search,Tablet,2,0,0,0
2025-12-16,Direct,Desktop,3,1,1,0
2025-02-07,Affiliate,Mobile,3,0,0,0
2025-10-09,FB/IG Ads,Mobile,14,1,0,0
2026-01-17,meta ads,Mobile,14,1,1,1
2026-05-11,Affiliate,Tablet,1,0,0,0
2025-02-26,Affiliate,Tablet,0,0,0,0
2025-07-17,Affiliate,Tablet,1,0,0,0
2026-01-14,Google_Search,Mobile,4,0,0,0
2026-06-24,affiliate,Mobile,2,0,0,0
2025-08-01,Google_Search,Desktop,2,1,0,0
2025-11-23,Meta Ads,Mobile,17,1,1,0
2025-12-10,Google Search,Desktop,7,2,2,0
2026-01-18,Meta Ads,Mobile,13,2,0,0
2026-02-23,AFFILIATE,Mobile,2,0,0,0
2026-04-27,Affiliate,Mobile,4,0,0,0
2025-05-31,google search,Desktop,9,1,1,1
2026-04-06,Meta_Ads,Desktop,7,0,0,0
2025-03-10,Meta_Ads,Mobile,14,0,0,0
2026-06-11,Meta Ads,Desktop,14,1,0,0
2026-01-03,Affiliate,Tablet,0,0,0,0
2025-05-07,Affiliate,Tablet,0,0,0,0
2025-11-03,Meta Ads,Tablet,2,0,0,0
2026-05-13,DIRECT,Tablet,0,0,0,0
2026-04-21,Email,Desktop,4,1,0,0
2025-05-05,EMAIL,Desktop,2,0,0,0
2025-09-06,google shopping,Desktop,4,0,0,0
2025-11-01,Google_Search,Desktop,7,0,0,0
2026-03-24,Meta Ads,Tablet,2,0,0,0
2026-02-09,Google Search,Mobile,8,0,0,0
2025-09-13,Affiliate,Desktop,2,0,0,0
2025-10-22,meta ads,Tablet,0,0,0,0
2025-06-26,Direct,Tablet,0,0,0,0
2025-06-11,Affiliate,Tablet,1,0,0,0
2026-05-24,DIRECT,Mobile,1,0,0,0
2025-08-18,Direct,Mobile,4,1,1,1
2025-09-06,Meta Ads,Desktop,4,2,2,0
2025-07-27,Organic Search,Desktop,2,0,0,0
2025-11-28,Google Shopping,Desktop,5,0,0,0
2025-01-30,EMAIL,Tablet,0,0,0,0
2025-06-08,Meta Ads,Desktop,11,0,0,0
2026-01-07,Google Shopping,Tablet,0,0,0,0
2025-05-12,Google Search,Mobile,11,0,0,0
2025-07-20,Google Search,Desktop,8,0,0,0
2025-07-28,GOOGLE SHOPPING,Desktop,1,0,0,0
2025-11-07,Google Shopping,Desktop,4,0,0,0
2025-06-07,Google Shopping,Desktop,3,0,0,0
2025-10-25,Google Shopping,Tablet,2,0,0,0
2026-06-17,Google Search,Mobile,14,0,0,0
2025-09-19,Google_Shopping,Tablet,0,0,0,0
2025-09-09,Direct,Desktop,0,0,0,0
2025-07-02,Meta Ads,Tablet,1,0,0,0
2025-12-05,Google Search,Tablet,2,0,0,0
2025-07-12,Google Shopping,Tablet,1,0,0,0
2025-03-08,Affiliate,Mobile,0,0,0,0
2025-11-23,Email,Tablet,1,0,0,0
2025-06-08,Google Shopping,Desktop,3,0,0,0
2026-06-26,Meta_Ads,Mobile,28,1,1,1
2026-01-22,Google Shopping,Tablet,0,0,0,0
2025-10-29,Email Marketing,Tablet,0,0,0,0
2025-08-23,Email,Tablet,1,1,1,0
2026-01-25,Meta Ads,Desktop,7,1,0,0
2025-10-23,Google Shopping,Desktop,3,0,0,0
2025-07-18,google search,Mobile,10,1,0,0
2025-12-23,Google Search,Desktop,3,1,0,0
2026-01-03,Email,Mobile,1,0,0,0
2026-05-07,Google Shopping,Desktop,5,1,0,0
2025-08-12,Organic Search,Desktop,6,0,0,0
2025-01-10,Google Search,Tablet,2,0,0,0
2026-03-08,Email,Desktop,2,1,0,0
2025-10-25,Direct,Mobile,4,2,2,0
2025-04-17,Affiliate,Mobile,4,0,0,0
2026-01-24,Google Search,Desktop,0,0,0,0
2025-03-30,Facebook/Instagram Ads,Tablet,2,0,0,0
2026-04-01,Google Shopping,Tablet,2,0,0,0
2026-06-14,(direct),Mobile,3,0,0,0
2025-04-17,Meta Ads,Desktop,8,3,0,0
2026-01-16,Google Search,Mobile,4,1,1,0
2025-10-15,google shopping,Desktop,4,0,0,0
2025-06-22,Direct,Tablet,1,0,0,0
2025-08-19,Google Search,Desktop,3,0,0,0
2025-09-14,Google Shopping,Tablet,1,0,0,0
2025-05-12,Affiliate,Tablet,1,0,0,0
2025-11-11,Email Marketing,Mobile,3,0,0,0
2026-04-03,Direct,Tablet,0,0,0,0
2025-07-18,email,Desktop,2,1,0,0
2025-10-09,Google Search,Desktop,5,1,1,1
2025-05-12,email,Desktop,5,0,0,0
2025-09-02,Affiliate,Mobile,2,0,0,0
2026-06-09,(direct),Mobile,4,1,0,0
2025-10-03,Google Search,Desktop,6,0,0,0
2026-01-31,Email,Desktop,4,0,0,0
2026-05-07,Google Search,Mobile,12,0,0,0
2025-09-09,Meta Ads,Tablet,2,1,1,0
2025-09-18,Affiliate ,Mobile,2,0,0,0
2025-01-31,Meta Ads,Desktop,3,0,0,0
2026-06-30,Google Search,Mobile,16,1,0,0
2026-03-11,Meta Ads,Desktop,10,0,0,0
2026-01-01,Affiliate,Tablet,0,0,0,0
2026-02-28,Google Shopping,Mobile,9,0,0,0
2025-01-22,Affiliate,Desktop,2,0,0,0
2025-02-20,GOOGLE SEARCH,Desktop,6,1,0,0
2025-07-04,SEO,Desktop,6,0,0,0
2025-10-02,Email,Desktop,3,0,0,0
2025-05-01,direct,Desktop,2,1,1,1
2025-07-06,Google  Search,Mobile,13,0,0,0
2026-05-09,Google Search,Tablet,0,0,0,0
2026-04-05,Meta Ads,Desktop,9,1,0,0
2026-05-04,Affiliate,Desktop,1,0,0,0
2025-05-01,SEO,Desktop,6,1,1,1
2025-01-20,Meta Ads,Tablet,2,0,0,0
2025-08-03,Meta Ads,Mobile,5,0,0,0
2025-03-08,meta ads,Mobile,12,2,2,1
2025-06-12,Email,Desktop,3,0,0,0
2026-05-23,Google Search,Desktop,5,0,0,0
2025-06-07,Meta Ads,Desktop,4,0,0,0
2025-10-26,Meta Ads,Desktop,12,1,1,1
2026-05-01,Email,Mobile,14,1,0,0
2026-05-13,Google Search,Mobile,16,2,1,0
2026-03-06,Email,Mobile,6,0,0,0
2025-07-20,Direct,Mobile,1,0,0,0
2026-06-04,Google Search,Desktop,8,0,0,0
2025-03-03,Google Shopping,Desktop,1,0,0,0
2026-01-07,Google Shopping,Desktop,3,0,0,0
2025-12-18,Affiliate,Tablet,0,0,0,0
2026-04-27,Google Search,Desktop,3,1,0,0
2026-02-24,Organic Search,Mobile,7,0,0,0
2025-03-15,Email,Desktop,2,0,0,0
2025-09-13,Email,Desktop,3,1,1,1
2025-11-12,Organic Search,Desktop,5,0,0,0
2025-04-11,Organic_Search,Mobile,7,1,1,1
2025-05-02,Google Shopping,Desktop,3,0,0,0
2026-05-14,Google Shopping,Mobile,9,0,0,0
2026-05-16,Direct,Tablet,1,0,0,0
2025-05-01,Meta Ads,Tablet,1,0,0,0
2025-06-28,Email,Mobile,5,1,0,0
2025-09-10,Affiliate,Desktop,1,0,0,0
2026-02-24,GOOGLE SHOPPING,Tablet,1,0,0,0
2025-08-06,Organic Search,Desktop,2,0,0,0
2025-10-19,Google Search,Mobile,14,0,0,0
2026-05-26,Google Search,Mobile,6,1,1,1
2025-07-02,Direct,Tablet,0,0,0,0
2025-03-27,(direct),Tablet,0,0,0,0
2025-06-14,Direct,Mobile,2,0,0,0
2025-02-16,Affiliate,Tablet,2,0,0,0
2025-09-28,Meta Ads,Tablet,2,0,0,0
2026-05-25,Email,Tablet,2,0,0,0
2025-05-17,AFFILIATE,Tablet,1,0,0,0
2025-03-31,Google Search,Desktop,4,0,0,0
2025-05-30,Google_Search,Mobile,11,2,1,1
2026-05-22,Affiliate,Desktop,1,0,0,0
2025-02-26,EMAIL,Desktop,0,0,0,0
2025-11-25,Email Marketing,Tablet,0,0,0,0
2025-04-23,Google Search,Tablet,1,0,0,0
2026-05-07,affiliate,Tablet,1,0,0,0
2025-09-25,Direct,Tablet,1,0,0,0
2025-02-16,Google_Search,Desktop,4,0,0,0
2025-10-12,Google_Shopping,Mobile,6,0,0,0
2025-04-22,SEO,Tablet,1,0,0,0
2026-04-12,Direct,Desktop,1,0,0,0
2025-03-20,Google Search,Tablet,0,0,0,0
2025-09-12,email,Tablet,2,0,0,0
2025-03-20,DIRECT,Tablet,0,0,0,0
2025-10-16,DIRECT,Tablet,0,0,0,0
2025-01-09,Direct,Mobile,4,0,0,0
2025-07-24,Google_Shopping,Tablet,0,0,0,0
2025-08-21,Google Shopping,Desktop,2,1,0,0
2026-02-24,Meta Ads,Tablet,4,0,0,0
2025-06-25,Google Search,Tablet,0,0,0,0
2025-06-19,EMAIL,Mobile,4,0,0,0
2025-08-24,Google Search,Desktop,3,0,0,0
2025-01-08,organic search,Desktop,2,0,0,0
2026-05-01,Direct,Desktop,0,0,0,0
2026-03-15,Affiliate,Desktop,1,0,0,0
2025-03-28,Organic Search,Mobile,9,0,0,0
2025-02-14,Meta Ads,Tablet,2,0,0,0
2026-02-03,Email,Tablet,0,0,0,0
2025-01-06,Google Search,Tablet,1,0,0,0
2025-07-17,Affiliate,Mobile,2,0,0,0
2026-06-02,AFFILIATE,Desktop,2,1,0,0
2025-07-18,Affiliate,Desktop,1,0,0,0
2025-08-04,Organic Search,Desktop,6,2,2,1
2026-02-08,Google Shopping,Desktop,4,1,0,0
2025-02-06,Direct,Tablet,0,0,0,0
2026-05-08,Affiliate,Mobile,3,0,0,0
2025-08-17,Google Search,Desktop,4,0,0,0
2026-06-13,AFFILIATE,Mobile,2,0,0,0
2025-02-15,Affiliate,Tablet,1,0,0,0
2025-11-12,Google Shopping,Tablet,1,0,0,0
2025-07-19,Direct,Desktop,2,0,0,0
2026-05-18,Google Search,Mobile,16,1,0,0
2025-12-15,Organic Search,Tablet,1,0,0,0
2025-01-16,Affiliate,Tablet,1,0,0,0
2026-04-14,Google Search,Tablet,1,0,0,0
2025-09-17,EMAIL,Tablet,1,0,0,0
2025-03-13,Email,Tablet,0,0,0,0
2025-12-02,Direct,Mobile,1,1,1,0
2025-04-28,Email,Mobile,4,0,0,0
2026-02-02,Email,Mobile,2,0,0,0
2025-09-30,Direct,Mobile,3,1,0,0
2025-03-03,Affiliate,Desktop,1,1,0,0
2026-02-05,Direct,Desktop,1,0,0,0
2026-04-08,AFFILIATE,Desktop,1,0,0,0
2026-01-03,Google Search,Mobile,5,0,0,0
2025-06-07,Direct,Mobile,5,0,0,0
2025-11-19,Meta Ads,Mobile,17,2,0,0
2026-02-26,Affiliate ,Desktop,6,0,0,0
2026-06-01,Organic Search,Tablet,4,0,0,0
2025-06-11,Google Search,Desktop,5,1,0,0
2026-01-27,Organic Search,Desktop,4,0,0,0
2026-01-20,Google Search,Desktop,3,0,0,0
2026-01-08,Organic Search,Desktop,4,0,0,0
2025-01-12,Affiliate,Desktop,1,0,0,0
2026-01-14,Email Marketing,Tablet,0,0,0,0
2025-01-27,Email,Mobile,1,0,0,0
2025-02-17,Google Shopping,Mobile,2,0,0,0
2025-12-17,Google  Search,Tablet,3,0,0,0
2025-12-26,(direct),Desktop,0,0,0,0
2025-05-24,Affiliate,Desktop,2,0,0,0
2025-03-24,Direct,Tablet,0,0,0,0
2026-05-17,Direct,Desktop,5,1,1,1
2025-12-18,Affiliate,Mobile,2,0,0,0
2026-03-25,Email,Desktop,0,0,0,0
2025-02-06,Google Search,Tablet,0,0,0,0
2025-01-06,affiliate,Desktop,1,0,0,0
2025-09-16,Google Shopping,Mobile,6,2,1,1
2026-02-27,Meta_Ads,Tablet,4,0,0,0
2025-10-01,Affiliate,Tablet,0,0,0,0
2025-04-19,Email,Tablet,0,0,0,0
2025-09-21,(direct),Desktop,2,1,0,0
2025-07-28,Affiliate,Tablet,1,0,0,0
2025-11-13,Email,Tablet,1,0,0,0
2025-03-28,Organic_Search,Desktop,4,0,0,0
2025-05-24,SEO,Tablet,1,0,0,0
2025-02-06,meta ads,Desktop,4,0,0,0
2025-12-24,Affiliate,Tablet,0,0,0,0
2026-01-06,Google Shopping,Desktop,3,0,0,0
2025-09-04,Direct,,2,0,0,0
2026-01-03,Organic Search,Tablet,2,0,0,0
2025-11-08,AFFILIATE,Mobile,3,0,0,0
2026-06-03,Affiliate,Tablet,0,0,0,0
2025-12-23,Affiliate,Desktop,0,0,0,0
2025-02-23,Google  Search,Mobile,3,0,0,0
2025-02-01,DIRECT,Desktop,1,0,0,0
2025-06-07,Google Shopping,Mobile,4,0,0,0
2026-04-04,Affiliate ,Mobile,2,0,0,0
2025-11-24,Google Search,Mobile,23,1,1,1
2025-12-08,Direct,Mobile,7,2,1,0
2025-02-27,AFFILIATE,Desktop,0,0,0,0
2025-06-24,Affiliate,Mobile,3,1,1,1
2025-08-26,Email Marketing,Desktop,0,0,0,0
2025-05-27,Affiliate,Tablet,0,0,0,0
2026-01-24,Email,Tablet,1,0,0,0
2026-04-24,Direct,Mobile,4,0,0,0
2025-04-30,Google Shopping,Desktop,2,0,0,0
2025-01-09,Meta Ads,Tablet,1,0,0,0
2026-06-06,Organic Search,Mobile,11,1,0,0
2025-06-26,Direct,Desktop,1,0,0,0
2025-10-30,Direct,Tablet,0,0,0,0
2025-03-03,Organic Search,Tablet,1,1,1,0
2025-12-11,Organic Search,Tablet,0,0,0,0
2025-06-27,Organic Search,Mobile,9,1,1,1
2026-01-31,Meta Ads,Desktop,4,0,0,0
2025-09-26,Meta_Ads,Desktop,9,0,0,0
2025-12-26,Direct,Mobile,2,0,0,0
2025-12-23,direct,Desktop,5,0,0,0
2025-04-17,Email,Mobile,8,1,0,0
2025-01-20,Affiliate,Tablet,0,0,0,0
2026-04-16,Facebook/Instagram Ads,Tablet,3,0,0,0
2025-01-01,organic search,Tablet,0,0,0,0
2025-04-26,Direct,Mobile,2,0,0,0
2025-06-11,Google Search,Tablet,0,0,0,0
2026-02-25,Email,Desktop,2,0,0,0
2026-03-09,meta ads,Tablet,2,0,0,0
2026-06-01,Direct,Mobile,4,0,0,0
2026-01-23,organic search,Desktop,0,0,0,0
2026-04-01,Organic Search,Mobile,6,0,0,0
2025-09-07,Google Shopping,Mobile,10,1,0,0
2025-09-15,Affiliate,Tablet,0,0,0,0
2025-12-22,Organic Search,Mobile,15,1,1,1
2026-05-10,Google Search,Tablet,0,0,0,0
2026-04-29,Affiliate,Tablet,0,0,0,0
2025-12-24,Direct,Desktop,2,1,1,1
2026-04-29,Affiliate,Mobile,5,0,0,0
2025-06-20,Direct,Mobile,6,1,0,0
2025-02-17,GOOGLE SHOPPING,Desktop,7,0,0,0
2026-03-14,GOOGLE SEARCH,Mobile,8,1,1,1
2025-11-05,Organic Search,Tablet,0,0,0,0
2026-06-23,Google Search,Tablet,0,0,0,0
2026-06-28,Affiliate,Tablet,1,0,0,0
2025-04-18,Email,Desktop,2,0,0,0
2026-03-02,Google Shopping,Mobile,7,1,1,0
2026-01-03,google shopping,Desktop,3,0,0,0
2025-04-08,Email,Desktop,2,0,0,0
2025-03-25,Google Search,Mobile,7,2,2,0
2025-03-25,Google Shopping,Mobile,4,0,0,0
2026-04-03,affiliate,Tablet,0,0,0,0
2025-08-13,google shopping,Tablet,0,0,0,0
2025-09-11,affiliate,Desktop,1,0,0,0
2026-06-26,Direct,Tablet,0,0,0,0
2025-04-07,Meta Ads,Tablet,1,0,0,0
2025-11-09,affiliate,Desktop,1,0,0,0
2025-12-29,Google Shopping,Desktop,3,0,0,0
2025-01-24,direct,Mobile,1,0,0,0
2025-10-10,Meta_Ads,Tablet,0,0,0,0
2025-05-19,Affiliate,Desktop,2,1,0,0
2025-04-19,direct,Desktop,2,0,0,0
2025-01-29,Email,Tablet,0,0,0,0
2025-04-22,google shopping,Tablet,0,0,0,0
2026-02-19,Meta Ads,Mobile,13,2,0,0
2025-10-24,Meta Ads,Mobile,16,1,0,0
2025-08-01,Meta Ads,Mobile,6,0,0,0
2025-05-09,Email,Tablet,1,0,0,0
2025-04-01,Meta Ads,Mobile,10,0,0,0
2025-03-01,FB/IG Ads,Tablet,0,0,0,0
2025-05-03,Google_Search,Desktop,4,1,1,0
2026-01-04,Email,Mobile,1,0,0,0
2025-12-30,Google Search,Mobile,2,1,1,1
2026-06-21,Meta Ads,Desktop,15,1,0,0
2026-02-01,Affiliate,Desktop,3,0,0,0
2025-09-21,Organic Search,Tablet,1,0,0,0
2025-07-16,email,Desktop,3,0,0,0
2026-06-06,Google Search,Mobile,15,0,0,0
2025-06-01,direct,,2,0,0,0
2025-12-09,Affiliate ,Tablet,0,0,0,0
2025-08-06,Direct,Mobile,1,0,0,0
2025-07-29,Email,Mobile,1,0,0,0
2025-12-29,Organic Search,Mobile,3,0,0,0
2025-02-17,Affiliate,Mobile,3,0,0,0
2026-03-01,Google_Search,Desktop,5,0,0,0
2026-03-16,Email,Desktop,3,0,0,0
2025-06-30,SEO,Tablet,0,0,0,0
2025-10-18,Direct,Tablet,0,0,0,0
2026-05-18,Google Search,Desktop,7,0,0,0
2025-08-05,google search,Mobile,6,1,1,0
2026-06-01,Facebook/Instagram Ads,Tablet,1,0,0,0
2025-09-19,AFFILIATE,Tablet,0,0,0,0
2025-04-04,Google_Shopping,Tablet,1,0,0,0
2025-06-04,Organic Search,Mobile,7,0,0,0
2026-03-02,Direct,Mobile,2,1,1,1
2025-01-01,Google Search,Desktop,5,0,0,0
2025-07-24,Direct,Desktop,3,0,0,0
2025-07-14,Email,Mobile,0,0,0,0
2025-06-07,Google  Search,Desktop,2,1,1,0
2025-09-03,Email,Mobile,2,0,0,0
2026-06-19,Meta Ads,Tablet,2,0,0,0
2025-01-24,Google Shopping,Mobile,3,0,0,0
2025-03-15,Direct,Mobile,7,0,0,0
2025-05-06,Organic Search,Tablet,4,1,0,0
2025-07-01,meta ads,Mobile,16,1,1,1
2026-05-13,Organic Search,Desktop,5,1,1,1
2025-04-18,AFFILIATE,Desktop,0,0,0,0
2025-04-24,Google Search,Desktop,6,0,0,0
2025-05-06,Google Shopping,Mobile,9,2,1,0
2025-02-09,Meta Ads,Desktop,7,0,0,0
2025-05-27,Meta Ads,Mobile,19,2,2,0
2026-05-17,Meta Ads,Desktop,13,0,0,0
2026-05-10,Meta Ads,Desktop,9,1,1,0
2025-07-08,Direct,Desktop,1,0,0,0
2026-06-06,Organic Search,Tablet,1,0,0,0
2025-05-20,Meta_Ads,Desktop,7,0,0,0
2025-12-12,Organic Search,Tablet,0,0,0,0
2025-11-30,Direct,Mobile,9,1,1,1
2026-06-24,email,Desktop,1,1,0,0
2026-04-02,SEO,Desktop,4,0,0,0
2025-10-31,AFFILIATE,Mobile,0,0,0,0
2025-12-26,Meta Ads,Desktop,2,0,0,0
2025-03-24,email,Mobile,7,0,0,0
2025-04-28,Email,Tablet,4,1,1,0
2025-01-22,DIRECT,Tablet,0,0,0,0
2025-07-07,organic search,Mobile,10,3,1,0
2026-03-18,Google Search,Desktop,5,0,0,0
2025-06-30,Organic Search,Desktop,5,0,0,0
2026-04-10,Google Search,Tablet,3,2,2,1
2025-12-25,Meta Ads,Tablet,1,0,0,0
2026-01-10,Google_Shopping,Tablet,1,0,0,0
2025-01-29,meta ads,Desktop,0,0,0,0
2025-05-07,organic search,Mobile,6,1,1,1
2026-05-14,Email,Tablet,1,0,0,0
2025-05-16,Direct,Mobile,3,0,0,0
2026-03-05,organic search,Mobile,6,1,1,1
2026-03-27,meta ads,Desktop,7,0,0,0
2025-08-18,Organic Search,Tablet,0,0,0,0
2025-09-30,Direct,Tablet,1,0,0,0
2026-05-10,Meta Ads,Tablet,3,0,0,0
2026-02-20,Direct,Tablet,0,0,0,0
2026-04-09,Direct,Desktop,3,0,0,0
2025-01-26,Direct,Desktop,1,0,0,0
2025-03-20,Email,Tablet,0,0,0,0
2025-08-06,Facebook/Instagram Ads,Tablet,1,0,0,0
2025-02-18,Affiliate,Tablet,1,0,0,0
2025-12-19,Google Search,Desktop,6,0,0,0
2025-11-02,Organic Search,Desktop,6,0,0,0
2025-11-29,Email,Tablet,3,0,0,0
2025-07-22,Affiliate,Tablet,0,0,0,0
2025-03-25,Meta Ads,Mobile,14,1,0,0
2026-03-19,Meta Ads,Desktop,9,0,0,0
2025-09-10,Organic Search,Mobile,4,0,0,0
2025-11-19,affiliate,Tablet,0,0,0,0
2026-04-28,Google Search,Desktop,3,0,0,0
2025-02-20,meta ads,Desktop,6,1,1,1
2025-07-01,Email,Mobile,1,1,1,0
2026-05-22,Meta Ads,Mobile,15,2,0,0
2026-02-08,Google Search,Desktop,5,0,0,0
2026-03-24,Direct,Tablet,0,0,0,0
2026-01-24,Organic Search,Tablet,1,0,0,0
2026-06-30,Google Search,Tablet,1,0,0,0
2025-08-21,organic search,Mobile,11,1,1,1
2025-05-10,Google Shopping,Desktop,8,1,1,1
2025-01-07,Meta Ads,Mobile,9,0,0,0
2026-05-01,Google Search,Mobile,14,0,0,0
2025-11-17,GOOGLE SEARCH,Mobile,12,2,2,1
2026-02-02,Direct,Desktop,1,0,0,0
2026-02-18,Google Shopping,Desktop,4,0,0,0
2026-02-19,Affiliate ,Mobile,2,0,0,0
2025-07-12,Affiliate,Mobile,1,0,0,0
2025-04-12,DIRECT,Desktop,1,0,0,0
2025-09-13,Google Search,Tablet,0,0,0,0
2026-02-28,Organic Search,Mobile,13,0,0,0
2025-10-18,Google Shopping,Mobile,4,0,0,0
2026-01-09,Meta Ads,Desktop,4,0,0,0
2025-12-27,Affiliate,Mobile,1,0,0,0
2026-02-21,Meta Ads,Mobile,11,0,0,0
2025-11-07,Google Search,Desktop,11,2,1,1
2025-05-24,Meta_Ads,Mobile,12,1,1,0
2026-03-22,meta ads,Tablet,3,0,0,0
2026-02-02,Google Search,Tablet,1,1,1,1
2026-03-27,Google Shopping,Mobile,6,0,0,0
2025-05-20,Google Shopping,Mobile,2,0,0,0
2025-12-30,Email,Tablet,0,0,0,0
2025-10-03,Meta Ads,Desktop,16,3,1,1
2025-09-10,Google_Search,Tablet,0,0,0,0
2025-06-30,email,Desktop,3,0,0,0
2025-01-15,Google Search,Tablet,0,0,0,0
2026-01-17,SEO,Mobile,5,0,0,0
2025-08-31,Organic Search,Tablet,1,0,0,0
2025-09-14,FB/IG Ads,Mobile,15,1,1,1
2025-10-09,Direct,Mobile,3,0,0,0
2026-06-25,affiliate,Mobile,3,0,0,0
2025-01-05,Affiliate,Desktop,0,0,0,0
2025-05-20,Google  Search,Desktop,6,0,0,0
2026-05-29,Meta Ads,Tablet,2,0,0,0
2025-04-15,Email,Mobile,6,2,2,1
2026-03-31,email,Tablet,0,0,0,0
2025-03-31,AFFILIATE,Tablet,0,0,0,0
2026-01-14,Google Shopping,Desktop,0,0,0,0
2026-05-20,Email Marketing,Desktop,0,0,0,0
2025-10-30,Google Shopping,Desktop,3,0,0,0
2025-08-01,Email,Tablet,3,0,0,0
2026-03-13,Google Shopping,Mobile,5,1,0,0
2025-05-03,Google Search,Tablet,1,0,0,0
2025-09-17,Organic Search,Mobile,6,1,0,0
2025-03-06,Organic Search,Tablet,0,0,0,0
2025-11-11,Google Shopping,Tablet,1,0,0,0
2025-07-25,Google Search,Desktop,2,0,0,0
2025-01-17,GOOGLE SHOPPING,Mobile,9,1,0,0
2025-01-24,Email,Desktop,2,1,1,1
2025-09-29,Email,Desktop,2,1,0,0
2025-08-28,Email,Desktop,1,0,0,0
2025-02-27,Google Search,Tablet,2,1,1,0
2026-01-27,Meta Ads,Desktop,3,0,0,0
2026-06-12,Google_Shopping,Mobile,5,1,0,0
2026-06-14,Affiliate,Desktop,1,0,0,0
2025-09-10,Email Marketing,Tablet,1,0,0,0
2025-03-30,google search,Tablet,0,0,0,0
2025-06-07,Email,Tablet,2,1,1,1
2026-01-05,Email,Tablet,0,0,0,0
2026-06-13,Google Shopping,Desktop,2,0,0,0
2025-02-25,Email,Desktop,1,0,0,0
2026-06-08,Meta Ads,Tablet,0,0,0,0
2026-05-07,Email,Tablet,0,0,0,0
2025-01-30,Direct,Mobile,2,0,0,0
2025-04-28,Organic Search,Mobile,3,0,0,0
2025-09-03,Direct,Mobile,2,1,0,0
2025-01-06,Google Shopping,Tablet,0,0,0,0
2025-06-30,(direct),Desktop,2,0,0,0
2026-02-13,google search,Tablet,2,1,0,0
2025-09-01,Meta Ads,Desktop,7,0,0,0
2025-08-09,Google  Search,Desktop,1,0,0,0
2025-01-21,Organic Search,Tablet,0,0,0,0
2026-04-29,Email,Mobile,7,1,1,0
2025-03-28,Meta Ads,Mobile,8,0,0,0
2026-03-06,Direct,Mobile,5,2,1,0
2025-02-03,Google Shopping,Tablet,0,0,0,0
2025-07-30,Affiliate,Mobile,1,0,0,0
2025-03-09,Direct,Mobile,3,0,0,0
2025-11-28,Google Shopping,Tablet,2,1,1,0
2026-04-22,Google Search,Desktop,6,0,0,0
2025-08-15,Affiliate,Desktop,1,0,0,0
2026-04-08,Affiliate,Tablet,1,1,1,1
2025-07-05,AFFILIATE,Mobile,3,0,0,0
2025-02-24,Direct,Tablet,0,0,0,0
2025-10-05,Email Marketing,Tablet,1,0,0,0
2025-02-17,Google Search,Desktop,5,0,0,0
2025-07-13,Google Search,Desktop,8,0,0,0
2025-01-14,Google Search,Tablet,1,0,0,0
2025-02-27,Direct,Mobile,2,0,0,0
2026-06-21,Meta Ads,Mobile,19,2,2,0
2025-11-01,Meta Ads,Tablet,3,0,0,0
2025-01-21,Google Search,Tablet,0,0,0,0
2025-02-05,Google Search,Desktop,2,0,0,0
2025-03-13,Affiliate,Desktop,1,0,0,0
2025-04-04,Meta Ads,Desktop,4,0,0,0
2025-08-29,Direct,Desktop,3,0,0,0
2025-05-28,Direct,Mobile,3,0,0,0
2025-09-14,Google Search,Desktop,5,1,1,0
2026-03-09,Google Search,Desktop,1,0,0,0
2025-03-06,Affiliate,Mobile,3,0,0,0
2025-07-04,Google Search,Tablet,0,0,0,0
2025-02-03,Email,Desktop,5,0,0,0
2025-08-18,Organic_Search,Mobile,7,1,1,0
2026-03-21,Meta Ads,Mobile,16,1,0,0
2025-06-11,Affiliate,Desktop,3,0,0,0
2025-08-02,Organic Search,Desktop,8,0,0,0
2025-03-03,Google Search,Desktop,10,0,0,0
2025-06-21,Meta Ads,Desktop,9,0,0,0
2025-05-15,Google Search,Desktop,8,1,0,0
2026-03-19,Organic Search,Desktop,11,1,0,0
2026-05-11,Organic Search,Tablet,1,0,0,0
2025-07-22,Google Shopping,Mobile,8,0,0,0
2026-01-24,Meta Ads,Tablet,2,1,0,0
2026-04-08,Google Shopping,Tablet,1,0,0,0
2025-04-27,Email,Desktop,3,0,0,0
2025-08-09,Meta Ads,Desktop,11,0,0,0
2025-12-13,Meta Ads,Tablet,3,0,0,0
2025-07-11,Google Shopping,Mobile,3,0,0,0
2025-07-19,AFFILIATE,Mobile,1,0,0,0
2025-04-13,Direct,Desktop,2,0,0,0
2026-03-20,AFFILIATE,Mobile,3,1,1,0
2025-09-10,email,Mobile,4,0,0,0
2025-04-18,Google Search,Mobile,8,1,1,0
2025-12-08,Affiliate,Desktop,2,0,0,0
2025-07-20,Affiliate,Desktop,0,0,0,0
2026-03-29,Affiliate,Tablet,0,0,0,0
2025-12-06,email,Tablet,2,0,0,0
2025-08-19,Direct,Mobile,3,0,0,0
2025-08-08,Affiliate,Mobile,5,0,0,0
2026-03-14,Email,Tablet,1,0,0,0
2025-03-29,(direct),Tablet,0,0,0,0
2025-12-07,google shopping,Desktop,5,0,0,0
2025-08-07,Organic Search,Desktop,3,0,0,0
2025-02-23,Google Shopping,Tablet,3,0,0,0
2025-04-09,Google Shopping,Mobile,4,0,0,0
2025-09-02,Google Shopping,Mobile,6,0,0,0
2025-12-14,Direct,Mobile,6,1,1,1
2025-10-19,Email,Tablet,1,1,0,0
2025-07-21,Meta Ads,Mobile,9,0,0,0
2026-06-04,Affiliate,Tablet,0,0,0,0
2026-05-15,Google Shopping,Mobile,6,1,0,0
2026-05-04,Google Shopping,Desktop,8,1,0,0
2025-01-13,Direct,Desktop,2,0,0,0
2025-04-16,Affiliate,Mobile,1,0,0,0
2025-06-19,GOOGLE SEARCH,Mobile,6,0,0,0
2026-04-06,Email,Desktop,0,0,0,0
2026-01-02,Direct,Tablet,1,1,0,0
2026-02-28,affiliate,Mobile,4,0,0,0
2026-02-07,Direct,Desktop,1,0,0,0
2025-11-06,Affiliate,Mobile,2,0,0,0
2025-07-18,Google Shopping,Mobile,5,0,0,0
2025-11-03,Google Shopping,Mobile,8,0,0,0
2026-04-16,Affiliate,Mobile,1,0,0,0
2025-07-28,Google Shopping,Mobile,3,0,0,0
2025-03-05,Direct,Tablet,0,0,0,0
2025-07-07,Affiliate,Mobile,2,0,0,0
2025-02-05,Email,Tablet,0,0,0,0
2025-10-15,Organic Search,Tablet,0,0,0,0
2026-01-03,Organic Search,Mobile,6,1,0,0
2025-05-27,Google Shopping,Desktop,6,0,0,0
2025-05-16,Email,Mobile,4,1,1,0
2025-12-07,FB/IG Ads,Mobile,15,1,0,0
2025-07-08,Google Shopping,Tablet,0,0,0,0
2025-01-18,Email,Tablet,0,0,0,0
2026-04-12,Email,Mobile,7,2,0,0
2025-11-06,Google Search,Tablet,0,0,0,0
2025-11-20,Meta Ads,Tablet,1,0,0,0
2026-04-03,SEO,Mobile,9,1,0,0
2026-03-19,Google Shopping,Desktop,4,0,0,0
2026-03-10,Direct,Mobile,4,0,0,0
2025-12-04,Email,Desktop,4,0,0,0
2025-04-24,Direct,Desktop,2,0,0,0
2025-04-21,Affiliate,Mobile,6,0,0,0
2025-06-08,Affiliate,Tablet,0,0,0,0
2026-05-16,Meta_Ads,Tablet,2,1,1,1
2025-07-05,Organic Search,Tablet,0,0,0,0
2025-12-18,EMAIL,Desktop,2,0,0,0
2025-03-10,affiliate,Desktop,2,0,0,0
2026-04-19,Organic_Search,Desktop,1,1,1,1
2025-08-11,EMAIL,Mobile,2,0,0,0
2025-04-11,Google Search,Mobile,5,1,0,0
2025-11-22,Meta Ads,Tablet,4,0,0,0
2026-04-26,Organic Search,Desktop,6,0,0,0
2025-10-27,Affiliate,Tablet,1,0,0,0
2025-09-04,google search,Mobile,13,0,0,0
2026-05-13,Google Shopping,Desktop,6,0,0,0
2025-12-14,Organic Search,Mobile,17,0,0,0
2025-01-12,Organic Search,Tablet,0,0,0,0
2025-11-06,EMAIL,Mobile,0,0,0,0
2026-01-31,Direct,Mobile,1,0,0,0
2025-06-17,Google  Search,Mobile,1,0,0,0
2026-05-21,Organic Search,Mobile,7,1,1,1
2025-11-17,GOOGLE SHOPPING,Desktop,1,0,0,0
2025-01-23,Affiliate,Desktop,2,0,0,0
2025-09-17,Google_Search,Tablet,0,0,0,0
2025-02-28,Meta Ads,Tablet,1,0,0,0
2025-04-15,GOOGLE SEARCH,Tablet,0,0,0,0
2025-02-10,Meta Ads,Desktop,6,0,0,0
2026-04-04,Direct,Desktop,2,0,0,0
2026-04-27,google search,Tablet,0,0,0,0
2025-12-12,Email,Desktop,4,0,0,0
2025-09-07,Affiliate,Mobile,3,1,0,0
2025-09-30,Email,Mobile,5,0,0,0
2025-06-23,Email,Tablet,0,0,0,0
2026-05-14,Affiliate,Tablet,1,0,0,0
2025-12-29,Meta Ads,Mobile,6,1,1,1
2025-03-24,Google Search,Mobile,5,0,0,0
2026-03-25,Direct,Tablet,0,0,0,0
2026-01-01,Direct,Mobile,2,1,1,1
2026-06-16,DIRECT,Tablet,0,0,0,0
2025-12-22,Meta Ads,Tablet,5,0,0,0
2025-12-26,AFFILIATE,Tablet,0,0,0,0
2026-02-27,Google Search,Tablet,3,0,0,0
2025-12-21,Meta Ads,Tablet,3,0,0,0
2026-05-12,Meta Ads,Tablet,0,0,0,0
2026-06-09,Organic Search,Mobile,3,1,0,0
2025-05-21,(direct),Mobile,6,2,1,1
2026-01-19,Google Shopping,Desktop,1,0,0,0
2025-06-16,Facebook/Instagram Ads,Desktop,9,1,1,0
2025-12-05,Direct,Tablet,0,0,0,0
2025-01-29,Google Shopping,Mobile,5,0,0,0
2025-09-10,Organic Search,Tablet,1,0,0,0
2025-08-24,GOOGLE SHOPPING,Tablet,3,0,0,0
2025-08-11,Meta Ads,Desktop,3,0,0,0
2026-05-07,DIRECT,Desktop,1,0,0,0
2026-05-17,Email,Mobile,7,1,1,0
2026-02-05,Affiliate ,Mobile,1,1,1,1
2025-02-03,Google Search,Tablet,0,0,0,0
2025-11-25,Organic Search,Desktop,12,1,1,0
2025-05-18,Google Search,Tablet,0,0,0,0
2025-05-09,Google Shopping,Desktop,4,1,1,1
2025-10-15,Google Shopping,Mobile,8,0,0,0
2025-09-07,Affiliate ,Tablet,0,0,0,0
2025-01-04,Affiliate,Mobile,2,0,0,0
2025-07-14,GOOGLE SEARCH,Mobile,8,2,1,1
2025-06-10,Direct,Mobile,6,0,0,0
2025-07-29,Organic Search,Tablet,0,0,0,0
2026-04-09,Email,Tablet,1,0,0,0
2026-05-15,google shopping,Desktop,7,1,1,1
2025-09-03,email,Tablet,0,0,0,0
2025-07-16,Google Shopping,Tablet,0,0,0,0
2025-12-24,Google Search,Desktop,10,1,1,0
2025-01-07,Google Search,Mobile,9,0,0,0
2026-02-25,Google_Shopping,Desktop,1,0,0,0
2025-09-05,organic search,Mobile,3,0,0,0
2025-05-28,Google Search,Mobile,13,2,2,1
2026-03-16,Organic Search,Mobile,5,0,0,0
2025-06-26,Google_Shopping,Desktop,2,0,0,0
2026-06-23,Organic Search,Tablet,0,0,0,0
2025-10-27,Facebook/Instagram Ads,Tablet,5,0,0,0
2025-01-08,google shopping,Desktop,3,1,0,0
2026-03-23,Google Search,Tablet,0,0,0,0
2025-11-16,Direct,Tablet,0,0,0,0
2025-05-21,Affiliate ,Tablet,1,0,0,0
2025-09-27,Direct,Tablet,1,0,0,0
2026-05-08,Google Shopping,Desktop,3,0,0,0
2025-04-10,Email,Mobile,3,0,0,0
2025-10-03,Affiliate ,Tablet,0,0,0,0
2025-12-26,Google Search,Mobile,6,1,0,0
2025-09-23,Meta Ads,Desktop,9,1,1,1
2025-01-07,Organic Search,Desktop,2,0,0,0
2025-12-04,Email,Mobile,8,1,0,0
2025-12-28,Organic Search,Tablet,0,0,0,0
2025-02-25,Organic Search,Desktop,3,0,0,0
2025-05-16,affiliate,Tablet,1,0,0,0
2025-04-06,Meta Ads,Desktop,6,0,0,0
2026-04-21,Google Shopping,Tablet,3,0,0,0
2026-06-29,Direct,Desktop,2,0,0,0
2025-11-07,FB/IG Ads,Tablet,1,0,0,0
2026-05-23,Email,Tablet,0,0,0,0
2026-01-10,Meta Ads,Mobile,8,1,1,1
2025-04-11,Google_Shopping,Mobile,2,0,0,0
2025-11-13,Affiliate,Tablet,1,0,0,0
2025-10-07,Direct,Desktop,3,0,0,0
2026-02-11,Affiliate,Mobile,2,0,0,0
2025-02-21,Google Search,Desktop,1,1,0,0
2026-01-31,Google Search,Desktop,3,0,0,0
2026-01-29,email,Tablet,1,0,0,0
2026-06-12,Affiliate,Mobile,1,0,0,0
2026-02-20,GOOGLE SEARCH,Desktop,8,0,0,0
2025-09-27,Email,Desktop,3,0,0,0
2026-03-31,Google  Search,Desktop,6,1,1,0
2025-10-05,SEO,Desktop,4,2,2,1
2026-03-02,google search,Tablet,0,0,0,0
2025-03-24,Affiliate,Mobile,1,0,0,0
2026-06-25,Google Shopping,Desktop,5,1,0,0
2025-06-20,email,Tablet,0,0,0,0
2026-01-25,Organic Search,Desktop,3,0,0,0
2025-08-25,Organic Search,Mobile,5,0,0,0
2026-01-28,Meta Ads,Tablet,1,0,0,0
2026-03-09,google shopping,Desktop,2,0,0,0
2025-03-10,Email,Tablet,3,1,1,1
2025-03-07,(direct),Desktop,3,0,0,0
2025-03-08,Affiliate,Desktop,1,0,0,0
2026-03-23,Organic Search,Mobile,9,0,0,0
2026-01-06,FB/IG Ads,Mobile,10,1,1,1
2026-04-22,Direct,Mobile,1,0,0,0
2025-03-03,Direct,Desktop,1,0,0,0
2025-02-16,Meta Ads,Mobile,6,0,0,0
2025-05-05,Email,Tablet,0,0,0,0
2025-01-21,Affiliate ,Tablet,0,0,0,0
2025-03-27,SEO,Tablet,1,1,1,0
2025-09-09,organic search,Tablet,0,0,0,0
2025-09-03,Affiliate,Tablet,0,0,0,0
2025-05-23,Affiliate,Tablet,1,0,0,0
2025-11-01,affiliate,Mobile,0,0,0,0
2025-06-08,Email,Mobile,4,0,0,0
2025-11-10,Meta Ads,Tablet,3,1,0,0
2025-07-04,google shopping,Desktop,5,1,1,1
2025-10-08,Direct,Mobile,4,0,0,0
2026-03-27,AFFILIATE,Tablet,0,0,0,0
2025-01-11,Affiliate,Desktop,1,0,0,0
2025-10-14,Direct,Tablet,0,0,0,0
2026-01-06,Meta Ads,Tablet,0,0,0,0
2025-01-30,Facebook/Instagram Ads,Tablet,0,0,0,0
2025-04-19,DIRECT,Mobile,1,0,0,0
2026-05-19,Email,Desktop,3,0,0,0
2025-04-16,direct,Mobile,4,1,0,0
2026-01-09,organic search,Mobile,3,0,0,0
2026-02-11,GOOGLE SHOPPING,Mobile,10,0,0,0
2026-05-19,Affiliate,Mobile,3,0,0,0
2025-06-05,Direct,Mobile,2,1,1,0
2025-05-29,Direct,Tablet,1,0,0,0
2025-06-25,Google Shopping,Desktop,2,0,0,0
2026-04-03,Email,Desktop,2,2,2,2
2026-01-24,Organic Search,Mobile,5,0,0,0
2025-12-13,Meta Ads,Desktop,10,0,0,0
2025-07-02,Google Shopping,Mobile,5,1,1,0
2025-08-05,Google_Shopping,Mobile,5,0,0,0
2026-04-20,Organic Search,Tablet,1,0,0,0
2025-05-24,email,Tablet,1,1,0,0
2025-09-24,Google Shopping,Mobile,3,0,0,0
2026-05-14,Google Search,Mobile,9,0,0,0
2025-03-12,Google Search,Tablet,1,0,0,0
2026-06-12,Affiliate,Tablet,0,0,0,0
2025-06-26,Email,Desktop,4,0,0,0
2025-04-28,Meta Ads,Tablet,0,0,0,0
2026-05-11,GOOGLE SHOPPING,Tablet,0,0,0,0
2025-06-18,Facebook/Instagram Ads,Tablet,2,0,0,0
2025-05-13,direct,Mobile,3,1,0,0
2025-11-23,Google Shopping,Tablet,1,0,0,0
2025-11-16,Google_Search,Mobile,12,2,1,0
2025-03-18,Email,Mobile,3,1,1,1
2025-01-18,Google Shopping,Mobile,5,0,0,0
2025-04-08,Organic_Search,Tablet,1,0,0,0
2025-05-15,Google Shopping,Desktop,3,1,1,1
2025-04-03,google shopping,Mobile,7,2,2,1
2026-06-23,Google Search,Mobile,11,1,0,0
2025-08-22,affiliate,Desktop,1,0,0,0
2026-05-27,organic search,Mobile,9,0,0,0
2026-04-18,Affiliate,Tablet,0,0,0,0
2026-04-03,Google Search,Tablet,0,0,0,0
2025-02-25,Direct,Tablet,0,0,0,0
2026-02-06,Email,Mobile,8,1,1,1
2026-01-27,GOOGLE SHOPPING,Mobile,3,0,0,0
2025-08-30,Meta Ads,Desktop,6,0,0,0
2026-03-16,Google Shopping,Desktop,2,0,0,0
2025-02-09,Google_Shopping,Tablet,1,1,0,0
2025-10-25,Email,Desktop,1,1,1,0
2025-09-03,Google  Search,Desktop,4,0,0,0
2026-03-17,Organic Search,Tablet,0,0,0,0
2025-08-20,Direct,Mobile,7,1,1,1
2026-06-06,Affiliate,Mobile,1,0,0,0
2025-12-19,Google Shopping,Tablet,3,0,0,0
2025-08-01,Meta Ads,Desktop,5,2,2,2
2026-05-20,Email,Mobile,4,1,1,1
2025-06-21,Affiliate,Desktop,1,0,0,0
2025-02-10,affiliate,Tablet,0,0,0,0
2026-02-25,Google Shopping,Tablet,0,0,0,0
2026-03-08,Google Shopping,Desktop,6,0,0,0
2025-03-30,Direct,Mobile,0,0,0,0
2025-12-15,Organic Search,Mobile,11,1,0,0
2025-07-02,Google Shopping,Tablet,0,0,0,0
2026-01-29,Google Shopping,Mobile,6,1,1,1
2025-08-04,(direct),Mobile,2,0,0,0
2025-09-08,Google Search,Desktop,10,1,1,1
2026-01-05,Facebook/Instagram Ads,Mobile,9,0,0,0
2025-06-19,Google Shopping,Desktop,4,1,1,1
2025-05-19,Affiliate,Mobile,4,1,1,1
2025-11-30,Meta Ads,Tablet,2,0,0,0
2026-04-26,GOOGLE SHOPPING,Mobile,5,1,1,1
2025-05-07,Google Search,Mobile,9,0,0,0
2026-01-06,affiliate,Tablet,1,0,0,0
2025-05-23,direct,Mobile,3,1,1,1
2025-08-05,Email,Mobile,2,0,0,0
2025-05-17,Organic Search,Mobile,8,1,1,0
2026-03-05,Affiliate,Tablet,0,0,0,0
2025-03-27,Google Shopping,Mobile,4,1,0,0
2025-11-21,Google Shopping,Mobile,8,2,0,0
2025-10-09,Affiliate,Desktop,1,0,0,0
2025-10-26,Organic Search,Tablet,0,0,0,0
2026-02-22,Affiliate,Desktop,3,0,0,0
2025-03-23,Google Search,Mobile,4,0,0,0
2026-02-13,Google Shopping,Desktop,5,0,0,0
2025-11-15,Direct,Tablet,0,0,0,0
2026-03-08,Direct,Mobile,7,0,0,0
2025-12-27,Google Shopping,Mobile,3,0,0,0
2025-07-03,direct,Mobile,2,0,0,0
2025-06-02,Google Shopping,Mobile,11,1,1,1
2026-05-25,Affiliate ,Tablet,0,0,0,0
2026-03-03,Direct,Desktop,0,0,0,0
2025-08-22,Google Shopping,Tablet,2,0,0,0
2025-03-25,Google Shopping,Tablet,2,0,0,0
2025-09-05,SEO,Tablet,0,0,0,0
2025-01-30,Google Search,Desktop,3,0,0,0
2025-10-19,Email,Desktop,3,0,0,0
2025-07-13,Email,Tablet,0,0,0,0
2025-01-21,Direct,Mobile,0,0,0,0
2026-01-26,Google Search,Desktop,2,0,0,0
2025-08-09,Facebook/Instagram Ads,Mobile,12,1,0,0
2025-01-31,Email,Tablet,1,0,0,0
2025-12-11,Google Search,Desktop,9,0,0,0
2026-04-17,Organic Search,Tablet,2,0,0,0
2026-05-01,Direct,Tablet,1,0,0,0
2025-12-23,Meta Ads,Mobile,27,2,0,0
2025-01-13,Google Shopping,Tablet,1,0,0,0
2025-11-26,EMAIL,Tablet,1,1,1,1
2025-08-13,Affiliate ,Desktop,0,0,0,0
2025-11-15,Email,Desktop,2,0,0,0
2025-05-02,Email,Tablet,2,0,0,0
2026-01-25,Google Shopping,Tablet,1,1,1,0
2026-02-20,Google Shopping,Tablet,0,0,0,0
2025-04-04,Google Shopping,Mobile,5,1,1,0
2026-06-17,Email,Tablet,0,0,0,0
2025-05-18,Meta Ads,Mobile,11,0,0,0
2025-10-12,Email,Mobile,3,0,0,0
2026-05-04,Affiliate,Mobile,2,0,0,0
2025-10-21,Organic Search,Tablet,0,0,0,0
2026-01-24,Google_Shopping,Mobile,5,1,0,0
2025-06-28,Google Shopping,Desktop,1,0,0,0
2026-02-07,Google Search,Desktop,5,0,0,0
2025-01-28,email,Desktop,1,0,0,0
2026-02-11,Email,Tablet,0,0,0,0
2025-12-10,Google Search,Tablet,1,0,0,0
2025-07-31,Google Search,Desktop,4,0,0,0
2026-05-14,Organic Search,Mobile,8,1,1,0
2026-02-18,Organic Search,Desktop,4,0,0,0
2026-06-01,Email,Mobile,7,3,3,1
2025-12-15,Email,Tablet,1,1,1,0
2025-04-12,organic search,Mobile,4,1,1,0
2026-04-04,Google Shopping,Tablet,0,0,0,0
2026-02-17,Affiliate,Desktop,0,0,0,0
2026-05-14,Organic Search,Desktop,4,0,0,0
2025-11-15,Meta Ads,Desktop,7,0,0,0
2025-09-02,Organic Search,Desktop,7,0,0,0
2026-04-26,Email,Mobile,2,0,0,0
2026-01-24,Affiliate,Mobile,1,0,0,0
2025-01-24,Direct,Tablet,0,0,0,0
2025-06-22,Organic Search,Tablet,0,0,0,0
2025-12-13,Direct,Tablet,1,0,0,0
2026-05-30,FB/IG Ads,Tablet,4,0,0,0
2025-02-04,Meta Ads,Mobile,11,0,0,0
2025-02-21,Google Search,Tablet,1,0,0,0
2025-05-11,DIRECT,Mobile,3,1,0,0
2025-02-01,Affiliate,Mobile,4,1,1,1
2025-08-03,Google Search,Mobile,11,1,1,0
2025-07-28,Direct,Mobile,4,0,0,0
2026-04-12,Google Search,Tablet,1,1,0,0
2025-11-04,Google Shopping,Tablet,0,0,0,0
2025-09-27,Google Search,Tablet,1,1,0,0
2025-10-24,Email,Desktop,3,0,0,0
2026-02-19,Direct,Tablet,1,0,0,0
2025-02-26,Organic Search,Desktop,3,1,0,0
2025-10-21,email,Tablet,0,0,0,0
2025-10-22,Google Shopping,Tablet,0,0,0,0
2026-06-03,Google Shopping,Desktop,6,0,0,0
2025-03-22,organic search,Mobile,3,0,0,0
2025-07-31,organic search,Tablet,0,0,0,0
2025-06-18,FB/IG Ads,Desktop,7,0,0,0
2025-06-07,Direct,Tablet,0,0,0,0
2026-02-23,Organic Search,Desktop,2,0,0,0
2025-02-19,Organic Search,Tablet,1,0,0,0
2026-04-13,Email,Desktop,5,0,0,0
2025-07-24,Google Shopping,Desktop,2,0,0,0
2025-04-06,Affiliate,Desktop,0,0,0,0
2025-11-24,GOOGLE SHOPPING,Mobile,10,2,1,0
2025-08-23,email,Mobile,8,2,2,2
2026-01-27,Google Shopping,Tablet,2,1,0,0
2026-04-29,Affiliate,Desktop,1,0,0,0
2025-05-19,Google Shopping,Mobile,6,1,0,0
2025-03-14,Google Search,Mobile,10,1,1,0
2026-03-27,Affiliate,Mobile,2,0,0,0
2025-12-05,Organic Search,Desktop,5,0,0,0
2026-01-09,Direct,Mobile,3,1,0,0
2025-10-29,Google Search,Mobile,13,1,1,1
2025-05-23,Google Shopping,Mobile,6,0,0,0
2025-01-19,Google Shopping,Tablet,0,0,0,0
2026-06-02,Email,Mobile,2,0,0,0
2026-06-11,Meta Ads,Mobile,16,1,1,0
2026-02-04,AFFILIATE,Desktop,4,0,0,0
2026-01-22,(direct),Tablet,0,0,0,0
2025-02-18,(direct),Tablet,0,0,0,0
2025-10-14,Google Shopping,Mobile,5,0,0,0
2026-02-07,Organic Search,Desktop,2,0,0,0
2026-03-12,Email,Desktop,4,1,0,0
2025-11-25,Google Search,Mobile,14,1,0,0
2026-06-05,Google Shopping,Desktop,4,0,0,0
2025-08-13,email,Mobile,2,0,0,0
2025-06-05,Affiliate,Mobile,2,0,0,0
2026-01-03,Google Shopping,Mobile,4,1,0,0
2026-04-06,Organic Search,Desktop,4,0,0,0
2025-06-30,Email Marketing,Tablet,1,1,0,0
2026-01-27,google search,Mobile,7,1,1,0
2025-04-04,Google Shopping,Desktop,3,0,0,0
2025-05-08,Organic Search,Desktop,6,2,0,0
2025-08-13,Affiliate,Tablet,0,0,0,0
2025-02-08,affiliate,Tablet,0,0,0,0
2025-08-13,Direct,Mobile,2,0,0,0
2025-06-09,Google Shopping,Mobile,7,0,0,0
2025-06-02,Direct,Desktop,1,0,0,0
2025-11-27,Email,Tablet,1,0,0,0
2025-02-22,Direct,Mobile,1,0,0,0
2025-09-18,Google_Shopping,Mobile,5,0,0,0
2025-08-17,Google Shopping,Tablet,1,0,0,0
2025-07-27,Direct,Mobile,3,0,0,0
2026-04-29,Organic_Search,Tablet,1,0,0,0
2026-06-19,Google Shopping,Mobile,5,1,0,0
2026-03-10,Google Shopping,Mobile,4,0,0,0
2026-04-30,Meta Ads,Mobile,17,0,0,0
2025-08-03,Direct,Tablet,0,0,0,0
2025-04-01,Google Search,Tablet,1,0,0,0
2025-12-20,Google Shopping,Mobile,6,0,0,0
2025-10-06,Organic Search,Desktop,7,0,0,0
2025-01-23,GOOGLE SHOPPING,Mobile,7,1,0,0
2025-06-05,Google Shopping,Mobile,2,0,0,0
2025-06-13,Organic Search,Mobile,5,0,0,0
2025-05-04,Meta Ads,Desktop,6,0,0,0
2026-06-15,Organic Search,Mobile,9,1,0,0
2025-12-08,google search,Tablet,1,0,0,0
2026-05-28,meta ads,Tablet,1,0,0,0
2025-03-08,FB/IG Ads,Desktop,9,1,1,1
2025-06-16,Google Shopping,Desktop,4,0,0,0
2026-03-01,Email,Tablet,3,1,0,0
2026-06-04,Organic_Search,Desktop,3,2,0,0
2025-07-03,SEO,Desktop,3,0,0,0
2026-01-31,Email,Tablet,0,0,0,0
2026-03-03,Google Search,Mobile,4,2,1,0
2025-08-19,Direct,Tablet,0,0,0,0
2025-04-16,google shopping,Mobile,3,0,0,0
2026-04-29,Organic Search,Desktop,4,0,0,0
2025-08-21,Email Marketing,Tablet,0,0,0,0
2025-01-09,Organic Search,Mobile,5,0,0,0
2025-09-28,Google Shopping,Mobile,1,0,0,0
2026-05-06,GOOGLE SHOPPING,Tablet,1,0,0,0
2025-01-10,Meta Ads,Desktop,4,0,0,0
2025-12-14,Direct,Desktop,1,0,0,0
2025-10-27,Affiliate,Desktop,2,1,0,0
2025-06-08,Google  Search,Mobile,9,0,0,0
2025-03-17,Meta Ads,Tablet,0,0,0,0
2026-03-31,Organic Search,Tablet,1,0,0,0
2026-03-23,Direct,Tablet,1,0,0,0
2025-04-14,Organic Search,Desktop,10,0,0,0
2025-07-28,Google_Search,Tablet,0,0,0,0
2026-05-08,Direct,Mobile,6,0,0,0
2025-09-17,DIRECT,Desktop,1,0,0,0
2025-11-13,Email Marketing,Desktop,3,2,1,0
2025-01-17,Meta Ads,Mobile,8,1,0,0
2025-09-27,(direct),Desktop,1,0,0,0
2026-06-11,Google Shopping,Mobile,7,0,0,0
2025-05-20,Google Search,Mobile,7,0,0,0
2026-04-04,Affiliate,Tablet,0,0,0,0
2026-05-17,Google Search,Tablet,2,1,1,1
2025-01-01,Meta Ads,Desktop,3,0,0,0
2026-02-14,Google Shopping,Mobile,5,0,0,0
2025-11-11,Google Search,Desktop,2,0,0,0
2026-05-20,Organic Search,Mobile,8,0,0,0
2025-11-20,Organic Search,Desktop,5,2,1,1
2026-01-08,Google Search,Desktop,3,0,0,0
2026-02-21,Google  Search,Mobile,6,0,0,0
2025-12-19,Direct,Tablet,0,0,0,0
2026-01-24,Affiliate,Desktop,1,0,0,0
2025-06-16,Google Search,Mobile,10,0,0,0
2025-08-16,Affiliate,Mobile,1,0,0,0
2025-11-06,Email,Tablet,0,0,0,0
2026-05-19,SEO,Mobile,9,2,1,0
2025-05-09,Google Search,Desktop,5,0,0,0
2025-09-01,Google Shopping,Mobile,4,0,0,0
2026-06-18,meta ads,Desktop,9,0,0,0
2025-07-07,FB/IG Ads,Tablet,3,0,0,0
2025-10-18,Organic Search,Tablet,0,0,0,0
2026-06-03,Organic Search,Tablet,0,0,0,0
2026-02-14,Affiliate,Tablet,0,0,0,0
2025-08-11,Affiliate,Tablet,0,0,0,0
2025-03-19,Google Shopping,Desktop,3,0,0,0
2025-07-20,Google Shopping,Mobile,0,0,0,0
2025-12-07,Google Search,Mobile,12,1,1,0
2025-10-26,google search,Mobile,13,0,0,0
2026-05-26,Email,Desktop,5,1,1,1
2025-03-29,Meta Ads,Tablet,2,1,1,0
2025-06-18,Affiliate,Mobile,5,0,0,0
2026-05-31,Google Shopping,Mobile,4,0,0,0
2026-01-09,Google Shopping,Mobile,4,0,0,0
2025-03-22,Meta Ads,Tablet,1,0,0,0
2025-03-26,Affiliate,Desktop,0,0,0,0
2025-01-30,Email,Desktop,2,0,0,0
2025-08-19,Meta Ads,Tablet,3,0,0,0
2026-05-16,EMAIL,Desktop,5,0,0,0
2025-03-13,organic search,Desktop,6,0,0,0
2026-03-31,Affiliate,Desktop,0,0,0,0
2025-11-15,Meta Ads,Mobile,16,0,0,0
2025-08-17,(direct),Desktop,5,0,0,0
2025-11-28,Email,Desktop,7,1,1,1
2025-01-09,Organic Search,Tablet,0,0,0,0
2025-06-17,Affiliate ,Desktop,5,0,0,0
2025-03-16,Google Shopping,Tablet,1,0,0,0
2026-06-10,EMAIL,Mobile,5,0,0,0
2025-03-12,FB/IG Ads,Desktop,5,0,0,0
2026-03-11,Direct,Mobile,2,0,0,0
2026-06-16,Affiliate,Mobile,1,1,0,0
2026-01-26,Google Shopping,Mobile,1,0,0,0
2025-01-14,Meta Ads,Mobile,7,0,0,0
2026-06-18,Direct,Mobile,8,0,0,0
2026-01-12,SEO,Mobile,6,0,0,0
2026-05-27,Email,Desktop,4,1,1,0
2025-09-26,Affiliate,Mobile,2,1,0,0
2025-02-02,Affiliate ,Desktop,3,0,0,0
2025-06-13,Meta Ads,Mobile,7,1,0,0
2025-07-27,GOOGLE SEARCH,Tablet,1,0,0,0
2025-09-14,SEO,Mobile,7,0,0,0
2025-08-03,Google Shopping,Tablet,1,0,0,0
2026-03-21,Google Shopping,Mobile,3,0,0,0
2025-08-15,direct,Mobile,2,0,0,0
2025-05-06,Google Shopping,Tablet,0,0,0,0
2026-01-13,Google Search,Mobile,7,0,0,0
2026-05-24,Direct,Tablet,0,0,0,0
2025-01-01,DIRECT,Tablet,0,0,0,0
2026-03-23,Google Search,Desktop,5,0,0,0
2025-08-19,Email,Desktop,3,0,0,0
2025-04-26,Organic Search,Desktop,6,1,0,0
2025-01-05,Direct,Desktop,3,0,0,0
2025-07-31,Google Shopping,Tablet,0,0,0,0
2025-08-06,GOOGLE SHOPPING,Desktop,3,2,2,1
2026-06-04,Facebook/Instagram Ads,Tablet,3,1,1,0
2025-09-06,Google  Search,Tablet,1,0,0,0
2025-02-27,Email,Mobile,7,1,1,1
2025-05-11,FB/IG Ads,Mobile,15,0,0,0
2025-06-15,Email,Mobile,3,0,0,0
2026-02-18,Email,Tablet,0,0,0,0
2025-08-04,Email,Mobile,2,1,1,0
2025-01-03,Direct,Mobile,1,0,0,0
2025-12-18,Organic_Search,Tablet,3,0,0,0
2025-08-25,Organic Search,Tablet,1,0,0,0
2025-03-21,AFFILIATE,Desktop,2,0,0,0
2025-07-25,Email,Mobile,1,0,0,0
2025-05-21,Organic Search,Tablet,0,0,0,0
2026-03-07,Organic Search,Desktop,1,0,0,0
2025-10-07,Direct,Mobile,6,1,0,0
2025-09-28,Meta Ads,Desktop,9,0,0,0
2025-11-27,Google Shopping,Tablet,1,0,0,0
2026-02-05,Organic Search,Desktop,6,1,1,1
2025-04-03,Organic Search,Tablet,1,0,0,0
2025-02-02,(direct),Tablet,1,0,0,0
2025-08-06,Meta Ads,Mobile,15,0,0,0
2025-10-01,organic search,Mobile,14,0,0,0
2025-11-21,google shopping,Tablet,1,1,0,0
2026-02-27,Google Shopping,Desktop,5,0,0,0
2025-07-14,Meta Ads,Tablet,0,0,0,0
2025-09-14,Affiliate,Tablet,0,0,0,0
2026-02-21,Google Search,Desktop,1,0,0,0
2025-11-11,Google Search,Mobile,12,1,1,0
2025-01-03,Meta Ads,Desktop,1,0,0,0
2025-10-09,Google Shopping,Mobile,3,0,0,0
2026-03-06,(direct),Desktop,2,0,0,0
2025-08-18,Google Shopping,Mobile,6,0,0,0
2025-07-28,Google_Shopping,Tablet,1,1,1,1
2025-09-01,FB/IG Ads,Mobile,18,2,2,1
2025-11-14,Organic Search,Mobile,11,1,1,0
2025-01-16,FB/IG Ads,Tablet,0,0,0,0
2025-06-18,Direct,Tablet,1,1,1,1
2025-05-10,Affiliate,Tablet,1,1,0,0
2025-11-01,GOOGLE SHOPPING,Tablet,1,0,0,0
2025-09-20,Affiliate,Tablet,0,0,0,0
2026-04-11,Direct,Tablet,1,0,0,0
2026-05-03,Email,Tablet,0,0,0,0
2026-01-01,Meta Ads,Mobile,10,0,0,0
2025-10-13,SEO,Mobile,4,0,0,0
2026-04-15,Meta Ads,Desktop,10,0,0,0
2025-09-26,Google Search,Mobile,10,0,0,0
2025-12-20,Organic_Search,Tablet,1,0,0,0
2025-11-12,affiliate,Tablet,0,0,0,0
2026-05-18,AFFILIATE,Mobile,1,0,0,0
2025-07-20,Facebook/Instagram Ads,Tablet,3,0,0,0
2025-06-27,Email,Mobile,5,3,2,0
2025-04-12,Google Search,Tablet,1,0,0,0
2025-05-15,Meta Ads,Desktop,14,2,1,1
2025-01-08,GOOGLE SHOPPING,Tablet,3,0,0,0
2025-06-02,Organic Search,Desktop,3,0,0,0
2026-06-12,Google Shopping,Tablet,0,0,0,0
2025-03-11,Google Search,Mobile,7,3,1,1
2025-04-10,Google  Search,Mobile,8,1,1,0
2025-06-21,Affiliate,Mobile,3,0,0,0
2026-02-02,Direct,Tablet,0,0,0,0
2026-02-19,Google Shopping,Tablet,0,0,0,0
2025-02-05,Direct,Mobile,3,0,0,0
2025-08-15,Google  Search,Desktop,9,3,2,2
2026-04-28,Direct,Tablet,0,0,0,0
2026-02-19,Google Shopping,Mobile,7,0,0,0
2026-02-17,Email,Tablet,0,0,0,0
2025-11-16,Google Search,Desktop,6,0,0,0
2026-02-26,Affiliate,Tablet,0,0,0,0
2025-01-21,Email,Tablet,1,0,0,0
2026-06-09,direct,Tablet,1,0,0,0
2025-02-01,Google Search,Mobile,12,1,1,1
2025-08-29,Meta Ads,Tablet,1,1,0,0
2025-01-28,Google Search,Tablet,2,0,0,0
2026-02-05,Meta Ads,Mobile,20,1,1,0
2025-10-16,Google Shopping,Mobile,11,0,0,0
2026-06-20,Google Shopping,Desktop,3,0,0,0
2025-05-07,Organic Search,Tablet,1,0,0,0
2025-01-31,Google_Shopping,Tablet,1,0,0,0
2026-04-02,Meta Ads,Desktop,7,0,0,0
2025-10-02,Google Shopping,Tablet,0,0,0,0
2026-05-26,Google Search,Desktop,6,0,0,0
2026-05-20,Organic Search,Desktop,3,0,0,0
2025-11-08,Google Search,Tablet,0,0,0,0
2026-06-28,Direct,Tablet,2,0,0,0
2026-01-15,DIRECT,Tablet,0,0,0,0
2025-06-17,Google Shopping,Tablet,1,0,0,0
2025-08-27,affiliate,Tablet,0,0,0,0
2026-02-11,organic search,Tablet,4,1,1,1
2026-06-29,Email,Desktop,6,3,2,1
2026-05-08,Organic Search,Tablet,1,0,0,0
2026-02-17,Google Shopping,Mobile,6,0,0,0
2025-11-26,Affiliate,Mobile,7,2,0,0
2025-11-12,Direct,Desktop,0,0,0,0
2026-04-01,Google Search,Desktop,5,0,0,0
2025-01-04,GOOGLE SEARCH,Tablet,0,0,0,0
2025-05-20,GOOGLE SHOPPING,Desktop,2,0,0,0
2026-03-16,Meta Ads,Mobile,21,1,1,1
2026-03-18,Organic Search,Tablet,0,0,0,0
2026-02-11,affiliate,Tablet,1,0,0,0
2026-06-19,Meta Ads,Desktop,11,1,1,1
2025-04-07,Affiliate,Mobile,0,0,0,0
2026-02-26,Meta Ads,Desktop,7,1,0,0
2025-12-05,Direct,Desktop,2,0,0,0
2025-07-21,Google Shopping,Desktop,1,0,0,0
2025-06-07,Email Marketing,Mobile,7,0,0,0
2026-05-29,Organic Search,Desktop,8,0,0,0
2026-01-26,Affiliate,Mobile,2,0,0,0
2025-01-17,Affiliate,Mobile,2,0,0,0
2025-05-27,Direct,Desktop,3,0,0,0
2026-02-19,Direct,Mobile,2,0,0,0
2025-05-18,Google Shopping,Tablet,1,0,0,0
2025-10-05,Meta Ads,Mobile,14,0,0,0
2026-03-28,organic search,Tablet,0,0,0,0
2026-05-13,Meta Ads,Mobile,14,1,0,0
2026-05-15,Email,Mobile,7,0,0,0
2026-04-28,Organic Search,Tablet,3,0,0,0
2025-10-05,Google Shopping,Tablet,0,0,0,0
2026-05-08,affiliate,Desktop,2,0,0,0
2025-05-03,Organic Search,Desktop,2,1,1,1
2025-01-11,Affiliate,Mobile,1,0,0,0
2025-06-06,Google Shopping,Tablet,1,0,0,0
2025-10-08,Google Shopping,Tablet,2,0,0,0
2025-10-05,Direct,Tablet,0,0,0,0
2025-09-26,email,Tablet,0,0,0,0
2026-04-10,Organic Search,Mobile,7,0,0,0
2026-06-12,Google Search,Tablet,1,0,0,0
2025-07-07,Email,Tablet,0,0,0,0
2025-04-13,Organic Search,Tablet,2,0,0,0
2025-11-09,Direct,Mobile,9,0,0,0
2026-01-21,Google Search,Tablet,1,0,0,0
2025-11-10,AFFILIATE,Desktop,3,0,0,0
2026-02-09,Affiliate,Desktop,2,0,0,0
2025-02-23,Organic Search,Desktop,3,1,1,0
2025-02-13,Affiliate ,Tablet,0,0,0,0
2026-02-04,Google  Search,Tablet,2,0,0,0
2026-05-08,google search,Tablet,3,0,0,0
2026-03-12,Direct,Tablet,1,0,0,0
2025-01-20,Direct,Desktop,0,0,0,0
2026-02-01,Google Shopping,Mobile,11,1,0,0
2025-06-11,Direct,Tablet,0,0,0,0
2025-06-22,FB/IG Ads,Mobile,11,1,1,1
2026-02-25,Google Search,Mobile,5,0,0,0
2025-09-13,Google Shopping,Mobile,4,0,0,0
2025-04-20,Direct,Desktop,3,0,0,0
2026-06-10,Organic Search,,3,0,0,0
2026-06-05,Organic Search,Tablet,1,1,1,0
2025-10-18,Meta Ads,Desktop,9,0,0,0
2026-06-12,Meta_Ads,Mobile,23,2,2,0
2025-05-12,Direct,Tablet,1,1,1,1
2026-06-18,Organic Search,Mobile,7,1,1,0
2026-05-18,Affiliate,Tablet,1,0,0,0
2025-05-13,Affiliate,Desktop,1,0,0,0
2025-01-09,Google Shopping,Tablet,1,0,0,0
2025-11-22,Email,Mobile,1,0,0,0
2025-12-01,Google Shopping,,8,2,1,1
2026-02-12,organic search,Mobile,9,0,0,0
2026-02-23,Email,Mobile,2,0,0,0
2025-02-05,Organic Search,Tablet,1,0,0,0
2025-08-06,Email,Mobile,6,2,2,0
2025-05-14,GOOGLE SHOPPING,Tablet,1,0,0,0
2026-01-13,Organic Search,Tablet,0,0,0,0
2026-06-07,Organic Search,Mobile,9,1,0,0
2025-08-03,Organic Search,Mobile,12,4,3,3
2025-11-11,Meta Ads,Mobile,23,0,0,0
2025-10-19,direct,Desktop,3,0,0,0
2026-06-08,Google Search,Mobile,5,0,0,0
2025-03-21,Affiliate ,Tablet,1,0,0,0
2026-01-18,google search,Tablet,2,0,0,0
2026-06-23,Email,Mobile,4,1,1,0
2025-10-16,DIRECT,Mobile,3,0,0,0
2025-04-25,Meta Ads,Tablet,1,0,0,0
2025-04-23,meta ads,Tablet,3,1,1,0
2025-09-17,Affiliate,Desktop,1,0,0,0
2025-01-24,Meta_Ads,Mobile,7,0,0,0
2026-04-29,Direct,Tablet,0,0,0,0
2025-02-01,Meta Ads,Mobile,8,0,0,0
2026-03-20,Google Shopping,Desktop,3,0,0,0
2026-02-21,Meta Ads,Tablet,1,0,0,0
2025-10-31,Meta Ads,Mobile,11,0,0,0
2025-10-05,Email,Desktop,0,0,0,0
2026-03-28,Google Shopping,Mobile,2,0,0,0
2025-10-30,Organic Search,Mobile,10,1,0,0
2025-01-17,Organic Search,Tablet,0,0,0,0
2025-05-26,Google_Shopping,Tablet,2,0,0,0
2025-02-12,Organic Search,Tablet,0,0,0,0
2025-03-17,Direct,Mobile,1,0,0,0
2026-02-26,direct,Tablet,1,0,0,0
2026-03-09,Organic Search,Desktop,4,0,0,0
2025-10-11,Organic_Search,Tablet,2,0,0,0
2025-09-30,organic search,Mobile,5,0,0,0
2025-12-31,Google Search,Mobile,5,1,1,0
2025-10-13,Google_Shopping,Desktop,3,0,0,0
2025-04-01,EMAIL,Tablet,0,0,0,0
2025-03-20,Organic Search,Mobile,5,1,0,0
2025-03-22,direct,Mobile,5,0,0,0
2026-06-17,Google Shopping,Tablet,0,0,0,0
2025-03-26,Affiliate,Mobile,2,0,0,0
2025-03-11,EMAIL,Mobile,5,0,0,0
2025-09-12,Google Shopping,Tablet,2,0,0,0
2026-01-17,Direct,Desktop,1,0,0,0
2025-12-18,Google Shopping,Desktop,9,2,1,0
2025-04-12,Email,Tablet,1,0,0,0
2025-03-18,Meta Ads,Desktop,3,2,1,1
2026-03-11,Direct,Desktop,1,0,0,0
2026-06-19,Affiliate,Desktop,1,0,0,0
2025-10-06,Google Search,Desktop,6,1,0,0
2026-05-16,AFFILIATE,Tablet,0,0,0,0
2026-03-13,Google Shopping,Tablet,0,0,0,0
2025-01-28,Google_Search,Desktop,3,1,0,0
2026-05-05,Meta Ads,Desktop,9,0,0,0
2025-01-09,Email,Mobile,3,1,0,0
2025-09-12,Meta Ads,Desktop,12,1,1,0
2025-09-13,Meta Ads,Tablet,2,1,0,0
2025-04-26,Organic Search,Tablet,4,0,0,0
2026-05-16,Direct,Mobile,3,0,0,0
2025-06-18,Organic Search,Tablet,0,0,0,0
2025-09-25,Meta_Ads,Mobile,16,0,0,0
2025-12-15,Email,Desktop,4,1,0,0
2025-11-22,Google Shopping,Desktop,6,0,0,0
2025-09-11,Meta Ads,Desktop,13,0,0,0
2025-05-06,Facebook/Instagram Ads,Tablet,2,0,0,0
2025-05-10,Direct,Tablet,1,0,0,0
2025-11-18,Direct,Mobile,5,1,0,0
2025-12-15,Direct,Tablet,0,0,0,0
2026-06-15,Google Search,Tablet,0,0,0,0
2025-05-21,EMAIL,Tablet,0,0,0,0
2026-03-02,email,Mobile,7,1,1,1
2025-07-12,Meta Ads,Desktop,3,0,0,0
2025-03-12,Google Search,Mobile,9,1,1,1
2025-03-04,direct,Tablet,0,0,0,0
2025-12-24,Google Shopping,Tablet,0,0,0,0
2025-03-15,direct,Tablet,0,0,0,0
2025-01-09,Email,Tablet,0,0,0,0
2025-08-20,GOOGLE SHOPPING,Desktop,4,0,0,0
2026-01-27,Organic Search,Mobile,1,0,0,0
2025-07-10,Affiliate ,Desktop,3,0,0,0
2025-07-25,Google  Search,Mobile,6,0,0,0
2026-01-28,Meta Ads,Desktop,5,0,0,0
2025-03-24,google shopping,Mobile,2,0,0,0
2025-02-22,Direct,Tablet,0,0,0,0
2026-03-16,Direct,Desktop,3,1,1,1
2026-05-08,GOOGLE SHOPPING,Tablet,3,2,2,1
2026-05-28,direct,Tablet,0,0,0,0
2026-01-13,organic search,Desktop,5,0,0,0
2026-01-03,google search,Tablet,0,0,0,0
2025-11-28,Organic Search,Mobile,14,0,0,0
2025-07-04,Affiliate,Desktop,0,0,0,0
2025-12-06,Google Shopping,Tablet,1,0,0,0
2025-03-15,Organic Search,Tablet,1,0,0,0
2025-01-20,Google Search,Desktop,4,0,0,0
2026-03-06,Email,Tablet,0,0,0,0
2025-02-26,Affiliate ,Mobile,3,0,0,0
2025-12-27,Google Shopping,Tablet,0,0,0,0
2026-03-09,SEO,Mobile,7,0,0,0
2025-07-10,affiliate,Mobile,2,1,0,0
2025-09-02,Meta_Ads,Desktop,8,0,0,0
2025-02-12,Google Search,Mobile,7,0,0,0
2025-04-02,Google Shopping,Desktop,2,0,0,0
2025-03-01,Google Search,Tablet,2,0,0,0
2026-06-30,Organic Search,Mobile,9,2,0,0
2025-02-07,Facebook/Instagram Ads,Mobile,10,1,1,1
2025-06-17,Affiliate,Mobile,1,0,0,0
2025-09-16,Affiliate,Desktop,1,0,0,0
2025-01-30,Meta Ads,Desktop,2,0,0,0
2026-06-15,Google Shopping,Desktop,6,0,0,0
2026-03-13,Google Search,Tablet,0,0,0,0
2025-09-05,Meta Ads,Mobile,13,0,0,0
2026-05-24,organic search,Tablet,1,0,0,0
2025-06-05,Organic Search,Tablet,2,0,0,0
2025-05-06,Google Search,Desktop,11,0,0,0
2025-03-05,Affiliate,Tablet,0,0,0,0
2025-05-06,Organic Search,Desktop,9,0,0,0
2026-01-05,(direct),Tablet,1,0,0,0
2025-09-27,Facebook/Instagram Ads,Tablet,3,0,0,0
2025-12-22,direct,Tablet,0,0,0,0
2025-09-20,Organic Search,Mobile,6,2,1,1
2026-06-15,Affiliate ,Tablet,0,0,0,0
2025-01-24,Organic Search,Tablet,0,0,0,0
2025-08-06,Email,Tablet,1,0,0,0
2026-06-23,Direct,Tablet,0,0,0,0
2025-10-07,AFFILIATE,Tablet,0,0,0,0
2025-04-24,FB/IG Ads,Mobile,11,0,0,0
2025-12-04,DIRECT,Tablet,1,1,1,0
2026-04-23,Email,Mobile,2,0,0,0
2025-08-03,Affiliate,Desktop,3,0,0,0
2025-03-02,Google Search,Mobile,5,0,0,0
2026-03-19,Affiliate,Tablet,1,0,0,0
2025-06-28,Email,Tablet,3,0,0,0
2025-07-21,Affiliate,Tablet,0,0,0,0
2025-05-28,direct,Tablet,0,0,0,0
2025-05-04,Direct,Desktop,2,0,0,0
2025-06-13,(direct),Tablet,0,0,0,0
2025-06-14,Affiliate,Tablet,1,1,0,0
2025-08-25,Direct,Desktop,1,0,0,0
2025-07-24,Direct,Tablet,0,0,0,0
2025-10-18,Meta Ads,Mobile,16,1,1,0
2026-06-15,(direct),Tablet,0,0,0,0
2025-08-17,Organic Search,Mobile,3,0,0,0
2025-09-03,Organic Search,Tablet,1,0,0,0
2025-01-28,Google Shopping,Desktop,2,0,0,0
2025-03-05,Google Shopping,Desktop,3,0,0,0
2025-04-05,Affiliate ,Mobile,4,0,0,0
2026-02-08,Email,Tablet,1,0,0,0
2025-09-18,Direct,Mobile,3,1,0,0
2025-12-15,Affiliate,Tablet,0,0,0,0
2025-09-28,Affiliate,Mobile,1,0,0,0
2025-04-01,email,Mobile,6,0,0,0
2025-11-30,Google Search,Tablet,2,0,0,0
2025-10-07,Direct,Tablet,0,0,0,0
2025-11-29,Google Search,Tablet,3,1,0,0
2025-09-02,Meta Ads,Tablet,5,0,0,0
2026-03-10,Google Search,Tablet,0,0,0,0
2025-02-21,Direct,Tablet,0,0,0,0
2025-09-11,Google Shopping,Tablet,3,0,0,0
2026-06-25,Google Search,Desktop,7,1,1,1
2025-09-21,Google Search,Mobile,10,1,0,0
2026-04-30,AFFILIATE,Desktop,1,0,0,0
2025-01-21,Email,Desktop,1,0,0,0
2025-03-04,Google Search,Mobile,3,0,0,0
2026-01-14,Meta Ads,Desktop,6,0,0,0
2026-02-09,Direct,Desktop,4,1,1,1
2026-06-07,Google Shopping,Mobile,8,0,0,0
2025-07-07,Affiliate,Tablet,1,0,0,0
2026-04-23,Meta Ads,Tablet,2,0,0,0
2025-09-05,Google Search,Desktop,3,0,0,0
2025-07-29,Affiliate,Mobile,3,1,0,0
2026-04-20,Meta Ads,Tablet,4,0,0,0
2025-01-29,Google Search,Tablet,0,0,0,0
2025-03-25,google shopping,Desktop,3,0,0,0
2025-08-29,Organic_Search,Mobile,12,0,0,0
2025-04-26,Google Search,Desktop,5,1,0,0
2025-07-27,Affiliate,Mobile,2,0,0,0
2025-12-23,FB/IG Ads,Desktop,12,0,0,0
2025-03-17,GOOGLE SHOPPING,Desktop,3,1,0,0
2025-12-04,Organic Search,Tablet,2,0,0,0
2025-03-09,Organic Search,Desktop,4,0,0,0
2026-03-14,Affiliate,Tablet,0,0,0,0
2025-05-15,Direct,Desktop,0,0,0,0
2025-01-20,Google  Search,Tablet,1,0,0,0
2026-04-14,GOOGLE SEARCH,Mobile,7,2,0,0
2025-03-15,Google Search,Desktop,9,0,0,0
2025-07-05,Affiliate,Tablet,0,0,0,0
2025-02-23,Google Search,Tablet,2,0,0,0
2025-09-24,Google Shopping,Tablet,0,0,0,0
2026-03-06,Affiliate,Mobile,2,0,0,0
2025-12-30,(direct),Mobile,2,0,0,0
2026-04-02,Meta Ads,Tablet,5,0,0,0
2025-11-02,Meta Ads,Desktop,6,0,0,0
2025-01-01,Google Search,Mobile,6,1,1,0
2026-04-21,Direct,Desktop,1,0,0,0
2025-07-27,Google Shopping,Desktop,6,2,2,2
2025-11-19,(direct),Mobile,1,0,0,0
2025-05-29,Affiliate,Desktop,1,0,0,0
2025-04-22,Meta Ads,Tablet,1,0,0,0
2025-04-15,Google Shopping,Tablet,1,0,0,0
2025-03-15,Organic Search,Desktop,7,1,1,1
2025-11-15,email,Mobile,4,0,0,0
2025-11-23,Affiliate,Tablet,0,0,0,0
2026-02-28,Google Shopping,Desktop,2,1,0,0
2026-06-15,Organic Search,Tablet,0,0,0,0
2025-10-14,Affiliate,Tablet,1,0,0,0
2026-02-12,Organic Search,Tablet,0,0,0,0
2026-06-03,Email,Tablet,0,0,0,0
2025-05-03,Affiliate,Mobile,3,0,0,0
2026-03-15,Meta Ads,Desktop,10,0,0,0
2026-03-30,Email,Tablet,0,0,0,0
2026-02-23,Meta Ads,Desktop,8,0,0,0
2025-10-09,Email,Tablet,2,0,0,0
2025-09-28,DIRECT,Mobile,4,0,0,0
2025-10-26,Google_Shopping,Desktop,4,0,0,0
2025-07-27,EMAIL,Desktop,2,0,0,0
2025-11-07,meta ads,Desktop,9,0,0,0
2026-02-16,Email,Tablet,0,0,0,0
2025-09-02,Google_Shopping,Desktop,4,0,0,0
2026-01-08,Direct,Mobile,1,0,0,0
2026-06-24,Direct,Mobile,0,0,0,0
2026-04-12,AFFILIATE,Desktop,0,0,0,0
2025-03-22,GOOGLE SEARCH,Desktop,4,0,0,0
2025-09-20,Direct,Desktop,1,0,0,0
2026-03-09,Affiliate,Tablet,1,0,0,0
2025-05-10,Organic Search,Desktop,2,0,0,0
2025-09-05,FB/IG Ads,Desktop,11,0,0,0
2026-02-27,Email,Tablet,2,0,0,0
2025-07-19,Affiliate,Tablet,0,0,0,0
2025-11-21,Google Search,Tablet,4,1,0,0
2025-08-27,google shopping,Desktop,4,0,0,0
2025-04-26,Meta Ads,Tablet,1,0,0,0
2025-03-07,Affiliate ,Mobile,3,0,0,0
2025-08-16,Organic Search,Desktop,3,1,1,1
2025-05-23,Google Search,Desktop,7,2,2,2
2025-01-06,Organic Search,Desktop,4,1,1,1
2025-05-12,Google Search,Tablet,0,0,0,0
2025-07-30,Google_Shopping,Mobile,4,0,0,0
2025-06-27,Affiliate,Mobile,1,1,0,0
2025-04-14,Google Shopping,Mobile,2,0,0,0
2025-02-13,Google Shopping,Mobile,8,0,0,0
2025-04-02,Meta Ads,Mobile,6,1,0,0
2025-04-01,GOOGLE SHOPPING,Tablet,2,0,0,0
2026-06-13,Google Shopping,Tablet,1,0,0,0
2026-01-25,EMAIL,Tablet,1,0,0,0
2025-12-30,Google Shopping,Desktop,2,1,1,1
2026-04-09,Meta_Ads,Tablet,2,0,0,0
2025-09-11,Meta Ads,Tablet,0,0,0,0
2025-03-18,EMAIL,Tablet,1,0,0,0
2025-11-05,Affiliate,Tablet,0,0,0,0
2025-04-05,Organic Search,Mobile,9,2,2,1
2025-05-01,Email,Desktop,4,2,2,2
2025-06-17,Meta Ads,Tablet,1,0,0,0
2025-01-31,Google Search,Tablet,3,1,0,0
2026-01-14,Meta Ads,Mobile,15,0,0,0
2025-12-10,Email,Desktop,2,0,0,0
2025-08-20,Google Shopping,Tablet,0,0,0,0
2025-01-14,Google Shopping,Tablet,0,0,0,0
2025-03-28,Direct,Mobile,4,0,0,0
2025-10-17,Google Shopping,Desktop,7,2,1,1
2025-02-19,Direct,Tablet,0,0,0,0
2026-04-18,Email,Desktop,4,0,0,0
2025-10-29,Google Shopping,Desktop,2,0,0,0
2025-08-15,Meta Ads,Tablet,1,0,0,0
2025-02-24,Google Shopping,Desktop,2,1,0,0
2025-11-05,(direct),Desktop,1,0,0,0
2025-11-21,Organic_Search,Tablet,0,0,0,0
2025-04-08,Email,Tablet,0,0,0,0
2026-03-19,affiliate,Desktop,1,0,0,0
2025-02-08,google shopping,Desktop,2,0,0,0
2025-08-26,Google Search,Mobile,10,0,0,0
2025-01-21,Direct,Tablet,0,0,0,0
2025-04-15,Affiliate,Mobile,1,1,0,0
2025-03-30,Email,Desktop,1,0,0,0
2026-04-19,direct,Mobile,3,0,0,0
2025-05-28,Organic Search,Desktop,5,1,0,0
2026-02-25,Direct,Desktop,2,0,0,0
2025-01-10,Affiliate,Desktop,2,0,0,0
2025-08-21,Email,Mobile,4,0,0,0
2026-04-05,Google Shopping,Desktop,3,0,0,0
2025-11-09,Meta Ads,Tablet,2,0,0,0
2025-01-30,Affiliate,Desktop,0,0,0,0
2025-03-29,Google Shopping,Desktop,4,1,1,1
2025-02-03,email,Tablet,0,0,0,0
2025-02-26,Affiliate,Desktop,0,0,0,0
2025-07-06,Organic Search,Desktop,6,1,0,0
2025-03-12,Meta Ads,Mobile,9,0,0,0
2025-06-16,Affiliate,Desktop,2,0,0,0
2025-09-23,Google Shopping,Tablet,2,0,0,0
2025-05-16,AFFILIATE,,2,0,0,0
2025-11-21,Meta Ads,Tablet,1,0,0,0
2026-03-26,Direct,Desktop,1,0,0,0
2026-02-19,Direct,Desktop,1,0,0,0
2025-02-28,Affiliate,Tablet,2,0,0,0
2025-09-10,Google Shopping,Mobile,4,0,0,0
2025-06-03,google shopping,Desktop,5,0,0,0
2025-05-13,Direct,Tablet,0,0,0,0
2025-12-06,Google Search,Tablet,3,0,0,0
2025-02-13,Google Search,Mobile,4,1,1,1
2025-01-23,Organic Search,Mobile,7,1,1,0
2025-10-17,FB/IG Ads,Tablet,2,0,0,0
2025-07-14,Affiliate,Tablet,0,0,0,0
2026-05-06,Direct,Tablet,2,0,0,0
2025-05-18,Google Shopping,Desktop,4,0,0,0
2025-12-08,Meta Ads,Mobile,19,1,0,0
2025-10-12,(direct),Desktop,1,1,1,0
2025-07-07,Google Search,Mobile,10,0,0,0
2026-05-21,affiliate,Tablet,0,0,0,0
2026-02-03,google search,Desktop,4,0,0,0
2026-06-25,Meta Ads,Mobile,20,2,0,0
2025-05-24,Google_Search,Desktop,11,0,0,0
2026-05-21,AFFILIATE,Mobile,1,0,0,0
2025-07-08,Affiliate,Mobile,1,0,0,0
2025-11-18,Affiliate,Mobile,3,0,0,0
2026-06-24,affiliate,Tablet,0,0,0,0
2025-08-04,Meta_Ads,Tablet,1,0,0,0
2026-05-02,Google Shopping,Desktop,6,0,0,0
2025-09-26,Facebook/Instagram Ads,Tablet,1,0,0,0
2025-01-02,Google Search,Desktop,4,1,1,0
2025-06-18,Email,Desktop,2,0,0,0
2026-03-21,Organic Search,Desktop,3,0,0,0
2026-03-02,Email,Desktop,1,0,0,0
2026-06-01,Direct,Tablet,1,0,0,0
2026-05-13,Affiliate,Desktop,3,0,0,0
2026-05-24,Direct,Desktop,4,0,0,0
2026-06-01,AFFILIATE,Desktop,3,0,0,0
2026-01-05,Direct,Desktop,1,0,0,0
2026-03-08,DIRECT,Desktop,2,0,0,0
2025-08-02,Meta Ads,Mobile,15,0,0,0
2026-02-28,Meta Ads,Mobile,16,0,0,0
2025-06-06,Organic Search,Mobile,5,1,0,0
2025-11-01,Direct,Mobile,4,1,1,1
2025-06-04,Email,Mobile,0,0,0,0
2025-02-22,meta ads,Mobile,10,2,2,1
2026-04-06,AFFILIATE,Tablet,1,0,0,0
2025-02-28,Email,Mobile,3,0,0,0
2025-02-16,Email Marketing,Tablet,0,0,0,0
2025-01-02,Email,Mobile,1,1,1,1
2026-02-04,Email,Desktop,3,0,0,0
2025-05-26,Email,Tablet,0,0,0,0
2025-09-16,Email,Desktop,3,1,1,0
2026-05-11,affiliate,Desktop,2,0,0,0
2025-02-02,Meta Ads,Desktop,5,0,0,0
2025-11-09,Google Search,Desktop,8,0,0,0
2026-01-30,Facebook/Instagram Ads,Desktop,7,1,1,1
2025-08-02,Google Shopping,Mobile,8,0,0,0
2025-09-29,Google Shopping,Mobile,3,0,0,0
2025-09-12,Affiliate ,Desktop,0,0,0,0
2026-02-18,Google Search,Mobile,6,0,0,0
2025-05-13,Meta Ads,Mobile,14,1,0,0
2025-08-04,Organic Search,Mobile,5,0,0,0
2025-08-18,Affiliate,Mobile,6,1,1,1
2025-04-21,Google Shopping,Tablet,3,0,0,0
2025-12-17,Google Shopping,Mobile,9,0,0,0
2025-04-22,Google Shopping,Desktop,7,0,0,0
2025-01-09,organic search,Desktop,1,0,0,0
2026-06-05,Meta Ads,Desktop,17,1,1,1
2025-10-24,Email,Tablet,1,0,0,0
2025-01-26,DIRECT,Mobile,0,0,0,0
2026-04-06,Google Search,Desktop,5,0,0,0
2026-04-15,Organic Search,Tablet,3,0,0,0
2025-12-28,Direct,Desktop,0,0,0,0
2026-05-05,organic search,Mobile,5,2,2,2
2025-11-17,Affiliate,Mobile,3,0,0,0
2025-11-25,Meta_Ads,Tablet,3,1,1,1
2025-10-21,Facebook/Instagram Ads,Tablet,3,1,0,0
2026-06-17,Meta Ads,Tablet,1,0,0,0
2025-02-25,Google_Shopping,Tablet,0,0,0,0
2025-02-02,Google Search,Desktop,8,1,0,0
2025-03-20,Meta Ads,Desktop,5,0,0,0
2025-03-11,SEO,Desktop,3,0,0,0
2025-08-18,Meta_Ads,Tablet,2,0,0,0
2025-03-16,meta ads,Mobile,11,0,0,0
2025-10-17,Affiliate,Desktop,4,1,1,1
2025-04-06,Google Shopping,Tablet,1,0,0,0
2025-01-23,Meta_Ads,Desktop,9,2,1,1
2025-11-03,Meta Ads,Desktop,15,1,1,1
2026-06-04,google shopping,Mobile,7,1,1,1
2025-01-07,Email,Mobile,3,0,0,0
2026-04-10,Email,Mobile,1,0,0,0
2026-02-17,Meta Ads,Tablet,2,0,0,0
2025-06-10,Organic Search,Mobile,13,1,0,0
2025-07-21,Meta Ads,Tablet,3,0,0,0
2025-09-19,Email,Tablet,0,0,0,0
2025-08-24,Affiliate,Tablet,0,0,0,0
2025-10-14,Email,Tablet,2,0,0,0
2026-06-14,Google  Search,Desktop,7,1,1,0
2025-08-10,Direct,Tablet,0,0,0,0
2025-04-30,Email,Mobile,0,0,0,0
2026-04-10,Direct,Desktop,2,0,0,0
2025-05-22,Google Search,Tablet,0,0,0,0
2026-06-29,Direct,Tablet,1,0,0,0
2026-03-21,GOOGLE SHOPPING,Desktop,2,1,0,0
2025-07-21,Email,Mobile,3,2,1,0
2026-05-04,Organic Search,Tablet,3,1,0,0
2026-03-07,Affiliate,Tablet,0,0,0,0
2026-03-30,Affiliate,Tablet,0,0,0,0
2025-11-24,Google Search,Desktop,10,1,0,0
2025-10-12,Meta Ads,Tablet,3,0,0,0
2026-02-13,Direct,Tablet,0,0,0,0
2025-10-14,Affiliate,Desktop,3,0,0,0
2025-04-04,Google Search,Mobile,3,1,1,1
2025-11-30,Direct,Tablet,1,0,0,0
2025-09-13,Google Shopping,Tablet,0,0,0,0
2026-02-12,Direct,Tablet,2,1,0,0
2026-05-25,Affiliate,Desktop,0,0,0,0
2026-04-07,Meta Ads,Desktop,11,0,0,0
2026-03-28,GOOGLE SEARCH,Mobile,6,0,0,0
2025-10-21,Meta Ads,Desktop,7,0,0,0
2025-07-15,Direct,Tablet,1,0,0,0
2025-01-28,Organic Search,Desktop,2,0,0,0
2025-11-21,Email,Tablet,0,0,0,0
2026-01-16,Meta Ads,Mobile,7,1,1,0
2026-04-27,Email Marketing,Mobile,2,1,0,0
2026-04-16,Email,Mobile,5,2,1,1
2026-04-12,Google Shopping,Mobile,4,0,0,0
2025-04-13,Google Search,Mobile,7,1,0,0
2026-02-18,Direct,Tablet,0,0,0,0
2025-07-23,Organic Search,Tablet,0,0,0,0
2026-02-12,meta ads,Tablet,6,0,0,0
2025-11-24,Email Marketing,Tablet,2,1,0,0
2026-06-03,Meta Ads,Tablet,1,0,0,0
2025-05-03,Direct,Mobile,1,0,0,0
2025-01-29,Email,Desktop,2,0,0,0
2025-12-26,GOOGLE SHOPPING,Desktop,1,0,0,0
2026-04-21,Email,Tablet,0,0,0,0
2026-02-16,GOOGLE SEARCH,Desktop,3,0,0,0
2025-07-30,Affiliate,Desktop,1,0,0,0
2026-06-03,Direct,Tablet,1,0,0,0
2026-05-24,Google Search,Desktop,3,1,1,1
2025-03-13,Email,Mobile,1,0,0,0
2026-01-30,Email,Mobile,0,0,0,0
2025-03-27,Google Shopping,Tablet,0,0,0,0
2025-07-15,Google Shopping,Tablet,1,0,0,0
2025-10-24,Direct,Mobile,4,0,0,0
2025-10-21,Email,Desktop,2,0,0,0
2026-03-04,Direct,Tablet,3,0,0,0
2026-03-01,Affiliate,Tablet,0,0,0,0
2025-06-21,Meta Ads,Tablet,1,0,0,0
2025-03-25,Organic Search,Desktop,0,0,0,0
2025-01-24,Email,Mobile,1,0,0,0
2026-05-06,Google Shopping,Mobile,7,1,0,0
2026-01-30,Affiliate,Mobile,0,0,0,0
2026-03-10,Google Shopping,Desktop,5,2,1,1
2026-01-19,GOOGLE SEARCH,Tablet,1,0,0,0
2026-03-03,google shopping,Desktop,2,0,0,0
2026-03-23,Organic Search,Tablet,1,1,1,0
2026-01-23,Organic Search,Mobile,7,0,0,0
2025-01-12,Meta Ads,Desktop,8,3,3,3
2025-09-04,Direct,Tablet,0,0,0,0
2025-09-15,Affiliate,Mobile,3,0,0,0
2025-03-05,EMAIL,Mobile,1,0,0,0
2025-06-30,Google Search,Tablet,0,0,0,0
2025-06-11,Meta Ads,Tablet,1,0,0,0
2025-03-14,direct,Tablet,0,0,0,0
2026-03-30,Email,Desktop,1,0,0,0
2025-10-25,AFFILIATE,Tablet,0,0,0,0
2026-05-01,Direct,Mobile,6,0,0,0
2026-04-20,Email,Tablet,2,0,0,0
2025-01-22,Affiliate,Tablet,0,0,0,0
2025-07-17,Direct,Tablet,0,0,0,0
2025-12-22,Organic Search,Desktop,5,1,1,0
2025-01-22,google search,Mobile,7,0,0,0
2025-07-10,Organic_Search,Tablet,0,0,0,0
2025-07-20,Google Search,Tablet,0,0,0,0
2025-10-27,Google Search,Tablet,1,1,1,1
2026-05-18,Email Marketing,Mobile,6,0,0,0
2026-03-08,Google Shopping,Tablet,1,0,0,0
2025-12-07,Direct,Desktop,0,0,0,0
2026-01-28,Organic Search,Mobile,5,0,0,0
2025-03-19,Email,Tablet,0,0,0,0
2026-02-27,Meta Ads,Mobile,13,1,0,0
2026-05-14,AFFILIATE,Desktop,1,0,0,0
2025-12-15,Organic Search,Desktop,10,2,2,2
2026-02-13,direct,Desktop,0,0,0,0
2025-05-16,Organic Search,Desktop,4,0,0,0
2025-03-25,Affiliate,Mobile,2,0,0,0
2025-08-10,Meta Ads,,6,0,0,0
2025-10-19,Affiliate,Desktop,1,0,0,0
2026-01-15,Meta_Ads,Tablet,2,0,0,0
2025-01-27,organic search,Tablet,0,0,0,0
2025-04-09,Google  Search,Mobile,14,0,0,0
2026-06-18,Email,Desktop,5,0,0,0
2026-05-07,Meta Ads,Mobile,21,0,0,0
2025-03-13,Google Search,Tablet,1,0,0,0
2026-02-24,EMAIL,Tablet,0,0,0,0
2026-01-22,Organic Search,Mobile,5,0,0,0
2026-03-27,Meta Ads,Tablet,3,0,0,0
2025-11-29,Affiliate,Mobile,3,1,0,0
2025-03-29,DIRECT,Desktop,4,0,0,0
2025-01-14,GOOGLE SHOPPING,Mobile,6,0,0,0
2025-07-29,Organic Search,Desktop,3,1,1,1
2025-11-08,google shopping,Mobile,7,1,1,0
2025-09-19,Direct,Mobile,3,0,0,0
2026-05-11,Email,Mobile,3,1,1,0
2026-04-29,(direct),Mobile,5,0,0,0
2025-08-21,Meta Ads,Tablet,1,0,0,0
2025-02-04,Email,Desktop,3,0,0,0
2025-06-17,Google Shopping,Desktop,3,0,0,0
2026-02-28,Affiliate,Tablet,1,0,0,0
2025-12-28,organic search,Desktop,2,0,0,0
2025-12-24,Facebook/Instagram Ads,Desktop,6,0,0,0
2025-07-20,Meta Ads,Desktop,4,0,0,0
2026-03-28,Meta Ads,Tablet,0,0,0,0
2025-03-21,google shopping,Desktop,7,1,0,0
2025-05-20,Affiliate ,Mobile,1,1,0,0
2025-02-23,Direct,Tablet,0,0,0,0
2025-07-22,Direct,Tablet,2,0,0,0
2026-02-12,Google Search,Mobile,6,1,0,0
2025-03-03,direct,Mobile,3,0,0,0
2025-03-02,Google Search,Desktop,2,0,0,0
2026-06-13,Google Search,Desktop,8,1,1,1
2025-03-05,Google  Search,Desktop,5,0,0,0
2025-11-30,Meta Ads,Mobile,31,0,0,0
2025-06-22,Meta Ads,Desktop,4,0,0,0
2026-03-02,Google Shopping,Tablet,2,0,0,0
2025-10-28,Organic Search,Mobile,4,0,0,0
2025-01-18,Google_Search,Desktop,4,1,1,0
2025-06-17,Direct,Mobile,2,1,1,1
2025-01-18,Affiliate,Mobile,0,0,0,0
2025-05-31,GOOGLE SHOPPING,Mobile,8,2,1,1
2026-03-24,AFFILIATE,Tablet,1,0,0,0
2025-05-20,Organic Search,Tablet,1,0,0,0
2025-12-29,Email,Tablet,0,0,0,0
2025-02-08,Google Shopping,Mobile,3,0,0,0
2026-04-16,organic search,Desktop,1,0,0,0
2025-08-25,Meta Ads,Mobile,10,1,1,0
2026-06-08,Affiliate,Tablet,0,0,0,0
2025-04-15,Affiliate,Desktop,1,0,0,0
2026-02-05,google search,Mobile,9,0,0,0
2025-04-17,Google Search,Mobile,6,0,0,0
2025-02-12,Organic Search,Desktop,2,0,0,0
2025-09-25,Affiliate,Desktop,0,0,0,0
2025-06-02,Affiliate,Mobile,0,0,0,0
2025-11-29,Google Shopping,Desktop,1,0,0,0
2026-04-11,email,Mobile,5,0,0,0
2026-05-10,Google  Search,Mobile,11,1,1,1
2025-08-28,Affiliate,Mobile,3,0,0,0
2025-03-19,Google Shopping,Mobile,3,0,0,0
2025-06-16,Direct,Desktop,1,1,1,1
2026-05-11,Direct,Tablet,2,0,0,0
2025-12-13,Google Shopping,Tablet,1,0,0,0
2026-01-24,Email,Desktop,2,0,0,0
2026-01-07,Google  Search,Tablet,0,0,0,0
2026-04-14,Affiliate,Desktop,4,1,0,0
2026-04-22,AFFILIATE,Mobile,1,1,1,1
2026-02-13,Organic Search,Tablet,1,0,0,0
2025-12-25,Google Search,Mobile,1,0,0,0
2025-06-16,GOOGLE SHOPPING,Mobile,5,0,0,0
2025-07-07,Direct,Desktop,1,0,0,0
2025-11-27,google shopping,Mobile,14,2,2,0
2026-04-10,Affiliate,Mobile,3,0,0,0
2025-01-04,FB/IG Ads,Tablet,1,0,0,0
2025-11-16,Email,Tablet,0,0,0,0
2025-11-09,Email,Tablet,1,0,0,0
2026-03-13,Meta Ads,Tablet,0,0,0,0
2026-04-05,Meta Ads,Tablet,3,0,0,0
2025-07-27,Meta Ads,Tablet,0,0,0,0
2026-04-06,Meta Ads,Tablet,4,0,0,0
2025-12-06,Email,Mobile,4,1,1,0
2026-02-28,Google Search,Tablet,1,0,0,0
2026-05-10,Organic Search,Tablet,1,0,0,0
2026-01-19,Email,Desktop,4,0,0,0
2025-09-02,Direct,Desktop,3,0,0,0
2026-01-30,Organic Search,Mobile,6,0,0,0
2025-10-02,Meta Ads,Desktop,10,0,0,0
2025-03-01,Meta Ads,Desktop,6,0,0,0
2025-02-03,Meta Ads,Tablet,2,0,0,0
2025-01-25,Email,Mobile,0,0,0,0
2025-09-22,email,Tablet,1,0,0,0
2025-02-22,Google Search,Mobile,9,3,2,1
2026-05-04,Direct,Mobile,1,0,0,0
2026-06-05,Organic_Search,Desktop,4,1,0,0
2025-11-25,Affiliate,Mobile,4,0,0,0
2025-07-07,Google Search,Desktop,2,0,0,0
2025-07-06,email,Mobile,4,1,1,0
2025-03-28,Affiliate,Mobile,3,0,0,0
2025-07-17,Google Search,Desktop,4,0,0,0
2025-02-25,Organic Search,Tablet,0,0,0,0
2025-11-23,Google Shopping,Mobile,10,1,1,0
2025-07-28,Organic Search,Desktop,4,0,0,0
2025-04-02,direct,Mobile,0,0,0,0
2025-10-03,Google Search,Mobile,3,1,0,0
2025-11-12,Meta Ads,Desktop,11,1,1,1
2025-07-23,meta ads,Desktop,7,1,0,0
2026-02-02,(direct),Mobile,3,0,0,0
2026-05-12,Google Search,Tablet,0,0,0,0
2026-04-14,Organic Search,Mobile,7,0,0,0
2025-08-24,Organic Search,Tablet,0,0,0,0
2025-10-04,Direct,Mobile,4,0,0,0
2025-05-21,organic search,Mobile,7,1,1,0
2026-06-03,Google Search,Desktop,7,0,0,0
2025-11-09,Organic Search,Mobile,7,1,1,1
2025-04-30,(direct),Desktop,0,0,0,0
2025-04-12,Google Search,Desktop,1,0,0,0
2025-07-17,Email,Desktop,4,2,1,1
2025-02-06,affiliate,Desktop,2,0,0,0
2026-05-06,Affiliate,Tablet,2,0,0,0
2026-03-27,Meta Ads,Mobile,20,1,1,0
2025-03-10,Affiliate,Mobile,3,0,0,0
2026-04-21,Google_Search,Desktop,4,0,0,0
2025-07-02,Affiliate,Mobile,1,0,0,0
2025-06-07,Google Search,Tablet,3,0,0,0
2026-02-16,Google Shopping,Desktop,0,0,0,0
2026-01-22,Google Search,Mobile,3,0,0,0
2026-04-22,email,Mobile,2,0,0,0
2025-03-17,Email,Desktop,4,3,1,1
2025-11-03,EMAIL,Mobile,4,1,1,0
2025-04-16,organic search,Desktop,5,1,0,0
2025-09-11,Organic Search,Mobile,2,0,0,0
2026-03-13,EMAIL,Tablet,0,0,0,0
2025-06-17,Organic Search,Desktop,6,0,0,0
2026-02-03,Meta Ads,Mobile,18,1,0,0
2025-07-19,Email,Mobile,3,1,1,0
2025-02-14,Organic Search,Mobile,10,1,0,0
2025-06-10,Google Shopping,Desktop,1,0,0,0
2026-03-09,Direct,Desktop,1,0,0,0
2025-01-26,Google Shopping,Tablet,0,0,0,0
2025-05-31,Affiliate,Tablet,0,0,0,0
2025-05-29,Google Shopping,Mobile,3,0,0,0
2025-01-28,Email,Mobile,4,0,0,0
2026-06-21,Affiliate,Tablet,0,0,0,0
2026-05-02,affiliate,Desktop,3,0,0,0
2025-09-25,Google Shopping,Mobile,5,1,1,1
2025-10-28,Organic_Search,Desktop,8,1,1,1
2025-12-28,EMAIL,Mobile,4,1,0,0
2025-05-20,Facebook/Instagram Ads,Mobile,13,0,0,0
2026-05-18,Meta Ads,Tablet,2,0,0,0
2026-01-26,Organic Search,Tablet,1,0,0,0
2025-08-08,Meta Ads,Desktop,11,0,0,0
2025-12-01,(direct),Desktop,2,0,0,0
2026-01-01,Google_Shopping,Mobile,7,2,0,0
2026-06-07,Direct,Tablet,0,0,0,0
2026-01-17,Meta Ads,Desktop,8,0,0,0
2025-11-08,SEO,Desktop,6,0,0,0
2025-10-09,Organic Search,Mobile,7,1,1,0
2025-04-15,Direct,Tablet,0,0,0,0
2025-10-24,Meta Ads,Desktop,8,0,0,0
2025-04-17,Organic Search,Tablet,0,0,0,0
2025-08-25,Email,Mobile,8,2,1,1
2025-10-10,Affiliate,Tablet,0,0,0,0
2026-05-01,FB/IG Ads,Desktop,17,0,0,0
2025-10-03,Direct,Mobile,7,1,0,0
2025-05-29,Meta Ads,Desktop,13,0,0,0
2025-02-22,Organic_Search,Mobile,5,0,0,0
2026-03-15,Google Search,Tablet,1,1,1,0
2025-05-16,Google Shopping,Tablet,0,0,0,0
2025-02-19,Meta Ads,Tablet,1,0,0,0
2025-01-18,Google Search,Mobile,5,0,0,0
2026-01-26,Google Search,Tablet,1,0,0,0
2025-10-30,EMAIL,Desktop,0,0,0,0
2026-05-29,Direct,Mobile,5,0,0,0
2025-12-27,Direct,Mobile,4,0,0,0
2026-03-30,direct,Tablet,0,0,0,0
2026-01-08,google shopping,Tablet,1,0,0,0
2025-02-05,Organic Search,Desktop,2,0,0,0
2025-02-15,DIRECT,Desktop,1,0,0,0
2025-05-15,Direct,Tablet,1,0,0,0
2025-05-09,Organic Search,Mobile,13,1,1,0
2026-02-19,Google Search,Desktop,6,1,0,0
2025-04-28,Email,Desktop,1,1,1,0
2026-05-07,organic search,Tablet,2,0,0,0
2026-02-05,Google_Search,Desktop,8,2,1,1
2026-01-08,Google Search,Mobile,5,0,0,0
2025-04-16,Affiliate,Desktop,2,0,0,0
2026-03-17,GOOGLE SEARCH,Mobile,10,0,0,0
2025-02-25,Affiliate,Desktop,0,0,0,0
2025-08-14,Affiliate ,Desktop,3,0,0,0
2025-03-28,affiliate,Tablet,0,0,0,0
2025-08-03,Email,Desktop,4,0,0,0
2025-02-27,Organic Search,Mobile,7,0,0,0
2025-05-16,Google  Search,Mobile,4,0,0,0
2026-01-03,Meta Ads,Desktop,6,0,0,0
2025-04-28,Google Shopping,Desktop,4,0,0,0
2026-02-23,Affiliate,Desktop,1,0,0,0
2026-03-01,Meta Ads,Mobile,13,2,1,0
2026-02-26,direct,Desktop,1,0,0,0
2025-03-21,AFFILIATE,Mobile,4,0,0,0
2025-03-31,AFFILIATE,Mobile,4,1,1,0
2025-09-07,Organic Search,Mobile,7,1,1,0
2025-04-12,Email,Desktop,0,0,0,0
2025-10-06,Google  Search,Tablet,2,1,0,0
2025-04-19,Meta Ads,Tablet,3,1,0,0
2025-06-20,Google Search,Mobile,11,5,3,1
2025-08-12,Meta Ads,Tablet,0,0,0,0
2025-03-31,Direct,Desktop,3,0,0,0
2025-11-28,meta ads,Tablet,7,0,0,0
2025-01-15,Google  Search,Desktop,2,0,0,0
2025-06-24,Meta Ads,Tablet,2,0,0,0
2025-10-24,Google Shopping,Mobile,3,0,0,0
2025-05-31,Email,Mobile,4,0,0,0
2026-04-26,AFFILIATE,Mobile,2,0,0,0
2025-07-26,SEO,Mobile,7,1,0,0
2025-10-05,Direct,Desktop,2,1,1,0
2026-01-06,Google Shopping,Tablet,0,0,0,0
2025-05-17,EMAIL,Mobile,4,0,0,0
2026-05-14,Meta Ads,Desktop,15,1,0,0
2026-04-23,Direct,Tablet,0,0,0,0
2025-12-01,Direct,Tablet,1,0,0,0
2025-09-01,Direct,Mobile,3,0,0,0
2026-03-29,Organic Search,Mobile,6,0,0,0
2025-07-24,Organic Search,Mobile,4,0,0,0
2025-09-01,Email,Desktop,1,1,1,1
2025-10-27,SEO,Mobile,5,0,0,0
2025-01-22,Meta Ads,Desktop,3,0,0,0
2026-04-01,Organic Search,Desktop,8,1,1,1
2025-12-09,Direct,Desktop,3,0,0,0
2025-09-15,Meta_Ads,Mobile,14,1,1,1
2026-01-04,Google Shopping,Tablet,1,0,0,0
2025-11-05,Direct,Tablet,0,0,0,0
2025-03-14,Organic Search,Mobile,9,0,0,0
2025-02-24,SEO,Tablet,1,0,0,0
2025-01-19,email,Mobile,4,0,0,0
2026-05-19,Meta Ads,Mobile,12,0,0,0
2026-04-24,organic search,Desktop,5,1,0,0
2025-03-22,Direct,Tablet,1,0,0,0
2026-04-22,Google Shopping,Desktop,2,0,0,0
2026-05-01,Meta Ads,Tablet,1,0,0,0
2026-01-31,Google Shopping,Desktop,4,0,0,0
2026-06-06,Google Shopping,Mobile,8,1,1,0
2025-12-15,Facebook/Instagram Ads,Desktop,14,2,1,1
2025-09-12,Google Search,Mobile,7,2,2,1
2025-03-17,Meta Ads,Desktop,8,0,0,0
2025-07-02,Email,Desktop,0,0,0,0
2025-06-20,Affiliate ,Desktop,1,0,0,0
2026-04-29,EMAIL,Desktop,0,0,0,0
2026-05-21,Google Search,Tablet,1,0,0,0
2025-01-04,Organic Search,Desktop,5,1,1,1
2025-10-30,(direct),Desktop,1,0,0,0
2025-11-20,Meta Ads,Desktop,9,0,0,0
2025-03-31,Facebook/Instagram Ads,Mobile,6,0,0,0
2026-06-27,Direct,Desktop,0,0,0,0
2025-08-29,Email Marketing,Tablet,1,0,0,0
2026-04-19,Direct,Tablet,0,0,0,0
2025-11-01,Organic Search,Tablet,3,0,0,0
2025-02-17,Google Shopping,Tablet,1,0,0,0
2026-02-24,google search,Desktop,8,0,0,0
2025-02-09,Email,Desktop,0,0,0,0
2025-03-30,Organic Search,Mobile,5,0,0,0
2026-05-24,Meta Ads,Desktop,16,1,0,0
2026-04-11,GOOGLE SEARCH,Tablet,1,0,0,0
2026-06-17,Google Search,Desktop,6,0,0,0
2026-03-07,Google Shopping,Mobile,1,0,0,0
2025-03-09,Direct,Desktop,1,0,0,0
2025-05-19,Organic Search,Desktop,5,0,0,0
2025-12-20,Affiliate,Tablet,0,0,0,0
2025-09-13,Organic Search,Mobile,2,0,0,0
2025-05-18,Email,Mobile,6,2,1,0
2026-04-07,Affiliate,Tablet,0,0,0,0
2025-03-02,Meta Ads,Mobile,3,0,0,0
2025-12-19,Google Shopping,Mobile,9,0,0,0
2025-04-11,Direct,Desktop,1,0,0,0
2026-03-20,Organic Search,Mobile,6,0,0,0
2025-11-23,Email,Desktop,2,0,0,0
2025-01-29,Direct,Mobile,1,1,1,1
2026-04-16,google shopping,Desktop,5,0,0,0
2025-03-20,Meta Ads,Tablet,2,0,0,0
2025-07-16,Google_Search,Tablet,1,0,0,0
2026-02-14,Meta Ads,Desktop,15,0,0,0
2026-04-28,Affiliate,Desktop,2,0,0,0
2025-01-11,Email,Tablet,3,0,0,0
2025-02-08,Direct,Desktop,3,0,0,0
2025-11-08,Organic Search,Mobile,15,2,2,0
2026-04-10,Meta Ads,Tablet,0,0,0,0
2025-06-14,Affiliate,Desktop,1,0,0,0
2025-08-07,Email Marketing,Tablet,1,0,0,0
2026-06-08,Google Search,Tablet,0,0,0,0
2025-08-27,Organic Search,Tablet,0,0,0,0
2025-10-26,Direct,Desktop,3,0,0,0
2026-06-14,Organic Search,Mobile,8,0,0,0
2025-04-24,Google Shopping,Tablet,1,0,0,0
2025-03-27,Affiliate ,Mobile,3,1,1,1
2025-08-31,Meta Ads,Mobile,6,0,0,0
2025-07-12,Meta Ads,Tablet,2,0,0,0
2025-09-15,Email,Tablet,0,0,0,0
2026-01-25,email,Mobile,5,1,0,0
2025-10-09,Email,Mobile,6,3,1,0
2025-02-23,Organic Search,Tablet,0,0,0,0
2025-06-09,Organic Search,Tablet,0,0,0,0
2025-10-14,Meta Ads,Mobile,18,0,0,0
2026-06-10,Email,Tablet,1,0,0,0
2025-09-19,Google  Search,Mobile,9,0,0,0
2025-12-11,Meta Ads,Mobile,20,1,0,0
2025-03-01,Google Shopping,Mobile,5,1,1,0
2025-04-03,Organic Search,Mobile,7,1,1,0
2025-04-04,Email,Desktop,3,0,0,0
2025-02-17,Organic Search,Mobile,7,1,1,1
2025-12-29,Google_Search,Tablet,1,0,0,0
2025-05-19,Email Marketing,Mobile,6,2,2,2
2025-07-26,Google Shopping,Tablet,0,0,0,0
2025-08-26,Google_Shopping,Mobile,5,2,1,0
2026-06-04,Google Shopping,Tablet,3,0,0,0
2025-03-26,FB/IG Ads,Mobile,11,1,0,0
2025-06-12,Affiliate,Desktop,0,0,0,0
2025-08-14,Email,Mobile,6,1,0,0
2026-06-01,Affiliate,Tablet,1,0,0,0
2025-02-27,Affiliate,Mobile,1,0,0,0
2025-09-13,google search,Desktop,5,0,0,0
2025-01-04,AFFILIATE,Desktop,3,0,0,0
2025-05-04,DIRECT,Tablet,0,0,0,0
2025-03-28,Organic_Search,Tablet,2,0,0,0
2025-03-25,email,Tablet,0,0,0,0
2025-03-17,Google Shopping,Tablet,2,0,0,0
2025-12-13,Organic Search,Desktop,6,1,0,0
2025-07-20,Direct,Desktop,2,0,0,0
2025-10-28,Affiliate,Tablet,1,0,0,0
2025-12-16,Organic Search,Mobile,6,0,0,0
2025-07-25,Direct,Desktop,4,0,0,0
2026-04-13,GOOGLE SEARCH,Desktop,4,0,0,0
2025-03-10,Meta Ads,Tablet,1,0,0,0
2026-05-14,google search,Desktop,3,0,0,0
2025-09-27,Google_Shopping,Tablet,1,0,0,0
2026-01-03,AFFILIATE,Desktop,1,0,0,0
2025-05-04,SEO,Mobile,10,2,1,1
2025-11-13,Direct,Mobile,4,1,1,1
2026-06-25,Direct,Mobile,3,0,0,0
2025-02-07,Organic Search,Desktop,8,3,2,2
2025-03-01,Organic Search,Desktop,7,0,0,0
2025-11-15,Direct,Desktop,0,0,0,0
2025-04-17,Meta Ads,Tablet,2,0,0,0
2025-04-13,Google Shopping,Tablet,0,0,0,0
2025-03-03,Affiliate ,Mobile,0,0,0,0
2025-04-30,Google Shopping,Mobile,8,0,0,0
2025-08-15,(direct),Tablet,1,0,0,0
2025-03-04,Direct,Desktop,0,0,0,0
2026-05-13,Google_Shopping,Tablet,2,0,0,0
2026-06-20,Affiliate,Mobile,2,1,1,0
2026-06-06,Google Shopping,Desktop,1,0,0,0
2025-12-26,Google Search,Tablet,1,0,0,0
2026-05-16,Google_Shopping,Desktop,6,0,0,0
2025-04-14,Organic Search,Mobile,12,1,1,1
2025-03-11,Meta Ads,Mobile,5,0,0,0
2025-05-30,Meta Ads,Desktop,5,0,0,0
2025-08-25,Google Shopping,Mobile,8,0,0,0
2025-12-03,Affiliate,Desktop,3,0,0,0
2025-09-08,Meta Ads,Mobile,10,0,0,0
2026-04-29,Google Shopping,Tablet,0,0,0,0
2025-06-04,Google Shopping,Mobile,6,1,1,1
2025-03-09,Meta Ads,Desktop,6,0,0,0
2025-06-16,email,Mobile,2,0,0,0
2025-02-15,direct,Mobile,6,0,0,0
2026-04-04,Organic_Search,Tablet,0,0,0,0
2025-11-18,Organic Search,Mobile,14,0,0,0
2025-12-07,Email,Desktop,4,0,0,0
2026-04-08,(direct),Mobile,3,0,0,0
2025-02-09,affiliate,Mobile,3,0,0,0
2025-03-16,Google Shopping,Desktop,1,0,0,0
2026-01-25,Google Shopping,Mobile,0,0,0,0
2026-02-09,Affiliate,Mobile,3,0,0,0
2025-12-30,Direct,Desktop,1,0,0,0
2026-02-16,Google Search,Mobile,8,4,4,0
2026-06-26,Google_Shopping,Tablet,1,0,0,0
2026-06-15,DIRECT,Desktop,2,0,0,0
2026-05-07,Meta Ads,Tablet,4,0,0,0
2025-01-03,affiliate,Desktop,1,0,0,0
2026-02-28,Email,Mobile,4,1,0,0
2025-08-05,Google_Shopping,Tablet,1,1,1,1
2025-05-19,Meta Ads,Desktop,5,0,0,0
2025-02-09,Meta Ads,Mobile,11,0,0,0
2025-12-11,AFFILIATE,Desktop,3,0,0,0
2026-04-24,Facebook/Instagram Ads,Tablet,1,0,0,0
2026-01-05,Affiliate,Desktop,2,0,0,0
2026-03-08,Email,Tablet,0,0,0,0
2025-05-05,Affiliate,Mobile,2,0,0,0
2025-04-27,Organic Search,Tablet,0,0,0,0
2025-02-08,Google Search,Mobile,10,1,1,0
2025-11-20,Google Shopping,Mobile,9,0,0,0
2025-10-13,Email,Tablet,0,0,0,0
2025-05-26,Organic Search,Mobile,5,1,0,0
2025-09-09,google search,Tablet,3,0,0,0
2026-02-10,Meta Ads,Desktop,9,2,2,2
2026-01-03,Direct,Tablet,0,0,0,0
2026-06-19,SEO,Desktop,6,1,1,0
2025-11-13,Affiliate,Desktop,1,0,0,0
2025-03-03,Organic Search,Desktop,3,1,1,1
2026-06-07,Affiliate,Tablet,0,0,0,0
2026-03-18,Affiliate,Tablet,1,0,0,0
2025-01-16,GOOGLE SEARCH,Desktop,4,0,0,0
2025-09-22,Google Search,Mobile,8,1,1,1
2026-03-11,Meta Ads,Tablet,1,0,0,0
2026-06-03,(direct),Desktop,2,0,0,0
2026-03-04,affiliate,Mobile,2,0,0,0
2025-06-08,Direct,Desktop,1,0,0,0
2025-02-12,Meta Ads,Mobile,16,0,0,0
2025-08-02,Google Search,Mobile,6,0,0,0
2025-06-04,DIRECT,Mobile,6,1,1,1
2026-01-30,Meta Ads,Tablet,2,0,0,0
2025-11-27,Google Shopping,Desktop,9,1,1,1
2025-12-14,Google Shopping,Mobile,10,0,0,0
2025-07-23,Email,Tablet,1,0,0,0
2025-02-25,Affiliate,Mobile,5,2,2,1
2025-06-12,Direct,Desktop,3,1,1,1
2025-08-30,Meta_Ads,Mobile,9,1,0,0
2025-05-18,Email,Desktop,4,1,1,0
2025-01-18,Meta Ads,Desktop,3,1,1,1
2025-08-15,Email,Tablet,0,0,0,0
2026-04-25,Direct,Tablet,1,0,0,0
2026-06-20,Google Shopping,Mobile,6,0,0,0
2025-05-01,Google Shopping,Desktop,0,0,0,0
2026-04-22,EMAIL,Desktop,6,0,0,0
2026-03-31,Meta Ads,Tablet,4,0,0,0
2025-11-27,Meta Ads,Desktop,21,0,0,0
2025-06-26,Google Shopping,Mobile,5,0,0,0
2025-07-05,Google Shopping,Mobile,6,0,0,0
2025-09-14,(direct),Mobile,1,0,0,0
2025-02-19,Meta Ads,Mobile,4,0,0,0
2026-06-18,Google  Search,Desktop,8,0,0,0
2026-05-22,Google_Shopping,Desktop,4,0,0,0
2025-10-04,Meta Ads,Desktop,13,0,0,0
2026-06-19,Affiliate,Mobile,1,0,0,0
2026-02-25,Google  Search,Desktop,3,0,0,0
2025-02-27,Organic Search,Tablet,0,0,0,0
2025-04-26,Google Shopping,Desktop,3,0,0,0
2026-06-04,Direct,Mobile,3,0,0,0
2025-05-18,Google Search,Desktop,7,0,0,0
2025-04-13,Email,Desktop,6,1,0,0
2026-01-04,Google Search,Tablet,0,0,0,0
2025-05-24,Direct,Tablet,1,1,1,1
2025-04-21,Affiliate,Tablet,0,0,0,0
2026-01-09,Meta Ads,Tablet,1,0,0,0
2026-04-25,Meta Ads,Desktop,7,0,0,0
2025-09-17,Email,Mobile,3,0,0,0
2025-10-05,Google_Shopping,Mobile,5,0,0,0
2025-01-18,Email,Mobile,3,0,0,0
2025-06-19,Affiliate,Tablet,0,0,0,0
2025-06-06,Meta Ads,Desktop,3,0,0,0
2025-08-12,Google Shopping,Mobile,5,0,0,0
2025-03-11,Google Shopping,Desktop,3,0,0,0
2025-04-19,Email,Desktop,2,0,0,0
2026-04-25,Meta Ads,Tablet,2,1,1,0
2025-05-01,Affiliate,Tablet,0,0,0,0
2025-08-08,google shopping,Desktop,3,0,0,0
2026-04-06,Direct,Desktop,4,0,0,0
2026-02-12,google shopping,Tablet,3,2,0,0
2026-04-24,Google Shopping,Tablet,1,0,0,0
2025-10-05,Google Search,Mobile,10,1,0,0
2025-02-11,Direct,Mobile,5,0,0,0
2026-05-30,Affiliate,Desktop,0,0,0,0
2025-04-21,Google Shopping,Desktop,3,0,0,0
2026-06-07,Direct,Mobile,3,0,0,0
2025-08-11,Email,Desktop,2,0,0,0
2025-03-18,Google Shopping,Desktop,1,0,0,0
2026-05-01,Email,Desktop,6,1,0,0
2025-01-10,Direct,Tablet,0,0,0,0
2025-08-21,Direct,Desktop,3,0,0,0
2026-03-19,Email,Tablet,0,0,0,0
2025-06-03,Email Marketing,Tablet,2,0,0,0
2025-03-22,FB/IG Ads,Mobile,14,1,1,1
2025-12-19,Google Search,Mobile,13,1,1,0
2026-02-03,Organic Search,Tablet,2,0,0,0
2025-10-08,Organic Search,Mobile,4,0,0,0
2025-08-24,Organic Search,Desktop,5,1,1,1
2025-08-09,email,Mobile,3,1,1,0
2025-03-26,Google_Shopping,Mobile,2,0,0,0
2026-01-11,Google Search,Desktop,2,0,0,0
2025-06-24,Google Search,Mobile,10,0,0,0
2025-06-13,Email Marketing,Tablet,0,0,0,0
2025-07-27,Google Search,Mobile,12,0,0,0
2025-09-28,SEO,Mobile,3,1,1,1
2026-04-09,Organic Search,Mobile,6,1,1,1
2025-03-15,Meta Ads,Tablet,1,0,0,0
2026-01-03,Direct,Desktop,0,0,0,0
2025-08-12,direct,Desktop,2,1,0,0
2025-11-21,FB/IG Ads,Mobile,10,1,0,0
2026-05-23,Google Shopping,Tablet,1,0,0,0
2025-06-02,organic search,Tablet,1,0,0,0
2025-02-09,Direct,Desktop,2,0,0,0
2026-04-05,Google Search,Tablet,0,0,0,0
2026-03-14,Affiliate,Mobile,3,1,0,0
2025-01-08,email,Desktop,1,0,0,0
2025-04-10,Google Shopping,Mobile,8,0,0,0
2025-12-10,EMAIL,Tablet,1,0,0,0
2026-04-15,Organic Search,Desktop,4,0,0,0
2026-01-12,Meta Ads,Mobile,7,0,0,0
2025-08-24,Email Marketing,Tablet,1,0,0,0
2025-01-03,Direct,Tablet,0,0,0,0
2026-01-16,Google Shopping,Mobile,2,0,0,0
2026-02-04,organic search,Mobile,8,0,0,0
2026-01-11,Meta Ads,Tablet,4,0,0,0
2026-06-15,google shopping,Mobile,7,0,0,0
2025-09-14,Google Shopping,Mobile,9,0,0,0
2025-01-12,Google_Shopping,Desktop,0,0,0,0
2025-04-27,Google Search,Desktop,5,0,0,0
2025-09-16,Google Search,Tablet,0,0,0,0
2025-05-14,Google Shopping,Desktop,1,0,0,0
2025-06-07,Meta Ads,Tablet,3,0,0,0
2025-11-04,Affiliate,Desktop,2,0,0,0
2025-08-04,Google Shopping,Desktop,2,0,0,0
2025-09-22,google shopping,Tablet,2,0,0,0
2025-09-22,Meta Ads,Mobile,13,0,0,0
2026-06-20,Direct,Tablet,0,0,0,0
2025-11-14,Meta_Ads,Tablet,2,0,0,0
2026-01-31,Direct,Tablet,0,0,0,0
2026-04-13,Meta Ads,Mobile,14,1,0,0
2025-11-30,Affiliate,Desktop,6,0,0,0
2025-11-01,Affiliate,Desktop,1,0,0,0
2025-03-14,Google Shopping,Desktop,5,0,0,0
2025-03-10,google shopping,Mobile,6,0,0,0
2026-01-13,Affiliate ,Desktop,0,0,0,0
2025-05-15,Google Shopping,Mobile,5,0,0,0
2025-09-25,Email,Desktop,3,0,0,0
2025-10-30,Direct,Mobile,7,2,2,0
2026-02-25,Direct,Tablet,1,0,0,0
2026-02-09,Google Search,Desktop,8,1,0,0
2025-12-05,Google Search,Mobile,8,1,1,0
2025-06-23,direct,Desktop,1,0,0,0
2025-01-02,organic search,Desktop,2,1,1,0
2025-08-26,Google Search,Tablet,1,0,0,0
2025-12-04,Meta Ads,Desktop,13,2,2,1
2026-04-28,Google Shopping,Tablet,1,0,0,0
2026-04-05,DIRECT,Desktop,2,0,0,0
2025-08-18,Email,Tablet,3,0,0,0
2025-08-25,Google Shopping,Tablet,0,0,0,0
2025-05-25,EMAIL,Mobile,4,1,1,0
2026-04-21,Meta Ads,Tablet,4,0,0,0
2025-07-09,DIRECT,Tablet,0,0,0,0
2025-01-09,Google Shopping,Desktop,3,1,1,0
2025-08-05,Organic Search,Tablet,2,0,0,0
2026-05-24,Meta Ads,Mobile,22,2,2,0
2025-11-27,Direct,Mobile,12,2,1,1
2026-06-15,Meta Ads,Desktop,12,0,0,0
2025-06-24,Google Shopping,Mobile,7,0,0,0
2025-09-16,Email,Tablet,0,0,0,0
2026-04-01,Email,Desktop,4,1,1,1
2025-06-03,Google Search,Desktop,7,2,0,0
2025-06-19,Google Shopping,Mobile,9,2,1,0
2026-02-24,(direct),Tablet,1,0,0,0
2025-02-12,Meta Ads,Desktop,2,1,0,0
2025-04-24,Affiliate ,Desktop,1,0,0,0
2025-09-05,Direct,Desktop,3,1,1,0
2025-06-22,Organic Search,Desktop,3,0,0,0
2026-05-08,Direct,Desktop,5,0,0,0
2025-06-06,Direct,Desktop,2,1,0,0
2025-09-23,Google Shopping,Desktop,3,1,0,0
2025-02-17,Direct,Mobile,4,1,0,0
2026-03-04,Email,Mobile,3,0,0,0
2025-08-16,Direct,Mobile,2,0,0,0
2026-05-25,Google Search,Tablet,0,0,0,0
2025-10-12,Organic_Search,Desktop,10,0,0,0
2026-04-10,Meta Ads,Desktop,10,0,0,0
2026-06-04,Affiliate,Mobile,3,0,0,0
2026-02-16,Google Shopping,Mobile,3,0,0,0
2026-01-03,Organic Search,Desktop,5,1,1,1
2026-06-28,organic search,Mobile,12,1,0,0
2025-09-07,Direct,Tablet,0,0,0,0
2025-07-24,Organic Search,Desktop,3,0,0,0
2026-05-21,direct,Desktop,1,0,0,0
2025-02-18,Affiliate,Desktop,1,0,0,0
2025-02-21,google search,Mobile,5,1,0,0
2025-08-19,Facebook/Instagram Ads,Mobile,14,0,0,0
2025-06-12,Direct,Mobile,4,0,0,0
2025-01-06,Email,Tablet,0,0,0,0
2026-01-14,Direct,Desktop,1,0,0,0
2025-11-24,google shopping,Tablet,1,0,0,0
2025-03-07,Meta Ads,Tablet,1,1,0,0
2025-06-29,Email,Tablet,0,0,0,0
2026-04-04,GOOGLE SHOPPING,Mobile,7,0,0,0
2025-12-23,EMAIL,Tablet,0,0,0,0
2025-02-25,Direct,Mobile,3,0,0,0
2025-06-05,email,Mobile,5,1,0,0
2025-04-29,Direct,Tablet,0,0,0,0
2025-03-02,GOOGLE SHOPPING,Mobile,6,0,0,0
2025-01-07,Google Search,Desktop,6,1,0,0
2026-03-19,Affiliate,Mobile,5,1,1,0
2025-12-30,Google Shopping,Mobile,2,0,0,0
2025-07-14,organic search,Tablet,0,0,0,0
2025-08-22,Email,Desktop,2,0,0,0
2026-05-17,Google Shopping,Mobile,0,0,0,0
2025-12-23,Google Shopping,Mobile,7,0,0,0
2025-10-23,Email,Mobile,3,0,0,0
2025-12-08,EMAIL,Mobile,6,1,1,1
2025-03-15,Affiliate,Desktop,2,0,0,0
2025-07-13,google shopping,Tablet,0,0,0,0
2026-04-16,Direct,Desktop,0,0,0,0
2025-03-07,Organic Search,Mobile,8,0,0,0
2025-08-09,Google Shopping,Desktop,4,0,0,0
2026-03-14,Google Search,Desktop,7,1,0,0
2025-10-07,Google Search,Tablet,0,0,0,0
2025-07-14,Direct,Tablet,1,0,0,0
2026-06-06,Meta Ads,Tablet,3,0,0,0
2025-08-13,Meta Ads,Tablet,5,1,0,0
2025-08-11,Meta Ads,Tablet,0,0,0,0
2026-02-19,Google Shopping,Desktop,2,0,0,0
2025-05-21,google search,Mobile,12,0,0,0
2026-03-13,Meta Ads,Mobile,16,2,1,1
2026-06-20,EMAIL,Desktop,2,0,0,0
2025-01-19,Organic Search,Mobile,2,0,0,0
2025-06-18,Meta_Ads,Mobile,14,0,0,0
2025-11-18,Organic Search,Tablet,0,0,0,0
2026-04-24,Affiliate,Mobile,2,0,0,0
2025-11-11,Direct,Mobile,2,0,0,0
2025-08-08,Google Search,Tablet,1,1,1,1
2025-12-18,Email Marketing,Tablet,0,0,0,0
2025-05-12,Google Shopping,Desktop,4,0,0,0
2025-10-26,FB/IG Ads,Tablet,1,0,0,0
2025-07-11,Google Shopping,Tablet,2,0,0,0
2025-09-10,Meta Ads,Desktop,5,0,0,0
2026-01-09,Organic Search,Tablet,0,0,0,0
2025-02-11,(direct),Desktop,0,0,0,0
2025-07-02,Google Shopping,Desktop,1,0,0,0
2026-03-18,Email,Tablet,1,0,0,0
2026-06-18,Google Shopping,Mobile,7,0,0,0
2026-02-15,Google_Shopping,Mobile,8,0,0,0
2026-05-18,Google_Search,Tablet,1,0,0,0
2025-04-03,DIRECT,Desktop,2,0,0,0
2026-01-21,Email,Mobile,5,0,0,0
2025-11-10,Affiliate,Mobile,2,0,0,0
2025-11-26,Organic Search,Mobile,18,0,0,0
2025-08-25,Affiliate,Mobile,0,0,0,0
2025-07-05,Organic Search,Mobile,7,1,1,1
2025-03-21,(direct),Tablet,1,0,0,0
2026-03-09,Email,Desktop,3,0,0,0
2025-06-21,Email,Desktop,3,0,0,0
2026-01-26,Google Shopping,Desktop,3,1,1,0
2025-06-24,Google Search,Tablet,0,0,0,0
2026-05-24,Google Search,Mobile,9,2,1,0
2026-02-24,GOOGLE SHOPPING,Mobile,4,0,0,0
2025-07-15,Organic_Search,Mobile,9,0,0,0
2025-05-12,Email,Tablet,0,0,0,0
2025-05-25,Email Marketing,Tablet,0,0,0,0
2025-07-04,Meta Ads,Tablet,2,0,0,0
2026-03-09,Google Search,Tablet,2,0,0,0
2025-01-21,GOOGLE SHOPPING,Mobile,1,0,0,0
2025-03-25,Meta Ads,Tablet,1,0,0,0
2026-02-04,Affiliate,Tablet,1,0,0,0
2025-06-21,Google Search,Mobile,11,1,0,0
2025-09-18,Meta Ads,Desktop,8,0,0,0
2025-07-03,Meta Ads,Desktop,3,0,0,0
2025-05-28,Affiliate,Desktop,1,0,0,0
2026-03-05,Email,Mobile,3,0,0,0
2026-04-27,Organic Search,Desktop,4,0,0,0
2025-12-28,Meta_Ads,Desktop,9,2,1,1
2026-02-12,Meta Ads,Desktop,9,1,1,1
2026-01-05,Meta Ads,Tablet,3,0,0,0
2025-09-28,Organic Search,Tablet,0,0,0,0
2025-08-02,Facebook/Instagram Ads,Tablet,3,0,0,0
2026-05-06,Email,Mobile,9,2,1,1
2025-02-13,Meta Ads,Mobile,13,0,0,0
2026-04-16,Facebook/Instagram Ads,Desktop,10,0,0,0
2026-02-28,Google Shopping,Tablet,2,0,0,0
2026-01-10,Affiliate,Desktop,1,0,0,0
2025-10-28,Direct,Tablet,1,1,1,0
2025-08-17,Affiliate,Mobile,0,0,0,0
2025-06-13,Email Marketing,Mobile,3,0,0,0
2025-05-28,Google Shopping,Tablet,2,0,0,0
2025-12-24,Email Marketing,Desktop,3,2,2,1
2025-06-04,Direct,Tablet,0,0,0,0
2025-04-06,Direct,Tablet,0,0,0,0
2025-08-22,Meta Ads,Tablet,2,1,1,0
2026-01-10,AFFILIATE,Tablet,0,0,0,0
2025-07-05,Meta_Ads,Mobile,10,1,0,0
2025-07-05,SEO,Desktop,6,1,1,1
2026-01-24,Google Shopping,Tablet,1,0,0,0
2025-04-05,Affiliate,Tablet,0,0,0,0
2025-04-06,Google Shopping,Desktop,5,0,0,0
2025-05-25,Google_Shopping,Desktop,3,1,1,1
2026-06-14,FB/IG Ads,Desktop,9,0,0,0
2025-06-29,Meta Ads,Desktop,2,0,0,0
2026-06-16,Facebook/Instagram Ads,Desktop,5,0,0,0
2026-01-06,Email,Desktop,2,1,0,0
2025-06-07,Affiliate,Tablet,0,0,0,0
2026-02-26,GOOGLE SHOPPING,Mobile,6,2,1,1
2025-07-03,Email,Tablet,1,0,0,0
2025-07-10,Google  Search,Desktop,7,0,0,0
2025-03-05,Google Search,Tablet,1,1,1,0
2025-05-20,Organic Search,Desktop,3,0,0,0
2025-06-04,Meta Ads,Desktop,8,0,0,0
2025-01-03,Organic Search,Mobile,7,1,1,1
2026-06-09,Google Search,Desktop,2,0,0,0
2025-06-14,Meta Ads,Tablet,1,0,0,0
2026-06-02,email,Tablet,0,0,0,0
2026-01-21,Affiliate,Tablet,0,0,0,0
2025-04-15,Direct,Desktop,3,0,0,0
2026-01-16,Email Marketing,Tablet,1,0,0,0
2026-01-20,Google Shopping,Mobile,4,0,0,0
2026-06-21,Organic Search,Desktop,2,0,0,0
2025-04-02,Meta_Ads,Tablet,1,0,0,0
2025-07-28,Organic Search,Tablet,2,0,0,0
2025-07-26,Google Search,Desktop,6,1,0,0
2025-08-01,Affiliate,Tablet,0,0,0,0
2025-09-17,Affiliate,Tablet,0,0,0,0
2025-06-29,Google Search,Tablet,2,0,0,0
2026-06-04,Google Search,Mobile,10,1,0,0
2026-06-08,Google Shopping,Tablet,0,0,0,0
2025-03-03,Google Shopping,Tablet,0,0,0,0
2026-01-09,Google Search,Mobile,6,1,1,1
2025-06-30,google search,Mobile,4,1,1,0
2025-10-14,Google Search,Mobile,13,1,1,0
2026-02-24,Affiliate,Desktop,0,0,0,0
2025-10-14,Organic Search,Tablet,2,0,0,0
2026-06-06,Google  Search,Tablet,1,0,0,0
2026-04-06,Meta Ads,Mobile,20,0,0,0
2025-05-19,Google Shopping,Tablet,0,0,0,0
2026-01-30,Facebook/Instagram Ads,Mobile,13,2,0,0
2025-06-21,Direct,Desktop,4,0,0,0
2026-06-27,google shopping,Desktop,6,0,0,0
2026-04-09,Affiliate ,Tablet,1,0,0,0
2025-08-19,Email,Mobile,6,1,1,1
2025-07-04,Email,Mobile,6,1,1,1
2026-05-27,Google Shopping,Desktop,5,0,0,0
2025-10-27,direct,Desktop,2,0,0,0
2025-12-07,Affiliate ,Mobile,2,0,0,0
2025-06-12,Google Shopping,Mobile,5,1,1,0
2025-11-15,Google Search,Mobile,7,1,0,0
2025-12-04,Affiliate,Tablet,1,0,0,0
2026-05-21,Email Marketing,Tablet,3,1,1,1
2025-02-28,GOOGLE SHOPPING,Desktop,4,0,0,0
2025-10-06,Meta Ads,Desktop,7,0,0,0
2026-04-08,Direct,Desktop,1,0,0,0
2025-02-13,Direct,Mobile,2,0,0,0
2026-02-08,Direct,Desktop,6,0,0,0
2025-05-13,Google Search,Mobile,14,0,0,0
2025-11-07,Organic Search,Tablet,2,0,0,0
2025-05-27,Organic Search,Tablet,1,0,0,0
2025-05-09,Direct,Mobile,7,2,2,2
2025-08-14,google shopping,Desktop,1,0,0,0
2025-01-12,Meta Ads,Mobile,7,1,0,0
2026-01-19,email,Tablet,0,0,0,0
2025-08-15,Email,Desktop,1,1,0,0
2025-05-07,GOOGLE SHOPPING,Mobile,1,0,0,0
2026-05-20,Google Search,Tablet,3,0,0,0
2025-05-03,Google Shopping,Mobile,8,0,0,0
2026-03-04,google shopping,Desktop,5,0,0,0
2026-01-27,Email,Mobile,3,0,0,0
2025-08-20,Organic Search,Desktop,3,0,0,0
2026-06-26,GOOGLE SHOPPING,Desktop,3,1,1,1
2025-02-10,Affiliate,Desktop,1,0,0,0
2025-04-24,Google Shopping,Desktop,3,0,0,0
2026-04-18,Google Search,Mobile,17,4,4,2
2025-09-09,Affiliate,Desktop,2,1,0,0
2026-02-23,SEO,Tablet,0,0,0,0
2025-01-03,Google Search,Mobile,8,0,0,0
2025-03-28,Affiliate,Desktop,3,0,0,0
2026-04-27,Organic Search,Tablet,0,0,0,0
2025-11-15,Email,Tablet,0,0,0,0
2025-05-30,Email,Desktop,6,0,0,0
2025-12-20,Meta Ads,Tablet,3,0,0,0
2026-06-22,Email,Desktop,3,0,0,0
2025-05-27,Google  Search,Tablet,5,1,1,0
2025-03-02,DIRECT,Tablet,0,0,0,0
2026-01-28,Direct,Mobile,3,1,1,0
2025-05-05,Google Shopping,Mobile,7,0,0,0
2025-04-14,DIRECT,Mobile,1,0,0,0
2025-03-03,Affiliate,Tablet,0,0,0,0
2025-02-05,Meta Ads,Mobile,11,0,0,0
2025-05-14,GOOGLE SHOPPING,Mobile,6,1,1,1
2026-06-16,google shopping,Mobile,5,1,0,0
2026-03-14,meta ads,Desktop,13,1,1,0
2026-05-20,Direct,Desktop,2,1,1,0
2026-06-11,Direct,Mobile,4,0,0,0
2025-12-30,Meta Ads,Mobile,3,0,0,0
2025-10-30,organic search,Desktop,6,1,0,0
2026-01-14,Organic Search,Desktop,1,0,0,0
2025-07-21,Organic Search,Tablet,0,0,0,0
2026-03-09,SEO,Tablet,0,0,0,0
2025-11-30,Email,Mobile,11,2,1,0
2026-04-17,Google Shopping,Mobile,6,2,1,1
2025-10-29,Affiliate,Mobile,4,0,0,0
2025-12-16,direct,Tablet,1,0,0,0
2025-04-26,Email,Desktop,2,0,0,0
2026-02-14,Google Search,Tablet,2,0,0,0
2025-08-25,Google Search,Tablet,2,0,0,0
2025-09-28,Google Search,Mobile,7,0,0,0
2025-08-21,Google Search,Mobile,12,3,1,0
2025-02-01,direct,Mobile,1,0,0,0
2025-01-30,Direct,Desktop,1,0,0,0
2025-09-08,Affiliate,Mobile,0,0,0,0
2025-02-09,google shopping,Desktop,4,1,0,0
2026-02-09,Affiliate,Tablet,0,0,0,0
2025-02-08,(direct),Mobile,7,0,0,0
2025-06-22,DIRECT,Mobile,4,0,0,0
2026-06-03,Email,Desktop,8,0,0,0
2026-05-03,AFFILIATE,Tablet,0,0,0,0
2025-09-06,Organic Search,Tablet,0,0,0,0
2026-01-31,affiliate,Mobile,2,0,0,0
2025-02-05,Direct,Desktop,1,0,0,0
2025-11-10,google search,Desktop,7,0,0,0
2026-06-08,Google Search,Desktop,6,1,1,1
2025-11-04,SEO,Mobile,9,1,1,0
2025-02-11,google search,Mobile,9,0,0,0
2025-08-30,direct,Tablet,2,1,1,0
2025-08-01,Organic Search,Desktop,4,0,0,0
2025-11-10,Google Search,Mobile,11,1,0,0
2025-04-02,Affiliate,Desktop,1,0,0,0
2025-07-02,meta ads,Desktop,2,0,0,0
2025-01-21,Google Search,Mobile,4,0,0,0
2026-06-15,Affiliate,Desktop,1,0,0,0
2026-04-11,organic search,Mobile,7,0,0,0
2026-02-23,Affiliate,Tablet,1,0,0,0
2025-01-02,affiliate,Mobile,3,1,0,0
2025-09-01,Google Shopping,Desktop,6,0,0,0
2025-05-31,Google Shopping,Desktop,3,1,0,0
2026-03-03,GOOGLE SHOPPING,Tablet,2,1,1,0
2026-05-28,Affiliate,Desktop,1,0,0,0
2026-03-21,Google Shopping,Tablet,0,0,0,0
2025-01-06,Meta Ads,Tablet,2,0,0,0
2026-04-23,Google  Search,Mobile,2,0,0,0
2025-07-30,Meta Ads,Tablet,2,0,0,0
2026-05-22,DIRECT,Tablet,1,0,0,0
2026-05-28,Google  Search,Mobile,12,0,0,0
2025-07-03,Google Search,Tablet,1,0,0,0
2025-12-28,DIRECT,Mobile,3,0,0,0
2025-05-01,Organic Search,Tablet,0,0,0,0
2026-02-22,Google Search,Mobile,10,1,0,0
2025-11-21,organic search,Mobile,7,0,0,0
2025-06-02,Google Search,Desktop,4,1,1,0
2025-04-24,Organic Search,Mobile,10,0,0,0
2025-04-10,Meta Ads,Desktop,4,1,0,0
2025-10-27,Organic_Search,Desktop,7,0,0,0
2026-06-13,Meta Ads,Mobile,31,0,0,0
2026-02-04,Meta Ads,Tablet,3,0,0,0
2025-10-10,Affiliate,Mobile,3,1,1,1
2025-06-22,Google Search,Tablet,1,0,0,0
2025-11-26,Meta Ads,Desktop,22,2,1,0
2025-12-30,organic search,Mobile,3,1,0,0
2025-05-09,google shopping,Tablet,1,0,0,0
2025-09-09,Email,Tablet,0,0,0,0
2025-09-03,Google Search,Mobile,10,0,0,0
2025-06-05,Meta Ads,Tablet,1,0,0,0
2026-03-26,Organic Search,Tablet,2,1,1,1
2025-04-06,Google_Search,Tablet,1,0,0,0
2025-12-11,Google_Shopping,Desktop,6,0,0,0
2026-04-26,Email,Tablet,0,0,0,0
2026-01-29,Organic Search,Tablet,0,0,0,0
2025-03-28,Meta Ads,Desktop,4,0,0,0
2025-02-19,Google Shopping,Desktop,2,0,0,0
2025-05-13,Email,Mobile,6,0,0,0
2025-10-21,Organic Search,Desktop,5,0,0,0
2026-01-19,Affiliate,Tablet,0,0,0,0
2026-03-24,Affiliate,Desktop,2,0,0,0
2026-06-29,Meta Ads,Mobile,25,1,1,1
2025-08-10,Email,Tablet,1,0,0,0
2026-06-03,Google Search,Mobile,16,2,1,1
2026-02-16,Direct,Desktop,3,1,1,1
2025-06-24,Google Shopping,Desktop,1,0,0,0
2025-02-03,Affiliate,Tablet,0,0,0,0
2025-11-25,(direct),Tablet,2,0,0,0
2025-06-25,Meta_Ads,Tablet,3,0,0,0
2025-12-17,Organic Search,Desktop,2,0,0,0
2025-09-21,Affiliate,Tablet,0,0,0,0
2025-08-22,Affiliate,Tablet,0,0,0,0
2026-04-07,Google Search,Tablet,0,0,0,0
2026-05-05,Email,Desktop,4,0,0,0
2026-03-27,Google Search,Mobile,14,1,0,0
2025-09-29,GOOGLE SEARCH,Desktop,4,0,0,0
2025-03-27,Organic Search,Desktop,3,0,0,0
2025-02-18,Email,Tablet,1,0,0,0
2025-01-17,Meta Ads,Desktop,3,0,0,0
2025-11-18,Google Shopping,Mobile,7,0,0,0
2025-10-18,Organic Search,Mobile,3,0,0,0
2025-04-13,Email,Tablet,1,0,0,0
2025-10-01,Google_Search,Tablet,1,0,0,0
2025-02-12,Google Shopping,Mobile,4,0,0,0
2025-11-27,Email,Desktop,4,1,1,1
2025-08-08,Organic Search,Desktop,5,0,0,0
2025-12-15,Google Shopping,Desktop,8,0,0,0
2026-02-04,Email Marketing,Tablet,1,0,0,0
2026-03-27,Direct,Desktop,2,0,0,0
2025-11-28,Google_Search,Mobile,24,2,1,1
2025-09-03,Affiliate,Desktop,1,0,0,0
2026-06-14,Google Shopping,Tablet,0,0,0,0
2025-08-23,Meta Ads,Desktop,11,1,0,0
2025-04-01,Meta Ads,Desktop,3,1,0,0
2026-02-24,Organic Search,Tablet,1,0,0,0
2025-04-16,organic search,Tablet,0,0,0,0
2025-03-04,Affiliate ,Mobile,3,0,0,0
2026-01-25,Affiliate,Mobile,2,0,0,0
2026-06-15,DIRECT,Mobile,2,0,0,0
2025-12-27,Affiliate,Desktop,1,0,0,0
2026-06-05,Google Shopping,Tablet,0,0,0,0
2026-04-04,Google  Search,Tablet,0,0,0,0
2025-10-25,Organic Search,Mobile,7,1,1,1
2026-05-28,Organic Search,Desktop,3,0,0,0
2026-03-31,Direct,Tablet,1,0,0,0
2025-02-13,Organic Search,Tablet,0,0,0,0
2025-03-26,Meta Ads,Tablet,2,0,0,0
2025-08-22,Meta Ads,Desktop,7,1,1,1
2026-06-30,Affiliate,Tablet,1,0,0,0
2025-08-30,Direct,Desktop,3,0,0,0
2026-04-09,Google Search,Mobile,10,2,2,0
2025-05-27,Affiliate ,Mobile,1,0,0,0
2026-01-13,Google Search,Desktop,2,1,1,1
2025-11-24,Direct,Tablet,1,0,0,0
2025-07-26,Email,Desktop,2,0,0,0
2026-02-21,meta ads,Desktop,11,0,0,0
2026-06-02,Google Search,Mobile,11,4,2,1
2026-04-07,SEO,Mobile,5,0,0,0
2025-10-31,Google Search,Tablet,0,0,0,0
2026-06-07,Meta Ads,Desktop,13,0,0,0
2025-07-08,Organic Search,Desktop,2,1,1,1
2025-08-29,Direct,Mobile,6,2,1,0
2026-02-23,DIRECT,Tablet,2,0,0,0
2025-05-06,Email,Mobile,6,0,0,0
2026-04-21,Meta_Ads,Desktop,9,0,0,0
2025-03-18,Organic Search,Tablet,1,0,0,0
2026-06-19,Email,Mobile,1,0,0,0
2026-02-19,Google  Search,Tablet,3,1,1,1
2026-05-22,Meta Ads,Desktop,18,2,1,0
2026-05-01,Affiliate,Desktop,2,0,0,0
2025-04-24,Affiliate,Tablet,0,0,0,0
2025-10-13,Meta Ads,Mobile,16,0,0,0
2025-12-14,Affiliate ,Desktop,4,1,1,0
2025-02-14,Affiliate,Tablet,0,0,0,0
2025-12-18,Direct,Mobile,5,1,1,0
2025-09-04,Google Search,Tablet,1,0,0,0
2025-06-15,Meta Ads,Desktop,7,1,1,0
2026-02-20,organic search,Mobile,9,0,0,0
2026-02-12,Email Marketing,Mobile,6,0,0,0
2025-01-23,Organic Search,Desktop,6,1,1,0
2026-04-19,Affiliate ,Tablet,0,0,0,0
2026-01-12,Google Shopping,Tablet,1,0,0,0
2025-03-25,SEO,Mobile,7,0,0,0
2026-06-12,Organic Search,Tablet,0,0,0,0
2025-03-29,Google Search,Tablet,0,0,0,0
2026-03-28,Meta Ads,Mobile,18,1,0,0
2026-05-03,Meta Ads,Tablet,0,0,0,0
2025-09-05,Organic Search,Desktop,2,0,0,0
2026-04-08,Organic Search,Desktop,3,0,0,0
2025-11-24,Organic Search,Desktop,9,0,0,0
2025-03-11,Direct,Mobile,1,0,0,0
2025-06-10,Email,Mobile,7,1,1,0
2025-04-25,Meta Ads,Mobile,8,0,0,0
2025-05-26,Facebook/Instagram Ads,Tablet,2,0,0,0
2026-03-05,Google_Search,Mobile,3,1,1,0
2025-05-09,Email Marketing,Mobile,13,0,0,0
2025-10-19,Affiliate,Tablet,0,0,0,0
2026-05-21,(direct),Tablet,0,0,0,0
2025-01-03,Email,Tablet,1,0,0,0
2025-04-15,Affiliate ,Tablet,0,0,0,0
2025-07-17,GOOGLE SHOPPING,Tablet,0,0,0,0
2025-07-12,Email,Desktop,1,0,0,0
2025-04-19,Meta_Ads,Mobile,13,1,0,0
2026-04-11,Google Search,Desktop,5,0,0,0
2025-05-17,Google Shopping,Tablet,0,0,0,0
2025-08-30,GOOGLE SHOPPING,Tablet,0,0,0,0
2025-10-07,Email,Tablet,0,0,0,0
2025-04-08,Direct,Mobile,3,0,0,0
2025-08-07,Google Search,Desktop,3,0,0,0
2025-06-09,Facebook/Instagram Ads,Tablet,2,0,0,0
2026-05-12,Google_Shopping,Desktop,2,1,1,1
2025-10-09,(direct),Desktop,3,1,0,0
2025-06-15,direct,Desktop,2,0,0,0
2026-01-20,affiliate,Mobile,4,0,0,0
2026-02-19,FB/IG Ads,Tablet,3,0,0,0
2026-01-05,Google Search,Mobile,0,0,0,0
2025-04-02,Google Shopping,Tablet,2,0,0,0
2025-07-26,Direct,Tablet,1,0,0,0
2025-07-24,FB/IG Ads,Tablet,0,0,0,0
2026-06-10,Meta Ads,Mobile,16,1,1,1
2026-04-09,Meta Ads,Mobile,22,2,1,0
2025-01-11,google shopping,Tablet,1,0,0,0
2025-06-10,Google Shopping,Tablet,0,0,0,0
2025-09-13,Affiliate,Tablet,1,0,0,0
2025-06-05,Organic Search,Mobile,8,0,0,0
2025-06-19,Email,Desktop,3,0,0,0
2026-05-22,Google Search,Mobile,10,1,1,0
2025-11-05,Meta Ads,Mobile,15,0,0,0
2025-02-01,Meta Ads,Desktop,8,0,0,0
2026-04-07,Email,Tablet,0,0,0,0
2025-10-14,google search,Desktop,5,0,0,0
2025-02-23,Meta Ads,Desktop,2,1,0,0
2025-07-10,Direct,Tablet,0,0,0,0
2025-04-12,Meta_Ads,Desktop,7,0,0,0
2025-02-14,DIRECT,Tablet,1,1,1,0
2025-04-26,Google  Search,Tablet,1,0,0,0
2026-01-03,Google Shopping,Tablet,0,0,0,0
2025-02-24,Email Marketing,Tablet,0,0,0,0
2026-02-14,Meta Ads,Tablet,0,0,0,0
2025-11-03,Email,Desktop,3,1,0,0
2025-07-23,Meta Ads,Mobile,11,0,0,0
2026-05-05,Meta Ads,Mobile,27,0,0,0
2026-06-17,Email,Mobile,2,1,1,0
2025-02-04,Google Shopping,Mobile,7,0,0,0
2025-07-09,Email Marketing,Tablet,0,0,0,0
2025-08-19,Organic Search,Mobile,3,0,0,0
2026-04-26,Google Shopping,Tablet,2,0,0,0
2025-01-29,Google Shopping,Desktop,3,1,1,1
2025-01-04,Google Shopping,Desktop,4,0,0,0
2025-08-02,Meta Ads,Desktop,4,0,0,0
2026-05-27,Meta Ads,Desktop,16,0,0,0
2025-03-17,Affiliate,Tablet,0,0,0,0
2025-11-13,Google Shopping,Mobile,6,0,0,0
2025-01-20,Affiliate,Mobile,2,0,0,0
2025-03-20,Google Shopping,Mobile,11,1,0,0
2025-04-18,(direct),Tablet,1,0,0,0
2026-06-22,Organic Search,Mobile,8,0,0,0
2025-06-24,DIRECT,Mobile,4,0,0,0
2025-02-24,Affiliate,Tablet,0,0,0,0
2025-04-02,GOOGLE SEARCH,Desktop,2,0,0,0
2026-01-23,GOOGLE SEARCH,Tablet,0,0,0,0
2025-06-21,Google Search,Desktop,4,1,1,0
2026-03-12,DIRECT,Mobile,1,0,0,0
2025-02-04,Email,Tablet,0,0,0,0
2026-05-11,Google Search,Tablet,0,0,0,0
2025-01-09,Affiliate,Tablet,0,0,0,0
2026-03-26,Google Search,Mobile,11,1,1,1
2026-05-22,Google Shopping,Tablet,1,0,0,0
2025-06-10,Affiliate,Mobile,5,2,0,0
2026-04-20,Organic Search,Desktop,5,0,0,0
2025-12-31,DIRECT,Mobile,6,0,0,0
2025-03-10,Google Shopping,Tablet,0,0,0,0
2025-12-06,Meta Ads,Mobile,27,2,0,0
2025-07-20,GOOGLE SHOPPING,Desktop,4,0,0,0
2025-06-14,Meta Ads,Mobile,7,1,1,1
2025-06-05,Meta Ads,Desktop,3,0,0,0
2025-03-09,Email Marketing,Mobile,4,1,1,0
2025-06-13,Affiliate ,Tablet,2,0,0,0
2026-01-11,Affiliate,Desktop,1,0,0,0
2025-03-06,meta ads,Mobile,7,1,1,1
2025-04-30,Affiliate,Desktop,3,0,0,0
2026-05-31,Direct,Tablet,0,0,0,0
2025-09-29,Meta Ads,Desktop,6,0,0,0
2025-03-29,Organic Search,Desktop,2,0,0,0
2026-05-07,Organic Search,Desktop,4,0,0,0
2025-10-07,Google Shopping,Desktop,7,1,0,0
2026-06-05,Google_Shopping,Mobile,8,0,0,0
2025-03-05,meta ads,Mobile,14,0,0,0
2025-08-14,GOOGLE SEARCH,Mobile,4,0,0,0
2026-05-29,Meta Ads,Mobile,17,1,0,0
2025-08-17,Direct,Mobile,3,1,0,0
2025-10-16,Meta Ads,Desktop,7,0,0,0
2025-01-15,(direct),Tablet,1,0,0,0
2025-05-24,Email,Mobile,7,2,0,0
2025-06-14,Google Shopping,Tablet,1,0,0,0
2025-07-16,Google Shopping,Mobile,5,0,0,0
2026-01-08,Affiliate,Mobile,0,0,0,0
2025-06-27,Google Shopping,Mobile,6,0,0,0
2025-11-27,Organic Search,Tablet,2,0,0,0
2025-11-17,meta ads,Mobile,20,1,0,0
2025-08-18,direct,Tablet,1,0,0,0
2025-04-07,Google Shopping,Tablet,1,0,0,0
2025-07-03,Email,Mobile,3,1,1,1
2025-03-18,Google Search,Desktop,8,0,0,0
2025-05-19,Meta Ads,Mobile,15,0,0,0
2025-04-17,Affiliate,Tablet,0,0,0,0
2025-11-24,Affiliate ,Desktop,1,0,0,0
2025-11-13,Affiliate,Mobile,2,0,0,0
2025-03-17,Organic Search,Desktop,2,0,0,0
2026-06-07,Organic Search,Desktop,4,0,0,0
2025-02-16,Google Shopping,Desktop,4,0,0,0
2025-07-14,Email,Desktop,6,0,0,0
2026-01-07,Google Search,Mobile,7,1,0,0
2026-06-16,Google Search,Mobile,4,1,1,1
2025-12-26,GOOGLE SHOPPING,Mobile,5,0,0,0
2025-09-21,Organic Search,Mobile,7,0,0,0
2025-11-04,Google Shopping,Mobile,4,1,1,0
2025-11-18,Email,Mobile,3,0,0,0
2025-06-13,Google Shopping,Desktop,1,0,0,0
2025-02-26,Google Search,Mobile,8,2,2,1
2025-09-23,Google  Search,Desktop,1,0,0,0
2025-10-28,Direct,Mobile,2,0,0,0
2025-10-06,Direct,Desktop,3,0,0,0
2026-05-20,Affiliate,Tablet,0,0,0,0
2025-03-01,Organic_Search,Tablet,1,0,0,0
2026-05-29,Direct,Tablet,0,0,0,0
2025-03-23,Meta Ads,Mobile,5,0,0,0
2025-05-22,Google Shopping,Tablet,1,0,0,0
2026-03-30,Meta Ads,Mobile,12,0,0,0
2025-12-02,Meta Ads,Mobile,16,1,1,0
2026-03-26,Organic Search,Desktop,5,0,0,0
2026-02-15,Email,Desktop,0,0,0,0
2025-06-02,Meta Ads,Tablet,2,0,0,0
2025-10-24,Organic Search,Mobile,7,0,0,0
2025-11-14,Direct,Tablet,0,0,0,0
2025-03-07,Direct,Tablet,1,0,0,0
2025-07-20,Email,Mobile,1,0,0,0
2025-02-19,Organic_Search,Desktop,6,2,0,0
2026-04-16,Organic Search,Mobile,9,1,1,1
2025-02-02,Email,Mobile,2,1,1,0
2025-11-24,Meta_Ads,Desktop,17,0,0,0
2025-12-08,Google Search,Desktop,5,1,0,0
2025-02-19,Email,Tablet,0,0,0,0
2026-06-10,Organic Search,Mobile,8,0,0,0
2025-05-22,Affiliate,Mobile,4,0,0,0
2025-10-12,Direct,Tablet,2,0,0,0
2025-07-27,Google Shopping,Tablet,0,0,0,0
2025-07-11,Meta Ads,Mobile,13,2,0,0
2026-02-07,AFFILIATE,Tablet,1,0,0,0
2026-02-11,email,Desktop,4,1,0,0
2025-05-12,Organic Search,Mobile,9,0,0,0
2025-11-06,Organic Search,Mobile,9,0,0,0
2026-05-09,Meta Ads,Desktop,8,1,0,0
2025-09-09,Google Search,Desktop,1,0,0,0
2026-02-03,Google Search,Mobile,11,0,0,0
2026-03-21,Direct,Desktop,3,0,0,0
2026-05-23,Direct,Mobile,0,0,0,0
2025-05-31,Meta Ads,Desktop,4,0,0,0
2026-06-05,GOOGLE SEARCH,Mobile,10,1,1,1
2025-05-30,Affiliate ,Desktop,2,0,0,0
2025-09-07,meta ads,Tablet,0,0,0,0
2026-05-25,meta ads,Desktop,16,1,1,1
2025-05-04,Google_Shopping,Mobile,7,0,0,0
2026-04-04,Email,,2,1,1,1
2026-04-09,Email,Desktop,2,0,0,0
2026-05-06,Google Search,Mobile,9,1,0,0
2025-05-14,Meta Ads,Desktop,6,1,1,1
2025-06-16,Google Shopping,Tablet,0,0,0,0
2026-02-08,Organic Search,Desktop,7,0,0,0
2025-12-11,EMAIL,Mobile,7,0,0,0
2025-03-08,Email,Tablet,3,1,0,0
2025-01-25,Organic Search,Desktop,1,0,0,0
2025-07-17,Google_Shopping,Mobile,5,1,1,1
2025-02-01,Google Shopping,Tablet,0,0,0,0
2026-06-04,Affiliate,Desktop,0,0,0,0
2025-07-01,google shopping,Tablet,1,1,1,1
2025-05-01,EMAIL,Mobile,8,1,1,1
2025-04-30,SEO,Mobile,8,0,0,0
2025-07-23,Organic Search,Desktop,6,0,0,0
2025-05-19,Google Shopping,Desktop,1,0,0,0
2026-03-17,Email,Mobile,3,1,0,0
2025-02-15,Email,Tablet,0,0,0,0
2025-07-06,Meta Ads,Desktop,4,0,0,0
2026-03-23,Email,Tablet,1,0,0,0
2026-04-18,Google Shopping,Tablet,0,0,0,0
2026-04-12,Email,Desktop,2,0,0,0
2026-06-05,Affiliate,Mobile,4,0,0,0
2026-06-21,DIRECT,,4,0,0,0
2025-06-20,Google Shopping,Mobile,5,1,1,1
2025-07-02,Google  Search,Desktop,6,2,1,1
2026-06-29,Google Shopping,Mobile,6,0,0,0
2025-03-16,Direct,Desktop,1,0,0,0
2025-06-17,Google_Search,Tablet,1,1,1,1
2026-01-11,Organic Search,Tablet,1,0,0,0
2026-04-22,Affiliate,Desktop,1,0,0,0
2025-02-08,Affiliate,Mobile,1,1,1,1
2025-05-08,Organic_Search,Mobile,12,1,1,0
2026-06-21,Direct,Desktop,5,0,0,0
2025-06-12,Affiliate,Mobile,4,0,0,0
2025-02-08,Facebook/Instagram Ads,Tablet,1,0,0,0
2025-03-02,Meta Ads,Tablet,0,0,0,0
2026-05-31,Email,Tablet,1,0,0,0
2026-01-15,EMAIL,Tablet,2,0,0,0
2025-09-12,Google Shopping,Mobile,8,2,1,0
2025-02-05,Direct,Tablet,0,0,0,0
2025-08-08,Google Search,Desktop,3,1,0,0
2025-05-25,Direct,Desktop,4,0,0,0
2026-03-22,Email,Tablet,1,0,0,0
2025-03-31,Direct,Mobile,1,1,0,0
2025-08-16,Google Search,Desktop,4,0,0,0
2025-12-10,Google Shopping,Desktop,8,1,1,0
2025-08-07,Meta Ads,Tablet,0,0,0,0
2025-01-27,Direct,Mobile,3,0,0,0
2025-06-23,Organic Search,Mobile,12,0,0,0
2026-05-06,Google Search,Desktop,4,0,0,0
2025-03-10,Organic Search,Desktop,7,1,1,1
2026-04-12,SEO,Mobile,9,0,0,0
2026-01-09,Meta_Ads,Mobile,17,1,0,0
2025-07-18,SEO,Tablet,0,0,0,0
2026-04-07,Email,Desktop,2,0,0,0
2025-06-22,(direct),Desktop,7,0,0,0
2026-05-03,Google Shopping,Mobile,4,0,0,0
2025-09-19,Google Shopping,Desktop,4,0,0,0
2025-10-22,google shopping,Desktop,4,0,0,0
2026-05-31,Organic Search,Desktop,4,0,0,0
2026-03-18,Meta Ads,Desktop,12,0,0,0
2025-06-02,Organic Search,Mobile,7,1,0,0
2025-05-21,Email,Desktop,4,0,0,0
2025-02-11,Organic Search,Tablet,2,0,0,0
2025-11-10,Affiliate,Tablet,0,0,0,0
2025-03-19,Direct,Mobile,3,0,0,0
2025-08-16,Affiliate ,Tablet,0,0,0,0
2026-01-20,Meta Ads,Desktop,9,0,0,0
2025-12-28,Google Search,Desktop,3,1,1,0
2025-01-23,Google_Search,Desktop,1,0,0,0
2026-05-05,Google Shopping,Desktop,2,0,0,0
2025-06-30,Email,Mobile,3,0,0,0
2025-09-18,Direct,Tablet,2,0,0,0
2026-04-13,Direct,Tablet,0,0,0,0
2025-04-20,Direct,Tablet,1,1,1,1
2025-05-11,Affiliate,Tablet,0,0,0,0
2025-08-13,Direct,Desktop,1,0,0,0
2025-02-02,GOOGLE SHOPPING,Tablet,1,0,0,0
2025-05-26,Affiliate,Mobile,5,0,0,0
2026-03-22,Facebook/Instagram Ads,Mobile,16,1,0,0
2025-01-07,Direct,Desktop,0,0,0,0
2026-05-06,Email,Desktop,3,2,1,1
2026-02-14,Google Shopping,Desktop,2,0,0,0
2025-01-26,Organic Search,Tablet,0,0,0,0
2025-07-11,Google Search,Mobile,10,0,0,0
2026-05-23,Email,Mobile,3,0,0,0
2025-05-23,Meta Ads,Mobile,13,1,1,1
2026-05-14,Direct,Desktop,3,0,0,0
2025-12-25,Direct,Desktop,2,0,0,0
2025-12-03,Email,Tablet,0,0,0,0
2025-04-25,Affiliate,Desktop,3,1,1,1
2026-05-22,Email,Tablet,0,0,0,0
2025-11-08,affiliate,Desktop,3,0,0,0
2026-06-29,Affiliate,Mobile,6,2,2,0
2026-03-12,Google Shopping,Tablet,0,0,0,0
2025-04-05,meta ads,Mobile,15,0,0,0
2025-07-11,AFFILIATE,Desktop,1,0,0,0
2025-07-29,direct,Desktop,2,0,0,0
2025-02-16,Affiliate,Mobile,3,0,0,0
2026-06-14,Affiliate,Mobile,4,1,1,0
2025-10-02,Meta Ads,Tablet,0,0,0,0
2026-01-05,organic search,Mobile,4,0,0,0
2025-11-18,Meta Ads,Desktop,6,0,0,0
2025-10-24,Affiliate ,Mobile,3,0,0,0
2025-05-15,DIRECT,Mobile,3,1,1,0
2025-05-05,GOOGLE SEARCH,Tablet,1,0,0,0
2025-09-09,Google Shopping,Mobile,5,0,0,0
2025-02-15,Meta Ads,Desktop,3,0,0,0
2025-10-19,Meta Ads,Mobile,11,0,0,0
2026-03-29,Google Shopping,Mobile,7,1,1,0
2025-12-13,Meta Ads,Mobile,11,0,0,0
2025-07-11,Affiliate,Mobile,2,0,0,0
2025-04-21,Direct,Mobile,3,0,0,0
2025-10-26,EMAIL,Desktop,3,0,0,0
2025-10-30,Google Shopping,Tablet,0,0,0,0
2025-01-20,Organic Search,Mobile,6,1,1,0
2025-09-21,Organic Search,Desktop,2,0,0,0
2025-09-30,Google Shopping,Mobile,5,0,0,0
2026-04-22,Meta Ads,Desktop,11,1,0,0
2025-05-18,Direct,Mobile,4,1,1,1
2026-05-19,Direct,Tablet,0,0,0,0
2025-01-15,Email,Tablet,1,0,0,0
2025-01-31,Meta Ads,Mobile,7,0,0,0
2025-11-28,Affiliate,Mobile,9,0,0,0
2025-06-22,Email,Tablet,2,0,0,0
2026-01-26,Meta Ads,Desktop,7,0,0,0
2025-08-28,Organic Search,Desktop,5,0,0,0
2025-06-23,Google Search,Mobile,14,2,1,1
2025-04-10,Organic Search,Mobile,4,0,0,0
2026-05-15,Meta Ads,Tablet,4,0,0,0
2025-03-26,Email,Tablet,0,0,0,0
2025-03-08,Google Shopping,Mobile,6,1,0,0
2026-03-02,Affiliate,Tablet,0,0,0,0
2025-05-30,Direct,Tablet,1,0,0,0
2026-05-04,Google Shopping,Mobile,10,3,0,0
2026-05-11,Google_Shopping,Desktop,3,1,1,0
2026-03-23,Direct,Desktop,1,0,0,0
2026-03-23,Affiliate ,Desktop,1,1,1,1
2025-09-03,Google Shopping,Desktop,3,0,0,0
2025-02-16,Direct,Mobile,3,0,0,0
2026-06-07,Affiliate,Mobile,7,1,1,0
2025-09-11,Organic Search,Desktop,3,0,0,0
2025-09-18,Email,Mobile,4,0,0,0
2025-06-08,Direct,Mobile,4,1,1,1
2025-07-09,Direct,Desktop,1,0,0,0
2025-02-19,Google Search,Tablet,0,0,0,0
2026-03-01,Organic_Search,Tablet,3,0,0,0
2025-01-20,email,Desktop,0,0,0,0
2026-05-10,Organic Search,Desktop,3,0,0,0
2025-03-07,Affiliate,Desktop,1,0,0,0
2025-12-07,Organic Search,Tablet,1,0,0,0
2026-06-29,affiliate,Tablet,0,0,0,0
2025-07-26,Meta Ads,Tablet,0,0,0,0
2025-12-16,Affiliate,Desktop,1,0,0,0
2026-01-26,Meta Ads,Tablet,0,0,0,0
2025-03-14,Organic Search,Desktop,3,0,0,0
2026-06-18,Direct,Tablet,0,0,0,0
2026-02-20,Affiliate,Tablet,0,0,0,0
2025-09-08,Direct,Desktop,2,0,0,0
2025-07-12,Facebook/Instagram Ads,Mobile,9,0,0,0
2025-05-21,Email,Mobile,6,0,0,0
2026-02-26,Meta Ads,Tablet,1,0,0,0
2026-04-12,Direct,Mobile,6,1,1,1
2025-04-25,Google Shopping,Desktop,0,0,0,0
2025-03-20,affiliate,Mobile,3,0,0,0
2025-09-05,DIRECT,Tablet,0,0,0,0
2025-01-30,Affiliate ,Mobile,2,0,0,0
2025-03-15,Google Shopping,Desktop,5,0,0,0
2025-08-08,Affiliate,Tablet,1,0,0,0
2025-04-05,Google Search,Mobile,4,1,1,1
2025-05-19,Google Search,Tablet,0,0,0,0
2025-09-01,Email,Mobile,8,0,0,0
2025-02-05,Google Shopping,Tablet,2,0,0,0
2025-10-05,Affiliate,Mobile,3,0,0,0
2025-04-30,AFFILIATE,Tablet,0,0,0,0
2025-11-14,Email,Tablet,0,0,0,0
2025-09-12,Meta Ads,Mobile,7,0,0,0
2025-11-05,Meta_Ads,Tablet,1,0,0,0
2025-11-28,Direct,Desktop,5,0,0,0
2025-07-01,Meta Ads,Desktop,6,1,1,0
2026-05-07,email,Desktop,2,0,0,0
2026-01-14,Email,Desktop,2,0,0,0
2025-05-27,Organic Search,Desktop,5,0,0,0
2025-05-29,direct,Mobile,4,0,0,0
2026-02-03,Direct,Desktop,3,1,1,0
2026-06-11,Email,Desktop,3,1,1,0
2026-03-13,organic search,Desktop,2,0,0,0
2025-10-31,Google Shopping,Tablet,3,0,0,0
2026-06-20,Meta Ads,Mobile,21,2,1,1
2025-02-05,Meta Ads,Tablet,2,0,0,0
2025-11-02,Email,Mobile,7,2,1,1
2026-01-08,GOOGLE SHOPPING,Mobile,5,0,0,0
2025-06-03,Affiliate,Desktop,2,0,0,0
2026-01-17,Affiliate,Desktop,1,0,0,0
2026-05-12,Affiliate,Tablet,0,0,0,0
2026-05-10,Email,Desktop,5,1,1,1
2025-10-29,SEO,Mobile,12,1,1,1
2026-06-07,email,Tablet,0,0,0,0
2025-09-12,Organic_Search,Tablet,5,2,1,0
2026-05-26,Meta Ads,Mobile,25,1,0,0
2026-04-17,GOOGLE SEARCH,Tablet,1,0,0,0
2026-04-22,organic search,Tablet,4,0,0,0
2026-04-07,Google Search,Mobile,1,0,0,0
2025-11-25,Google Search,Desktop,11,1,0,0
2025-12-30,Meta Ads,Tablet,1,0,0,0
2026-06-12,Affiliate,Desktop,1,0,0,0
2026-03-20,Meta Ads,Desktop,9,0,0,0
2026-06-04,Meta Ads,Mobile,24,3,3,1
2025-03-09,affiliate,Tablet,1,0,0,0
2025-08-12,Meta Ads,Mobile,14,1,1,0
2025-02-09,Organic Search,Mobile,9,1,1,0
2026-06-30,Affiliate,Mobile,2,0,0,0
2025-04-09,Affiliate,Desktop,0,0,0,0
2025-07-28,Affiliate,Desktop,1,0,0,0
2025-10-02,Email,Tablet,2,0,0,0
2025-10-25,Google Search,Desktop,4,0,0,0
2025-04-30,Organic Search,Desktop,4,1,1,0
2025-01-13,Organic Search,Desktop,3,0,0,0
2025-09-04,Google Shopping,Mobile,5,0,0,0
2026-05-08,Google Search,Desktop,9,0,0,0
2025-07-14,Affiliate ,,0,0,0,0
2026-06-28,Google Shopping,Tablet,0,0,0,0
2025-03-16,Email,Desktop,0,0,0,0
2025-04-11,Google_Search,Desktop,4,0,0,0
2025-06-13,Affiliate,Desktop,2,0,0,0
2025-03-01,Direct,Desktop,2,0,0,0
2025-09-04,affiliate,Mobile,1,0,0,0
2026-01-25,Affiliate ,Desktop,2,0,0,0
2026-01-20,Direct,Mobile,1,0,0,0
2026-03-17,Direct,Desktop,2,0,0,0
2026-02-08,Meta_Ads,Desktop,20,1,0,0
2025-08-27,Email,Tablet,0,0,0,0
2025-06-10,AFFILIATE,Tablet,0,0,0,0
2025-01-11,Google Shopping,Mobile,3,0,0,0
2025-10-11,Organic Search,Mobile,9,1,0,0
2026-06-28,Affiliate,Mobile,2,0,0,0
2025-05-08,Google Shopping,Desktop,5,0,0,0
2025-01-17,DIRECT,Tablet,0,0,0,0
2025-12-24,Google Search,Tablet,1,1,0,0
2025-02-01,Affiliate,Desktop,2,0,0,0
2025-03-03,google search,Mobile,8,1,1,1
2025-03-12,affiliate,Mobile,3,0,0,0
2025-11-25,Email,Mobile,9,0,0,0
2026-01-08,Meta Ads,Tablet,2,0,0,0
2025-05-05,Meta Ads,Desktop,2,0,0,0
2026-02-26,Email,Tablet,2,0,0,0
2025-06-03,Email,Mobile,2,0,0,0
2026-05-14,organic search,Tablet,0,0,0,0
2025-05-06,Affiliate,Mobile,4,1,0,0
2025-11-29,Email,Desktop,5,1,1,1
2026-03-03,Email,Desktop,5,0,0,0
2026-05-24,Organic Search,Desktop,7,0,0,0
2025-02-08,EMAIL,Tablet,3,0,0,0
2025-04-04,Organic Search,Desktop,3,0,0,0
2025-06-14,Meta Ads,Desktop,11,0,0,0
2026-03-29,Google_Shopping,Desktop,2,0,0,0
2025-11-26,Affiliate,Desktop,4,0,0,0
2025-02-06,Organic Search,Desktop,2,0,0,0
2025-09-07,Google Search,Desktop,5,1,0,0
2025-06-08,Email,Desktop,1,0,0,0
2025-02-11,Google  Search,Desktop,4,0,0,0
2025-10-05,Organic Search,Tablet,0,0,0,0
2026-02-10,Organic Search,Tablet,2,1,0,0
2025-10-10,Affiliate,Desktop,2,0,0,0
2025-07-31,Affiliate,Mobile,4,0,0,0
2025-04-14,google search,Tablet,1,0,0,0
2025-04-19,Google Shopping,Desktop,0,0,0,0
2026-03-25,Direct,Desktop,0,0,0,0
2026-04-26,Google Search,Tablet,1,0,0,0
2025-01-06,AFFILIATE,Tablet,1,0,0,0
2026-03-25,Google Search,Desktop,5,0,0,0
2026-01-07,Meta Ads,Mobile,10,1,0,0
2025-12-03,Google Shopping,Mobile,4,0,0,0
2025-04-04,Organic Search,Tablet,1,1,1,0
2025-08-16,Google Shopping,Tablet,3,0,0,0
2025-07-26,Google Search,Mobile,9,1,1,1
2025-02-07,(direct),Desktop,3,0,0,0
2025-06-27,Google Search,Desktop,4,0,0,0
2025-11-08,Email,Mobile,6,0,0,0
2025-02-12,Organic Search,Mobile,1,0,0,0
2026-06-05,AFFILIATE,Tablet,1,0,0,0
2026-03-23,Meta Ads,Mobile,15,1,0,0
2025-05-20,Email,Tablet,5,2,2,1
2025-08-09,Google Shopping,Mobile,5,0,0,0
2025-03-19,EMAIL,Desktop,6,0,0,0
2025-09-20,meta ads,Mobile,7,0,0,0
2025-05-22,Meta Ads,Desktop,4,0,0,0
2026-05-02,Meta Ads,Desktop,12,0,0,0
2025-01-18,Meta Ads,Tablet,3,0,0,0
2025-12-27,Google Search,Tablet,2,0,0,0
2025-01-12,Affiliate,Tablet,0,0,0,0
2025-07-18,Email,Tablet,2,0,0,0
2026-02-12,GOOGLE SHOPPING,Desktop,0,0,0,0
2025-07-30,Email,Mobile,4,0,0,0
2026-04-16,Meta Ads,Mobile,15,2,1,1
2025-12-18,Affiliate,Desktop,1,0,0,0
2025-09-20,Affiliate ,Mobile,1,0,0,0
2026-03-01,Affiliate,Mobile,5,0,0,0
2025-11-06,Google Shopping,Mobile,9,0,0,0
2025-11-26,Organic Search,Tablet,4,2,2,1
2025-02-15,Affiliate,Desktop,1,0,0,0
2025-06-12,Meta Ads,Mobile,15,0,0,0
2025-07-17,EMAIL,Tablet,1,0,0,0
2026-05-15,Organic Search,Desktop,7,1,1,1
2026-01-23,Affiliate,Desktop,0,0,0,0
2025-08-28,Meta Ads,Tablet,2,0,0,0
2025-08-04,Email,Tablet,0,0,0,0
2025-10-11,Google Shopping,Desktop,2,0,0,0
2025-07-03,Affiliate,Mobile,1,0,0,0
2025-07-04,GOOGLE SHOPPING,Mobile,4,0,0,0
2025-12-11,SEO,Mobile,11,0,0,0
2025-10-08,Email,Mobile,3,0,0,0
2026-03-14,Google Shopping,Tablet,0,0,0,0
2025-11-23,Organic Search,Mobile,14,2,1,0
2025-12-08,Meta Ads,Tablet,2,0,0,0
2025-04-09,GOOGLE SHOPPING,Desktop,2,0,0,0
2026-06-26,Google Search,Desktop,3,0,0,0
2025-08-16,GOOGLE SEARCH,Mobile,5,0,0,0
2026-03-31,Email,Desktop,1,0,0,0
2025-11-30,FB/IG Ads,Desktop,18,0,0,0
2025-04-04,AFFILIATE,Desktop,0,0,0,0
2025-10-27,Direct,Mobile,2,0,0,0
2026-04-28,Organic Search,Mobile,8,0,0,0
2025-12-24,Google  Search,Mobile,12,2,2,0
2026-01-10,Google Shopping,Mobile,9,0,0,0
2025-08-27,Direct,Desktop,1,0,0,0
2026-06-16,Google Shopping,Tablet,2,0,0,0
2025-07-03,Google_Shopping,Desktop,1,0,0,0
2026-02-06,AFFILIATE,Tablet,0,0,0,0
2025-10-12,Organic Search,Tablet,0,0,0,0
2025-04-12,Direct,Mobile,7,1,0,0
2026-06-26,FB/IG Ads,Desktop,9,1,1,0
2025-03-25,Direct,Tablet,0,0,0,0
2025-08-03,Direct,Mobile,4,0,0,0
2025-10-11,Direct,Tablet,0,0,0,0
2025-10-02,Email,Mobile,7,0,0,0
2026-02-18,Affiliate,Desktop,0,0,0,0
2026-04-17,Direct,Desktop,1,0,0,0
2025-08-11,Google Shopping,Tablet,1,0,0,0
2025-11-17,Google Shopping,Tablet,1,0,0,0
2025-05-01,Google Search,Tablet,1,0,0,0
2026-01-07,Direct,Tablet,1,0,0,0
2026-02-15,Affiliate,Tablet,0,0,0,0
2025-07-31,Meta Ads,Desktop,6,0,0,0
2026-06-01,SEO,Desktop,4,1,0,0
2025-01-25,Google Search,Mobile,5,0,0,0
2025-01-16,email,Desktop,1,0,0,0
2025-06-07,Direct,Desktop,3,0,0,0
2026-06-24,Google Search,Desktop,9,1,1,1
2025-10-26,Affiliate,Mobile,2,1,1,0
2025-08-19,direct,Desktop,0,0,0,0
2025-11-14,Meta Ads,Desktop,12,2,2,1
2025-06-30,Direct,Tablet,0,0,0,0
2026-05-29,Direct,Desktop,1,0,0,0
2026-05-31,SEO,Tablet,0,0,0,0
2025-02-01,Email,Mobile,6,2,2,1
2025-08-22,Google_Search,Mobile,4,1,0,0
2025-02-27,Meta Ads,Desktop,4,0,0,0
2026-05-27,Meta Ads,Tablet,3,0,0,0
2025-05-18,Affiliate,Desktop,1,0,0,0
2025-09-28,FB/IG Ads,Mobile,4,0,0,0
2025-10-02,Affiliate,Desktop,0,0,0,0
2026-03-11,Direct,Tablet,0,0,0,0
2026-03-09,Google Search,Mobile,10,0,0,0
2025-03-03,Google_Search,Tablet,3,0,0,0
2026-06-06,Direct,Mobile,3,0,0,0
2025-11-03,Direct,Mobile,4,0,0,0
2025-03-13,Google Shopping,Tablet,0,0,0,0
2025-07-23,Direct,Desktop,1,0,0,0
2025-03-18,Affiliate,Tablet,0,0,0,0
2025-12-05,Email,Tablet,0,0,0,0
2025-10-18,Email,Mobile,3,1,0,0
2025-11-14,Google Search,Tablet,0,0,0,0
2025-08-12,Affiliate,Tablet,0,0,0,0
2025-10-25,Meta Ads,Tablet,0,0,0,0
2025-06-10,Google_Shopping,Mobile,8,0,0,0
2025-11-27,Affiliate,Tablet,2,0,0,0
2025-09-02,Direct,Mobile,5,0,0,0
2025-11-26,Meta Ads,Tablet,3,0,0,0
2026-01-13,Affiliate,Mobile,1,1,0,0
2025-04-08,Meta Ads,Mobile,10,0,0,0
2025-10-21,Google Search,Mobile,10,0,0,0
2026-03-30,Google Search,Mobile,9,0,0,0
2025-05-11,Google Search,Mobile,11,0,0,0
2026-01-08,Email,Desktop,0,0,0,0
2026-05-06,Organic Search,Desktop,5,1,0,0
2025-12-28,AFFILIATE,Mobile,1,0,0,0
2026-03-11,Google Search,Desktop,2,0,0,0
2025-08-17,Google Search,Tablet,2,0,0,0
2025-02-17,Email,Desktop,0,0,0,0
2025-11-29,Meta Ads,Desktop,13,0,0,0
2025-04-29,Meta Ads,Tablet,2,0,0,0
2025-08-14,DIRECT,Tablet,0,0,0,0
2025-10-19,Meta Ads,Desktop,9,0,0,0
2025-04-14,Direct,Desktop,4,0,0,0
2025-10-09,Google Search,Mobile,8,0,0,0
2025-08-05,Google Search,Tablet,2,0,0,0
2025-02-15,GOOGLE SHOPPING,Tablet,0,0,0,0
2025-01-11,Organic Search,Tablet,0,0,0,0
2025-10-26,Email,Tablet,1,1,0,0
2026-03-04,Organic Search,Tablet,1,0,0,0
2025-08-02,Direct,Tablet,0,0,0,0
2026-06-09,Email,Mobile,3,0,0,0
2026-01-15,Google Shopping,Mobile,7,0,0,0
2025-09-07,Direct,Mobile,4,1,1,1
2025-08-02,Google  Search,Desktop,4,0,0,0
2025-04-19,SEO,Mobile,5,1,0,0
2025-03-24,Google Search,Desktop,8,2,2,2
2026-01-17,Google Shopping,Mobile,2,0,0,0
2025-07-29,Google  Search,Tablet,1,0,0,0
2025-04-30,Google Search,Tablet,1,0,0,0
2026-01-11,Direct,Tablet,0,0,0,0
2025-05-18,(direct),Desktop,3,2,0,0
2026-04-16,Direct,Tablet,0,0,0,0
2025-06-23,Direct,Tablet,1,0,0,0
2025-01-26,Google Shopping,Desktop,3,0,0,0
2026-04-03,Google Shopping,Tablet,0,0,0,0
2026-06-18,Affiliate,Tablet,1,0,0,0
2026-01-16,Affiliate,Desktop,1,0,0,0
2025-11-05,DIRECT,Mobile,4,0,0,0
2025-01-06,Organic Search,Tablet,0,0,0,0
2026-06-25,Google Shopping,Tablet,1,0,0,0
2025-06-14,google shopping,Desktop,1,0,0,0
2025-02-03,Meta Ads,Mobile,10,1,1,0
2026-05-17,Google Search,Mobile,13,1,1,1
2025-07-22,google shopping,Desktop,6,1,0,0
2025-02-10,Affiliate,Mobile,5,0,0,0
2025-01-30,Organic_Search,Desktop,5,1,1,0
2026-01-28,google shopping,Mobile,11,0,0,0
2025-12-13,Affiliate,Tablet,0,0,0,0
2025-04-10,Affiliate,Tablet,0,0,0,0
2026-03-29,Facebook/Instagram Ads,Tablet,2,0,0,0
2025-12-19,AFFILIATE,Desktop,1,0,0,0
2025-03-07,Google Shopping,Mobile,2,0,0,0
2025-10-10,Google Search,Mobile,10,0,0,0
2025-07-30,Google Shopping,Desktop,2,0,0,0
2025-09-11,google search,Mobile,15,0,0,0
2025-05-31,Meta Ads,Mobile,21,2,2,1
2026-02-25,Meta Ads,Mobile,9,1,0,0
2026-04-27,Google Shopping,Mobile,4,1,1,1
2025-02-25,Meta Ads,Desktop,7,0,0,0
2025-07-14,Google Shopping,Desktop,0,0,0,0
2025-06-11,Direct,Desktop,4,0,0,0
2025-05-13,Google Shopping,Mobile,9,0,0,0
2026-06-24,Meta Ads,Mobile,30,0,0,0
2025-10-08,Affiliate,Desktop,0,0,0,0
2025-05-01,Direct,Mobile,7,0,0,0
2026-02-12,google search,Desktop,6,0,0,0
2025-08-13,Google Shopping,Desktop,2,0,0,0
2025-01-30,Direct,Tablet,0,0,0,0
2026-04-14,Google_Shopping,Desktop,8,1,1,1
2025-12-12,Affiliate,Desktop,2,0,0,0
2025-06-09,Affiliate,Mobile,2,1,1,0
2025-08-20,Google Search,Tablet,4,0,0,0
2025-05-10,EMAIL,Tablet,1,0,0,0
2025-03-14,Direct,Desktop,2,0,0,0
2025-06-02,Meta Ads,Desktop,2,0,0,0
2025-06-18,Email,Mobile,7,0,0,0
2026-01-06,GOOGLE SHOPPING,Mobile,6,1,1,0
2025-04-11,Organic Search,Tablet,0,0,0,0
2025-08-08,Direct,Mobile,0,0,0,0
2026-06-28,Organic Search,Tablet,2,0,0,0
2026-06-18,AFFILIATE,Mobile,2,0,0,0
2025-11-04,Meta Ads,Mobile,14,0,0,0
2025-02-18,Organic Search,Desktop,3,0,0,0
2026-03-25,Google_Search,Mobile,3,0,0,0
2025-07-22,Email,Desktop,5,1,1,0
2025-04-03,affiliate,Desktop,2,0,0,0
2025-10-11,Affiliate,Tablet,1,0,0,0
2026-01-02,Organic Search,Tablet,1,0,0,0
2026-05-28,(direct),Mobile,3,0,0,0
2025-12-14,organic search,Tablet,2,0,0,0
2026-04-14,Email Marketing,Desktop,1,0,0,0
2026-02-28,direct,Mobile,2,0,0,0
2025-10-05,Direct,Mobile,2,0,0,0
2026-05-25,Email,Mobile,3,0,0,0
2025-12-04,Meta Ads,Tablet,2,0,0,0
2025-11-24,Meta Ads,Mobile,31,0,0,0
2025-07-30,Email,Desktop,0,0,0,0
2025-07-20,direct,Tablet,0,0,0,0
2026-03-01,Organic_Search,Desktop,7,1,1,0
2025-02-25,google shopping,Desktop,3,0,0,0
2026-04-19,Google Search,Tablet,3,1,1,1
2025-03-02,Organic Search,Desktop,3,0,0,0
2026-06-26,Organic Search,Tablet,1,0,0,0
2025-08-12,Google Search,Mobile,7,1,0,0
2025-06-14,Affiliate,Mobile,2,1,1,0
2026-01-16,Google Search,Desktop,5,0,0,0
2025-10-17,Email,Mobile,3,1,1,0
2025-12-09,GOOGLE SEARCH,Mobile,7,0,0,0
2025-05-15,FB/IG Ads,Tablet,0,0,0,0
2025-10-11,Email,Desktop,1,0,0,0
2026-02-24,Direct,Mobile,4,0,0,0
2025-11-05,Email,Tablet,1,0,0,0
2026-06-17,Affiliate,Desktop,3,0,0,0
2025-06-15,Meta Ads,Mobile,13,1,0,0
2025-02-27,GOOGLE SEARCH,Mobile,13,1,0,0
2025-01-15,affiliate,Tablet,0,0,0,0
2025-02-21,Organic Search,Tablet,0,0,0,0
2026-04-02,Google Shopping,Desktop,4,1,1,0
2025-09-30,Meta Ads,Mobile,18,2,1,1
2025-04-30,Google Search,Mobile,12,1,1,0
2025-08-27,Meta Ads,Tablet,1,1,0,0
2026-04-06,Email,Mobile,2,1,0,0
2025-08-08,organic search,Tablet,4,1,1,1
2025-06-02,Email,Tablet,0,0,0,0
2026-06-13,Direct,Desktop,5,0,0,0
2025-07-22,organic search,Desktop,7,0,0,0
2025-08-06,Google Search,Mobile,7,0,0,0
2025-03-16,Organic Search,Desktop,1,0,0,0
2025-03-26,Google Shopping,Desktop,2,0,0,0
2025-04-20,Organic Search,Desktop,0,0,0,0
2025-09-06,Organic Search,Mobile,6,1,1,1
2025-05-03,Google  Search,Mobile,10,4,4,2
2025-01-05,Organic Search,Tablet,0,0,0,0
2025-02-13,DIRECT,Desktop,1,0,0,0
2025-08-01,Meta Ads,Tablet,4,1,0,0
2025-11-13,Direct,Tablet,0,0,0,0
2025-10-03,Email,Tablet,0,0,0,0
2025-03-27,meta ads,Tablet,1,0,0,0
2025-08-20,Affiliate,Mobile,3,0,0,0
2025-03-31,DIRECT,Tablet,0,0,0,0
2025-05-27,google shopping,Mobile,9,1,1,1
2025-12-28,Meta Ads,Tablet,1,0,0,0
2026-03-26,Google Shopping,Tablet,0,0,0,0
2025-01-26,Organic Search,Desktop,5,1,1,0
2026-05-18,direct,Mobile,2,1,1,0
2025-08-11,Google Search,Desktop,6,0,0,0
2025-04-09,Affiliate ,Mobile,1,0,0,0
2025-01-07,Email,Tablet,0,0,0,0
2025-01-18,Organic_Search,Tablet,0,0,0,0
2025-11-26,Direct,Tablet,0,0,0,0
2025-06-26,Organic_Search,Desktop,2,0,0,0
2026-04-02,Google Search,Desktop,2,0,0,0
2025-04-22,(direct),Mobile,5,0,0,0
2026-03-06,Google_Search,Mobile,9,1,0,0
2026-06-30,(direct),Mobile,4,0,0,0
2025-04-08,Google Shopping,Desktop,1,0,0,0
2026-02-14,Direct,Mobile,6,0,0,0
2026-03-04,Affiliate,Tablet,0,0,0,0
2025-12-21,google search,Tablet,4,0,0,0
2025-02-01,Facebook/Instagram Ads,Tablet,2,0,0,0
2025-06-27,Meta Ads,Tablet,4,0,0,0
2025-05-18,Affiliate,Tablet,0,0,0,0
2026-02-12,Email,Desktop,4,0,0,0
2025-07-27,Affiliate,Tablet,1,0,0,0
2025-02-14,DIRECT,Desktop,0,0,0,0
2025-10-19,Organic_Search,Mobile,6,1,0,0
2026-06-22,Google Shopping,Desktop,8,0,0,0
2026-05-04,Direct,Desktop,1,1,1,1
2026-01-17,Meta Ads,Tablet,1,0,0,0
2025-04-01,Google Shopping,Mobile,3,0,0,0
2026-06-14,Affiliate ,Tablet,0,0,0,0
2026-06-16,Google Shopping,Desktop,3,0,0,0
2025-03-06,Google Search,Mobile,3,0,0,0
2025-04-23,Facebook/Instagram Ads,Mobile,14,0,0,0
2025-10-04,Google  Search,Tablet,3,0,0,0
2025-03-25,Affiliate,Tablet,1,0,0,0
2025-04-24,(direct),Tablet,1,1,0,0
2025-10-02,Google Search,Mobile,9,2,2,0
2026-04-17,Meta Ads,Mobile,23,0,0,0
2025-05-07,Google Shopping,Tablet,1,0,0,0
2025-11-24,Google_Search,Tablet,3,0,0,0
2025-05-24,Direct,Mobile,7,0,0,0
2025-09-28,EMAIL,Desktop,0,0,0,0
2025-07-18,Affiliate,Tablet,0,0,0,0
2025-01-26,Email,Desktop,0,0,0,0
2025-11-04,Email,Tablet,0,0,0,0
2025-11-26,Direct,Mobile,8,3,3,0
2025-07-24,Affiliate,Mobile,2,0,0,0
2025-10-30,AFFILIATE,Mobile,3,1,1,1
2025-07-18,Meta Ads,Mobile,13,0,0,0
2025-01-17,Google Shopping,Desktop,1,0,0,0
2025-07-12,Google Shopping,Desktop,2,0,0,0
2025-08-20,Google Search,Desktop,9,0,0,0
2025-11-12,Meta Ads,Mobile,19,0,0,0
2026-05-27,email,Tablet,0,0,0,0
2026-02-18,Email,Desktop,2,0,0,0
2026-02-01,(direct),Tablet,1,0,0,0
2026-03-31,Organic_Search,Desktop,4,0,0,0
2025-12-06,Organic Search,Tablet,1,0,0,0
2025-02-27,Google Shopping,Desktop,2,0,0,0
2026-06-12,Email,Desktop,2,1,0,0
2025-01-04,Organic Search,Tablet,1,1,1,1
2025-04-25,Email Marketing,Mobile,5,1,1,0
2026-03-30,GOOGLE SHOPPING,Tablet,2,0,0,0
2025-01-06,Affiliate,Mobile,2,0,0,0
2025-09-16,Affiliate,Tablet,1,0,0,0
2025-10-28,EMAIL,Desktop,2,0,0,0
2025-07-15,GOOGLE SHOPPING,Desktop,2,0,0,0
2025-03-11,Meta Ads,Desktop,5,0,0,0
2025-05-08,Email,Desktop,5,0,0,0
2025-08-15,Direct,Desktop,1,1,1,1
2025-06-04,Affiliate,Tablet,2,0,0,0
2026-05-29,Google Shopping,Mobile,3,0,0,0
2025-10-31,organic search,Mobile,8,0,0,0
2025-04-10,Email,Desktop,2,0,0,0
2025-04-11,Meta Ads,Desktop,8,2,2,2
2025-04-29,Meta_Ads,Mobile,12,0,0,0
2025-03-06,Organic Search,Desktop,9,0,0,0
2026-03-16,Affiliate,Tablet,0,0,0,0
2025-09-24,Organic Search,Desktop,5,0,0,0
2025-02-16,Meta Ads,Tablet,0,0,0,0
2025-05-11,SEO,Desktop,2,1,1,1
2026-01-10,Direct,Desktop,0,0,0,0
2025-06-16,Organic Search,Tablet,2,0,0,0
2025-12-06,Direct,Mobile,11,1,1,1
2025-07-27,Google Search,Desktop,4,0,0,0
2025-05-11,Google Search,Desktop,3,1,1,0
2026-02-15,Affiliate,Desktop,0,0,0,0
2025-01-25,Direct,Mobile,1,0,0,0
2026-04-05,Affiliate,Tablet,0,0,0,0
2025-08-25,Affiliate,Desktop,2,0,0,0
2026-04-30,GOOGLE SHOPPING,Tablet,4,0,0,0
2026-02-19,meta ads,Desktop,8,0,0,0
2025-03-26,Direct,Mobile,4,0,0,0
2025-08-03,affiliate,Tablet,2,0,0,0
2026-04-10,Direct,Tablet,1,0,0,0
2026-01-09,Direct,Tablet,0,0,0,0
2026-05-26,Email,Tablet,0,0,0,0
2025-05-25,Affiliate,Mobile,4,0,0,0
2025-02-28,GOOGLE SEARCH,Tablet,1,0,0,0
2025-09-16,Direct,Desktop,2,1,0,0
2025-06-15,Direct,Tablet,0,0,0,0
2025-11-03,Organic Search,Mobile,11,0,0,0
2025-04-22,Organic Search,Desktop,2,0,0,0
2026-06-05,Direct,Mobile,4,0,0,0
2025-11-22,Google Search,Desktop,6,2,1,1
2025-05-29,Google Search,Tablet,0,0,0,0
2026-04-09,Affiliate,Mobile,2,0,0,0
2025-02-11,Organic Search,Mobile,8,1,1,0
2025-07-07,DIRECT,Mobile,2,0,0,0
2026-05-18,Google Shopping,Tablet,0,0,0,0
2026-03-22,Google Search,Mobile,11,2,1,1
2026-02-23,Google Shopping,Desktop,2,0,0,0
2025-10-22,Organic Search,Mobile,13,1,0,0
2026-01-20,DIRECT,Desktop,2,0,0,0
2026-04-25,Affiliate,Desktop,2,0,0,0
2025-12-19,Meta Ads,Mobile,17,0,0,0
2026-02-11,direct,Mobile,4,0,0,0
2026-06-07,Organic Search,Tablet,1,0,0,0
2026-04-01,Google Shopping,Desktop,7,0,0,0
2025-10-06,Email,Tablet,0,0,0,0
2025-05-15,Affiliate,Tablet,0,0,0,0
2026-02-08,Direct,Tablet,0,0,0,0
2025-08-09,Email,Desktop,1,0,0,0
2025-03-03,email,Tablet,1,1,1,0
2025-03-26,Direct,Desktop,2,0,0,0
2026-02-13,email,Mobile,4,1,0,0
2025-09-06,Affiliate ,Mobile,0,0,0,0
2025-09-03,Google Shopping,Mobile,8,2,2,1
2025-11-14,direct,Desktop,3,1,0,0
2025-11-21,AFFILIATE,Mobile,1,0,0,0
2025-04-05,Google Shopping,Mobile,6,0,0,0
2026-02-07,Google Search,Tablet,0,0,0,0
2026-01-25,Direct,Desktop,1,1,0,0
2025-07-28,Meta Ads,Desktop,6,1,1,1
2025-07-20,Email,Tablet,0,0,0,0
2025-06-25,Direct,Desktop,1,0,0,0
2025-04-19,Google Shopping,Tablet,0,0,0,0
2025-10-30,Email Marketing,Tablet,0,0,0,0
2025-06-05,Google Search,Mobile,7,1,1,1
2025-05-02,Direct,,1,0,0,0
2026-04-04,Affiliate,Desktop,1,0,0,0
2025-10-24,Affiliate,Desktop,1,0,0,0
2025-05-23,Organic Search,Tablet,2,0,0,0
2025-06-28,Affiliate ,Mobile,7,2,1,1
2026-03-24,Email,Desktop,1,0,0,0
2025-02-11,Meta Ads,Tablet,0,0,0,0
2025-07-30,Email,Tablet,0,0,0,0
2025-11-22,Direct,Tablet,0,0,0,0
2025-02-17,Organic Search,Tablet,0,0,0,0
2025-06-29,Email,Desktop,4,0,0,0
2025-05-30,Organic Search,Mobile,8,0,0,0
2025-08-04,Google Shopping,Tablet,1,0,0,0
2025-05-04,Affiliate,Mobile,0,0,0,0
2026-03-27,Direct,Tablet,0,0,0,0
2026-05-03,SEO,Desktop,6,0,0,0
2025-10-11,Google Shopping,Mobile,7,1,0,0
2026-02-28,email,Tablet,0,0,0,0
2025-02-04,Meta Ads,Desktop,4,0,0,0
2025-10-30,Google Search,Mobile,9,1,0,0
2025-07-25,Direct,Tablet,1,0,0,0
2025-12-08,DIRECT,Desktop,2,1,1,1
2025-02-05,Affiliate,Desktop,1,0,0,0
2025-01-22,Organic Search,Mobile,6,0,0,0
2025-03-18,Google Shopping,Tablet,1,0,0,0
2025-12-04,Affiliate,Mobile,4,0,0,0
2026-06-08,Direct,Mobile,5,1,0,0
2025-12-11,Organic_Search,Desktop,6,1,0,0
2025-10-16,Email,Tablet,0,0,0,0
2025-04-25,Google Search,Tablet,1,0,0,0
2025-10-06,Google Search,Mobile,9,2,0,0
2025-10-13,Direct,Tablet,0,0,0,0
2026-01-11,Affiliate,Mobile,1,0,0,0
2026-01-27,Email,Desktop,3,0,0,0
2025-11-02,Google Search,Mobile,12,0,0,0
2026-06-27,Organic Search,Tablet,0,0,0,0
2026-05-05,Affiliate,Mobile,2,0,0,0
2026-02-19,Email Marketing,Desktop,1,0,0,0
2025-03-27,email,Mobile,5,0,0,0
2025-01-02,Meta Ads,Desktop,9,0,0,0
2026-04-24,Email,Desktop,2,0,0,0
2025-07-07,SEO,Desktop,8,1,1,0
2025-09-08,Direct,Mobile,4,1,1,0
2026-02-10,google search,Tablet,0,0,0,0
2025-11-22,FB/IG Ads,Mobile,16,0,0,0
2025-10-08,Meta Ads,Tablet,2,0,0,0
2025-07-16,Meta Ads,Tablet,3,0,0,0
2025-04-27,Direct,Tablet,0,0,0,0
2025-12-03,organic search,Tablet,2,0,0,0
2025-07-05,Email,Tablet,1,1,0,0
2026-06-11,Meta Ads,Tablet,3,0,0,0
2026-03-31,Google Search,Tablet,2,0,0,0
2025-05-02,GOOGLE SEARCH,Mobile,5,0,0,0
2025-10-06,Affiliate,Mobile,1,0,0,0
2025-01-21,AFFILIATE,Mobile,2,0,0,0
2025-06-25,Email,Desktop,1,0,0,0
2025-10-25,Affiliate,Mobile,1,0,0,0
2025-09-13,google shopping,Desktop,6,0,0,0
2025-04-17,Direct,Desktop,2,0,0,0
2025-08-21,affiliate,Desktop,0,0,0,0
2025-04-05,Google Search,Desktop,5,1,1,1
2026-02-06,Organic Search,Desktop,2,1,0,0
2025-04-17,Affiliate,Desktop,0,0,0,0
2026-05-12,Meta Ads,Mobile,20,0,0,0
2025-12-09,Organic Search,Desktop,4,0,0,0
2025-05-13,Direct,Desktop,2,0,0,0
2025-08-30,Google Search,Mobile,10,2,0,0
2025-07-29,Google_Search,Mobile,5,0,0,0
2025-06-09,email,Desktop,2,1,1,1
2025-10-17,Google Search,Tablet,0,0,0,0
2025-02-06,Google Shopping,Mobile,2,1,0,0
2025-08-30,Organic_Search,Desktop,4,0,0,0
2025-10-20,Direct,Desktop,3,1,0,0
2026-03-19,Direct,Desktop,1,0,0,0
2025-03-24,Google Search,Tablet,1,0,0,0
2025-01-15,Google Shopping,Tablet,0,0,0,0
2025-08-08,SEO,Mobile,9,2,2,0
2026-05-30,Google Shopping,Desktop,1,0,0,0
2025-01-08,Affiliate,Tablet,0,0,0,0
2025-01-03,Affiliate,Tablet,0,0,0,0
2026-05-04,Email,Mobile,2,1,0,0
2025-05-03,Direct,Desktop,5,1,1,0
2025-10-05,Meta Ads,Tablet,0,0,0,0
2025-03-09,Google Search,Desktop,2,0,0,0
2025-02-20,Google Shopping,Tablet,1,0,0,0
2026-02-17,Google_Search,Tablet,2,0,0,0
2025-07-03,direct,Desktop,1,0,0,0
2025-04-18,organic search,Mobile,5,0,0,0
2025-09-29,EMAIL,Tablet,0,0,0,0
2026-04-07,Google Search,Desktop,1,0,0,0
2026-01-07,affiliate,Tablet,0,0,0,0
2025-12-05,Google Shopping,Mobile,2,1,0,0
2025-02-07,google search,Mobile,9,0,0,0
2025-06-18,GOOGLE SEARCH,Desktop,6,1,1,0
2025-02-16,DIRECT,Desktop,2,0,0,0
2025-10-12,Affiliate ,Tablet,1,0,0,0
2025-05-02,Meta Ads,Desktop,3,0,0,0
2025-10-15,Affiliate ,Desktop,3,0,0,0
2025-03-04,GOOGLE SHOPPING,Desktop,3,2,0,0
2025-03-21,Email,Desktop,3,1,0,0
2025-01-05,GOOGLE SHOPPING,Tablet,3,1,0,0
2025-03-10,Direct,Desktop,2,0,0,0
2025-01-08,direct,Desktop,1,0,0,0
2025-11-01,GOOGLE SHOPPING,Desktop,3,0,0,0
2026-04-18,Direct,Desktop,2,0,0,0
2025-04-20,Affiliate,Tablet,0,0,0,0
2025-08-30,Direct,Mobile,2,0,0,0
2026-04-12,Organic Search,Desktop,6,0,0,0
2025-11-04,Email,Mobile,3,1,1,0
2025-06-28,Organic Search,Desktop,5,1,1,1
2025-07-08,Meta Ads,Mobile,12,0,0,0
2025-07-09,Meta Ads,Tablet,1,0,0,0
2025-05-01,Email,Tablet,1,0,0,0
2025-07-14,Google Search,Desktop,6,0,0,0
2025-11-08,Google_Search,Desktop,4,1,0,0
2025-03-29,Google Search,Mobile,6,0,0,0
2026-05-03,EMAIL,Mobile,5,1,1,0
2025-02-28,Organic_Search,Desktop,3,0,0,0
2025-06-25,Affiliate,Desktop,2,0,0,0
2025-03-31,Affiliate,Desktop,3,0,0,0
2025-12-24,Direct,Tablet,0,0,0,0
2026-05-16,Affiliate,Mobile,6,0,0,0
2025-08-23,Google Search,Tablet,0,0,0,0
2025-11-26,Google Shopping,Tablet,4,0,0,0
2025-04-27,Google Shopping,Tablet,0,0,0,0
2025-06-07,Organic_Search,Tablet,3,0,0,0
2025-01-19,Direct,Mobile,1,0,0,0
2026-06-24,Google Shopping,Desktop,3,0,0,0
2025-08-25,Google Search,Mobile,9,1,0,0
2025-03-02,Affiliate,Tablet,0,0,0,0
2026-05-25,Direct,Mobile,3,0,0,0
2026-04-13,Affiliate,Tablet,0,0,0,0
2025-11-21,Meta Ads,Desktop,11,0,0,0
2025-06-03,EMAIL,Desktop,3,0,0,0
2026-05-27,GOOGLE SEARCH,Tablet,0,0,0,0
2025-09-24,Email,Desktop,2,0,0,0
2026-05-13,FB/IG Ads,Tablet,6,0,0,0
2025-06-28,Email,Desktop,2,0,0,0
2025-08-04,Meta Ads,Mobile,16,0,0,0
2025-03-09,GOOGLE SEARCH,Mobile,11,0,0,0
2026-04-05,Direct,Tablet,0,0,0,0
2025-09-21,Meta Ads,Tablet,2,0,0,0
2025-10-25,Google Search,Tablet,0,0,0,0
2026-03-26,meta ads,Mobile,16,0,0,0
2025-04-30,direct,Mobile,5,1,1,1
2025-05-19,Direct,Tablet,0,0,0,0
2025-06-23,Organic Search,Desktop,3,0,0,0
2025-03-22,Google Shopping,Desktop,2,0,0,0
2026-02-20,Meta Ads,Mobile,12,0,0,0
2025-10-01,Email,Desktop,3,0,0,0
2026-06-09,Organic Search,Tablet,1,0,0,0
2025-12-05,Email,Mobile,3,2,0,0
2025-05-13,Email,Desktop,3,0,0,0
2025-07-06,Meta Ads,Tablet,2,0,0,0
2026-03-08,Organic Search,Tablet,2,0,0,0
2026-01-22,EMAIL,Mobile,0,0,0,0
2025-10-13,Email,Desktop,6,0,0,0
2025-10-18,Google_Shopping,Desktop,8,0,0,0
2025-02-20,Direct,Mobile,4,0,0,0
2025-10-20,Google Search,Mobile,13,1,1,0
2025-03-22,Email,Desktop,2,2,2,2
2025-12-30,Organic Search,Tablet,0,0,0,0
2026-04-17,Organic Search,Mobile,11,0,0,0
2025-08-10,Email,Desktop,3,0,0,0
2025-11-08,Meta Ads,Mobile,15,1,1,0
2025-02-02,Google Search,Tablet,0,0,0,0
2025-04-28,SEO,Tablet,1,0,0,0
2025-10-27,Meta Ads,Desktop,10,0,0,0
2026-02-09,Direct,Tablet,4,0,0,0
2026-06-25,Meta Ads,Desktop,8,2,2,0
2025-05-02,EMAIL,Mobile,10,1,1,1
2026-02-17,Affiliate,Mobile,2,0,0,0
2026-03-08,Affiliate,Tablet,0,0,0,0
2025-10-04,Affiliate,Desktop,2,0,0,0
2025-08-09,DIRECT,Tablet,1,0,0,0
2026-06-13,Google Search,Mobile,6,1,0,0
2025-03-29,Email Marketing,Tablet,1,0,0,0
2025-08-01,Affiliate,Mobile,4,0,0,0
2025-01-27,Google Search,Mobile,6,1,1,0
2026-03-06,Meta Ads,Desktop,13,0,0,0
2025-09-27,Organic Search,Mobile,11,2,0,0
2025-04-24,Google Search,Mobile,8,1,1,1
2025-06-01,Google Search,Mobile,4,0,0,0
2025-06-23,Direct,Mobile,4,0,0,0
2026-01-07,Organic Search,Desktop,3,0,0,0
2026-04-18,Google_Search,Desktop,10,1,1,1
2025-11-22,Organic Search,Tablet,0,0,0,0
2025-06-05,Google Search,Tablet,1,1,1,0
2025-03-27,Organic Search,Mobile,6,2,1,0
2026-01-08,Email,Tablet,0,0,0,0
2025-04-16,Direct,Tablet,0,0,0,0
2025-11-30,Google Shopping,Tablet,3,0,0,0
2025-03-13,Google Shopping,Desktop,4,0,0,0
2026-01-29,Affiliate,Desktop,1,0,0,0
2025-10-03,Organic Search,Tablet,1,0,0,0
2025-04-09,Meta Ads,Mobile,15,2,2,2
2026-01-12,Direct,Desktop,2,1,1,1
2025-11-22,Direct,Mobile,2,1,1,0
2026-06-26,GOOGLE SHOPPING,Mobile,6,0,0,0
2025-12-11,Affiliate ,Tablet,0,0,0,0
2025-09-26,affiliate,Desktop,1,0,0,0
2026-02-16,Email,Mobile,3,0,0,0
2026-02-08,Organic Search,Mobile,11,2,1,0
2025-05-05,Meta Ads,Tablet,1,0,0,0
2025-02-15,Affiliate,Mobile,0,0,0,0
2025-05-02,Direct,Desktop,1,0,0,0
2025-08-31,Google Search,Desktop,4,0,0,0
2026-05-25,Organic Search,Desktop,5,1,1,1
2025-12-21,Email,Mobile,8,0,0,0
2025-08-19,Google Search,Tablet,1,0,0,0
2026-03-29,Google Search,Desktop,5,2,0,0
2025-09-20,Email,Mobile,4,1,0,0
2026-03-09,Direct,Tablet,0,0,0,0
2025-04-29,Organic Search,Mobile,3,0,0,0
2026-02-10,Direct,Tablet,0,0,0,0
2026-02-16,Google Search,Tablet,0,0,0,0
2025-11-10,Meta_Ads,Desktop,11,0,0,0
2025-10-13,Organic Search,Tablet,2,0,0,0
2025-08-08,Email,Tablet,1,0,0,0
2025-02-22,Organic Search,Desktop,3,1,1,0
2026-03-16,Email,Tablet,1,0,0,0
2025-03-28,Direct,Desktop,0,0,0,0
2025-12-14,Meta Ads,Tablet,5,0,0,0
2025-07-18,Google Shopping,Desktop,3,0,0,0
2025-09-03,google shopping,Tablet,1,0,0,0
2026-02-26,Google Search,Tablet,0,0,0,0
2025-12-07,google shopping,Mobile,3,0,0,0
2026-05-22,Google Search,Tablet,0,0,0,0
2026-06-21,Google Shopping,Tablet,1,0,0,0
2026-04-25,AFFILIATE,Mobile,2,0,0,0
2025-11-21,Email Marketing,Mobile,5,0,0,0
2025-08-19,Affiliate,Mobile,0,0,0,0
2025-09-25,Organic_Search,Tablet,0,0,0,0
2026-06-01,Email,Tablet,2,1,1,1
2026-06-18,Email Marketing,Tablet,0,0,0,0
2025-05-22,Affiliate,Tablet,3,0,0,0
2025-01-03,Google Shopping,Mobile,1,0,0,0
2026-05-27,Affiliate,Tablet,0,0,0,0
2026-01-29,google search,Desktop,3,0,0,0
2026-03-16,meta ads,Desktop,8,1,0,0
2025-10-16,GOOGLE SEARCH,Tablet,2,0,0,0
2025-11-11,direct,Tablet,1,0,0,0
2025-06-27,Google Search,Mobile,10,2,1,0
2025-05-23,Meta Ads,Desktop,9,0,0,0
2026-04-07,Meta Ads,Mobile,18,1,1,0
2025-02-28,affiliate,Mobile,2,0,0,0
2025-11-11,Affiliate,Tablet,0,0,0,0
2025-11-05,google search,Mobile,11,1,0,0
2026-06-10,Organic Search,Desktop,7,1,1,1
2026-05-17,Google_Shopping,Tablet,0,0,0,0
2025-12-29,Email,Mobile,1,0,0,0
2025-01-06,Email,Desktop,1,0,0,0
2025-06-28,organic search,Mobile,10,0,0,0
2025-01-10,Organic Search,Mobile,3,2,1,0
2026-06-08,Email,Tablet,2,0,0,0
2026-03-05,Organic Search,Desktop,2,0,0,0
2025-11-02,Email,Tablet,3,1,0,0
2026-05-09,Organic Search,Desktop,5,1,0,0
2025-01-01,Email Marketing,Tablet,1,0,0,0
2025-03-26,Affiliate,Tablet,0,0,0,0
2025-02-06,Email,Mobile,6,1,1,0
2025-04-04,Email Marketing,Mobile,2,0,0,0
2026-03-08,EMAIL,Mobile,3,0,0,0
2026-01-27,Affiliate ,Desktop,0,0,0,0
2025-05-28,affiliate,Tablet,0,0,0,0
2025-08-20,Email Marketing,Tablet,0,0,0,0
2025-06-10,(direct),Desktop,3,1,0,0
2025-07-21,Google Search,Mobile,3,0,0,0
2026-01-11,Meta Ads,Desktop,8,1,1,0
2025-10-17,Email,Tablet,0,0,0,0
2026-04-25,Email,Tablet,2,0,0,0
2026-05-24,Email,Desktop,8,2,1,1
2025-10-04,Affiliate ,Mobile,4,0,0,0
2025-11-27,Meta Ads,Tablet,8,0,0,0
2025-01-20,Email,Tablet,0,0,0,0
2025-09-11,Google Search,Desktop,5,1,1,1
2026-06-08,Google Shopping,Desktop,4,0,0,0
2025-09-09,Affiliate,Mobile,2,0,0,0
2025-11-20,Affiliate,Desktop,2,0,0,0
2026-03-18,meta ads,Tablet,2,0,0,0
2025-12-27,Email,Desktop,0,0,0,0
2025-07-05,Google Search,Desktop,3,0,0,0
2025-07-01,Email,Desktop,3,1,1,1
2025-10-29,Google Shopping,Mobile,9,1,0,0
2025-07-26,Affiliate,Desktop,0,0,0,0
2025-05-05,DIRECT,Mobile,3,2,1,0
2025-12-07,Affiliate ,Tablet,0,0,0,0
2025-09-09,Organic Search,Desktop,1,0,0,0
2025-03-11,Email,Desktop,1,1,0,0
2025-09-11,Affiliate,Mobile,2,0,0,0
2025-01-13,Meta Ads,Mobile,9,0,0,0
2025-04-03,Email,Desktop,2,0,0,0
2026-03-14,SEO,Mobile,12,0,0,0
2025-03-29,Email,Mobile,4,3,3,1
2026-05-03,Direct,Mobile,7,1,1,0
2026-05-13,Email Marketing,Desktop,0,0,0,0
2026-04-30,organic search,Tablet,2,0,0,0
2026-03-19,Email,Mobile,1,0,0,0
2026-01-04,Organic Search,Tablet,0,0,0,0
2025-06-18,Google Search,Tablet,1,0,0,0
2025-06-08,Google Shopping,Tablet,1,0,0,0
2025-01-19,Organic Search,Desktop,2,1,1,1
2026-02-21,Google Shopping,Desktop,4,0,0,0
2025-01-25,GOOGLE SHOPPING,Desktop,3,0,0,0
2025-12-04,Google Search,Desktop,1,0,0,0
2025-08-09,google search,Mobile,7,0,0,0
2025-08-06,Google Shopping,Tablet,1,0,0,0
2025-04-16,google shopping,Desktop,1,0,0,0
2025-05-08,Organic Search,Tablet,2,0,0,0
2026-06-23,Affiliate ,Mobile,4,0,0,0
2025-06-07,Affiliate,Mobile,2,0,0,0
2026-05-14,Affiliate,Mobile,2,0,0,0
2025-05-07,Google Search,Desktop,6,0,0,0
2026-03-08,Google Search,Desktop,8,1,1,0
2025-10-25,Direct,Tablet,1,0,0,0
2025-07-10,Meta_Ads,Tablet,4,0,0,0
2026-01-30,Organic Search,Desktop,4,1,0,0
2026-02-25,direct,Mobile,3,0,0,0
2026-06-01,Google Search,Tablet,2,0,0,0
2025-02-14,Google Search,Desktop,4,0,0,0
2025-09-29,Direct,Tablet,0,0,0,0
2026-02-04,Organic Search,Tablet,1,0,0,0
2026-06-09,Email,Desktop,1,0,0,0
2025-01-04,Email,Desktop,0,0,0,0
2026-01-03,Google Search,Desktop,4,0,0,0
2025-03-18,AFFILIATE,Desktop,1,0,0,0
2025-10-02,Direct,Desktop,3,0,0,0
2025-12-08,Organic Search,Mobile,11,0,0,0
2026-06-11,Email,Tablet,2,1,0,0
2026-04-02,Google Search,Tablet,0,0,0,0
2025-04-22,Direct,Tablet,1,0,0,0
2026-05-13,Direct,Desktop,1,0,0,0
2026-01-20,organic search,Tablet,1,0,0,0
2025-02-17,Email,Mobile,6,1,1,1
2025-01-11,Direct,Tablet,0,0,0,0
2026-01-20,Email,Desktop,1,1,1,1
2025-11-19,google shopping,Tablet,0,0,0,0
2026-05-30,Meta Ads,Mobile,29,0,0,0
2025-04-10,email,Tablet,1,0,0,0
2025-04-07,Email,Desktop,5,0,0,0
2025-11-14,Email,Desktop,3,0,0,0
2025-06-11,Meta Ads,Mobile,15,0,0,0
2025-04-18,Google Shopping,Mobile,6,1,0,0
2026-04-24,Email,Mobile,6,2,2,0
2026-05-19,Google  Search,Desktop,9,3,3,3
2026-04-05,direct,Mobile,3,0,0,0
2025-09-03,Direct,Desktop,2,0,0,0
2025-09-04,Email,Tablet,0,0,0,0
2026-05-07,Meta Ads,Desktop,19,2,2,1
2026-06-29,GOOGLE SHOPPING,Desktop,7,0,0,0
2025-08-26,Google Shopping,Desktop,4,0,0,0
2026-02-16,Direct,Mobile,3,0,0,0
2026-05-08,Direct,Tablet,0,0,0,0
2025-06-11,Affiliate ,Mobile,2,0,0,0
2026-04-03,Meta Ads,Mobile,17,1,1,0
2026-05-27,Direct,Desktop,2,0,0,0
2026-06-25,Email,Tablet,3,0,0,0
2026-01-26,direct,Mobile,1,0,0,0
2025-08-27,Google Shopping,Tablet,0,0,0,0
2026-05-08,EMAIL,Desktop,1,0,0,0
2025-11-29,Organic Search,Tablet,3,0,0,0
2025-04-21,Meta Ads,Mobile,12,1,0,0
2026-01-25,Organic Search,Mobile,4,0,0,0
2025-04-09,Direct,Mobile,5,2,1,1
2026-04-26,FB/IG Ads,Desktop,11,0,0,0
2025-12-17,AFFILIATE,Tablet,0,0,0,0
2025-09-28,Google Search,Tablet,1,0,0,0
2025-11-06,google shopping,Tablet,3,0,0,0
2025-11-18,(direct),Desktop,3,0,0,0
2025-04-05,Direct,Tablet,0,0,0,0
2026-05-31,(direct),Desktop,4,0,0,0
2026-06-10,Meta Ads,Tablet,4,0,0,0
2026-05-04,Google Shopping,Tablet,1,0,0,0
2025-03-24,Meta Ads,Mobile,12,0,0,0
2025-10-20,Google Search,Tablet,1,0,0,0
2026-03-27,GOOGLE SEARCH,Desktop,4,0,0,0
2026-01-23,Affiliate,Tablet,0,0,0,0
2026-04-16,Organic Search,Tablet,0,0,0,0
2025-03-19,Meta_Ads,Desktop,4,2,1,1
2025-03-05,EMAIL,Tablet,0,0,0,0
2026-01-12,Email Marketing,Desktop,1,0,0,0
2025-04-05,Meta Ads,Desktop,6,0,0,0
2025-09-13,Direct,Mobile,1,0,0,0
2026-06-17,Organic Search,Tablet,1,0,0,0
2026-01-10,Email Marketing,Desktop,1,0,0,0
2025-07-29,Organic Search,Mobile,9,0,0,0
2025-05-10,Affiliate,Mobile,3,0,0,0
2025-10-10,Meta Ads,Mobile,15,1,1,1
2026-01-06,Email,Mobile,4,0,0,0
2025-01-11,FB/IG Ads,Mobile,8,2,2,1
2025-02-09,DIRECT,Mobile,2,0,0,0
2025-06-21,Affiliate,Tablet,0,0,0,0
2025-07-10,Email,Tablet,0,0,0,0
2025-05-09,Affiliate,Mobile,2,0,0,0
2025-12-27,Affiliate ,Tablet,0,0,0,0
2026-04-15,Affiliate ,Tablet,0,0,0,0
2025-06-05,Meta Ads,Mobile,13,1,0,0
2026-05-15,google search,Mobile,9,0,0,0
2025-05-21,Meta Ads,Tablet,3,1,1,1
2026-02-22,AFFILIATE,Mobile,4,0,0,0
2026-03-18,EMAIL,Mobile,3,0,0,0
2025-03-24,organic search,Tablet,2,0,0,0
2025-11-17,Affiliate,Tablet,2,0,0,0
2025-05-05,Organic Search,Mobile,7,0,0,0
2025-11-09,Google Search,Mobile,10,1,1,1
2026-05-01,Email,Tablet,0,0,0,0
2025-12-01,Meta Ads,Tablet,1,0,0,0
2026-06-06,Direct,Tablet,2,1,1,0
2026-05-30,Google Search,Mobile,8,0,0,0
2025-03-24,Meta Ads,Tablet,0,0,0,0
2025-05-11,Google Shopping,Mobile,6,1,1,0
2025-04-22,Email,Tablet,1,1,0,0
2026-01-13,Google Shopping,Desktop,1,0,0,0
2025-08-28,Meta Ads,Mobile,13,1,1,1
2025-04-24,Email,Desktop,0,0,0,0
2026-02-13,Organic Search,Mobile,8,1,0,0
2026-04-15,SEO,Mobile,6,0,0,0
2025-12-08,Google Shopping,Tablet,0,0,0,0
2025-10-22,Email,Desktop,1,0,0,0
2025-06-03,organic search,Desktop,5,0,0,0
2026-06-22,(direct),Tablet,0,0,0,0
2026-05-29,EMAIL,Tablet,1,0,0,0
2025-11-20,Organic Search,Mobile,6,1,0,0
2025-08-23,google shopping,Desktop,1,1,1,0
2025-11-21,Google Shopping,Desktop,3,0,0,0
2025-08-16,AFFILIATE,Desktop,2,0,0,0
2025-01-11,Email Marketing,Mobile,2,0,0,0
2025-03-14,Direct,Mobile,1,0,0,0
2026-05-12,Google Shopping,Tablet,1,0,0,0
2025-03-15,Google Shopping,Tablet,2,0,0,0
2025-02-24,AFFILIATE,Desktop,2,1,1,1
2026-06-13,Affiliate ,Desktop,0,0,0,0
2025-07-22,Google Search,Mobile,14,0,0,0
2025-06-09,Organic Search,Mobile,14,1,1,1
2025-06-16,Affiliate,Tablet,1,0,0,0
2025-02-26,Organic Search,Tablet,6,1,1,1
2025-08-31,Affiliate,Tablet,0,0,0,0
2025-05-17,Email,Tablet,1,0,0,0
2025-07-23,Organic Search,Mobile,7,0,0,0
2025-07-11,Google Search,Tablet,0,0,0,0
2025-05-26,Direct,Mobile,4,2,1,0
2025-11-16,Organic Search,Tablet,0,0,0,0
2026-01-13,Direct,Mobile,4,2,0,0
2026-05-06,organic search,Mobile,8,0,0,0
2025-08-18,meta ads,Desktop,7,0,0,0
2025-09-22,Google Shopping,Mobile,5,1,1,1
2026-01-25,Email,Desktop,1,0,0,0
2025-07-30,Direct,Desktop,5,1,0,0
2025-09-22,Organic Search,Mobile,9,1,0,0
2026-04-01,Google Search,Mobile,7,1,1,0
2025-04-27,Email,Tablet,0,0,0,0
2025-08-14,Meta Ads,Desktop,7,0,0,0
2026-04-26,Direct,,2,0,0,0
2025-06-08,Affiliate,Desktop,2,1,1,0
2025-11-30,Organic Search,Tablet,3,0,0,0
2025-07-11,Google_Search,Desktop,1,0,0,0
2025-01-17,Affiliate,Desktop,0,0,0,0
2025-04-14,Email,Desktop,3,0,0,0
2025-12-09,SEO,Tablet,1,0,0,0
2025-05-21,Organic_Search,Desktop,5,1,1,1
2026-05-01,google shopping,Desktop,3,0,0,0
2026-02-16,Affiliate,Desktop,0,0,0,0
2026-02-17,Direct,Mobile,6,0,0,0
2025-04-01,SEO,Mobile,9,0,0,0
2025-06-15,Google Search,Tablet,4,1,1,0
2025-07-09,Organic Search,Desktop,2,0,0,0
2025-08-31,Direct,Desktop,3,0,0,0
2026-05-24,Facebook/Instagram Ads,Tablet,5,0,0,0
2025-05-23,GOOGLE SEARCH,Tablet,0,0,0,0
2025-02-16,Google Search,Tablet,2,0,0,0
2025-03-21,Meta Ads,Desktop,5,1,0,0
2025-12-04,Direct,Mobile,3,1,1,0
2026-01-12,Google Shopping,Mobile,7,0,0,0
2026-05-08,Google Shopping,Mobile,8,0,0,0
2025-08-05,Email,Desktop,4,0,0,0
2025-04-20,organic search,Tablet,0,0,0,0
2026-04-25,Email,Mobile,3,0,0,0
2026-01-19,Email,Mobile,1,0,0,0
2025-06-18,Organic Search,Mobile,3,0,0,0
2025-05-18,Facebook/Instagram Ads,Tablet,1,0,0,0
2026-03-21,SEO,Mobile,8,0,0,0
2025-07-24,Email,Tablet,0,0,0,0
2025-11-25,Direct,Mobile,9,0,0,0
2025-06-04,Google Shopping,Tablet,1,0,0,0
2025-12-04,Affiliate,Desktop,2,0,0,0
2025-07-13,Direct,Tablet,0,0,0,0
2026-03-26,Google_Search,Desktop,7,2,2,2
2025-10-12,SEO,Mobile,9,2,0,0
2025-10-27,email,Mobile,4,0,0,0
2025-06-06,Google Search,Mobile,3,0,0,0
2025-07-15,Affiliate,Desktop,2,0,0,0
2025-01-17,Google Search,Mobile,1,0,0,0
2025-05-11,Affiliate,Mobile,6,1,1,0
2025-08-16,Meta Ads,Mobile,12,1,1,0
2026-04-08,google search,Mobile,2,0,0,0
2026-03-03,Affiliate,Tablet,0,0,0,0
2026-04-18,Direct,Mobile,3,0,0,0
2026-06-24,Organic Search,Desktop,2,0,0,0
2025-05-14,Meta Ads,Mobile,7,0,0,0
2025-06-24,Organic Search,Desktop,3,1,0,0
2026-04-30,Email,Tablet,0,0,0,0
2026-02-17,Direct,Tablet,1,0,0,0
2026-06-02,Meta Ads,Mobile,15,0,0,0
2026-01-07,Direct,Mobile,2,0,0,0
2026-06-02,Organic Search,Desktop,3,0,0,0
2025-02-05,Google Search,Mobile,6,0,0,0
2025-06-11,Email Marketing,Desktop,6,1,0,0
2025-06-25,Direct,Mobile,3,0,0,0
2025-02-13,Email,Tablet,0,0,0,0
2025-04-23,Google Shopping,Tablet,2,0,0,0
2025-06-19,organic search,Tablet,0,0,0,0
2025-12-18,google search,Mobile,11,0,0,0
2025-05-12,Google Shopping,Mobile,5,0,0,0
2025-07-12,Organic_Search,Mobile,9,1,0,0
2025-01-08,meta ads,Desktop,11,2,1,1
2025-11-17,GOOGLE SEARCH,Desktop,2,0,0,0
2025-03-26,Google Shopping,Tablet,1,0,0,0
2025-04-27,Affiliate ,Desktop,2,0,0,0
2025-06-22,google search,Mobile,8,1,1,0
2025-11-07,Google  Search,Mobile,14,3,2,1
2026-05-29,Meta Ads,Desktop,11,2,2,2
2026-04-02,Email,Tablet,0,0,0,0
2026-04-14,Affiliate,Mobile,2,0,0,0
2025-12-19,Email,Mobile,2,0,0,0
2025-05-28,Email,Desktop,1,0,0,0
2025-11-20,Affiliate,Tablet,0,0,0,0
2025-12-21,Google Shopping,Mobile,4,0,0,0
2026-04-08,Google Shopping,Desktop,7,0,0,0
2026-04-10,Organic Search,Tablet,2,0,0,0
2026-01-17,Email,Mobile,1,0,0,0
2026-01-14,Direct,Mobile,1,0,0,0
2025-10-12,FB/IG Ads,Desktop,9,0,0,0
2025-05-28,AFFILIATE,Mobile,2,0,0,0
2025-06-16,Email,Tablet,3,0,0,0
2026-02-18,Google_Search,Tablet,4,0,0,0
2025-05-17,Google Shopping,Mobile,6,0,0,0
2025-09-20,Google Search,Desktop,2,0,0,0
2025-10-28,Google Search,Tablet,1,1,0,0
2025-04-06,Meta Ads,Tablet,1,0,0,0
2025-05-05,Affiliate,Desktop,2,0,0,0
2025-09-15,Direct,Desktop,2,1,0,0
2025-06-29,Google Search,Desktop,7,0,0,0
2026-02-11,Google_Shopping,Tablet,0,0,0,0
2025-01-01,Organic Search,Mobile,5,0,0,0
2026-05-04,Google  Search,Tablet,1,0,0,0
2025-03-16,Affiliate,Mobile,6,0,0,0
2025-10-12,Direct,Mobile,6,1,0,0
2026-04-26,Meta Ads,Tablet,3,0,0,0
2025-07-31,Organic Search,Mobile,7,0,0,0
2025-08-16,Organic Search,Mobile,5,1,0,0
2026-06-06,Email,Tablet,0,0,0,0
2025-05-14,organic search,Tablet,3,2,2,2
2025-05-22,SEO,Mobile,8,1,1,1
2026-06-10,Google  Search,Mobile,8,1,1,0
2025-01-02,Google Search,Tablet,2,0,0,0
2025-10-20,Direct,Mobile,3,0,0,0
2026-06-05,Organic Search,Mobile,16,2,2,2
2025-03-23,Direct,Mobile,3,1,0,0
2025-10-06,affiliate,Desktop,2,2,2,1
2025-06-21,Google Search,Tablet,1,0,0,0
2025-09-05,affiliate,Mobile,1,0,0,0
2025-03-29,Affiliate,Mobile,3,1,0,0
2025-01-27,Organic Search,Mobile,4,0,0,0
2025-02-24,Google Shopping,Mobile,6,0,0,0
2025-11-19,email,Mobile,5,1,1,0
2025-11-19,Affiliate,Desktop,1,1,0,0
2025-07-18,Affiliate,Mobile,3,0,0,0
2026-06-08,Direct,Desktop,1,0,0,0
2025-12-06,Google_Search,Desktop,6,0,0,0
2026-06-23,Email,Tablet,0,0,0,0
2026-05-05,Organic Search,Desktop,6,1,0,0
2026-02-12,Meta_Ads,Mobile,19,0,0,0
2025-12-08,Google Shopping,Mobile,8,1,1,1
2026-04-29,FB/IG Ads,Tablet,2,0,0,0
2026-02-01,AFFILIATE,Tablet,0,0,0,0
2026-02-26,Affiliate,Mobile,0,0,0,0
2026-01-22,Affiliate,Tablet,0,0,0,0
2026-01-08,Affiliate,Desktop,2,0,0,0
2025-01-09,Direct,Tablet,1,1,1,1
2026-01-07,Email,Tablet,1,0,0,0
2025-09-06,(direct),Desktop,1,0,0,0
2025-10-10,Meta Ads,Desktop,6,0,0,0
2025-08-05,Affiliate,Desktop,1,0,0,0
2025-11-30,Email,Tablet,3,0,0,0
2025-02-08,Meta Ads,Mobile,11,2,1,0
2025-11-29,Affiliate ,Tablet,0,0,0,0
2026-01-16,Affiliate,Tablet,0,0,0,0
2025-02-21,Google Shopping,Mobile,4,0,0,0
2025-03-06,Google Search,Tablet,0,0,0,0
2026-05-08,Affiliate,Tablet,0,0,0,0
2025-04-06,Direct,Mobile,3,1,0,0
2026-04-02,Organic Search,Mobile,6,0,0,0
2025-01-23,Affiliate,Tablet,0,0,0,0
2025-03-12,Google Shopping,Desktop,4,0,0,0
2025-01-20,Direct,Mobile,1,0,0,0
2025-02-09,Direct,Tablet,0,0,0,0
2026-06-17,Direct,Desktop,3,0,0,0
2025-04-22,email,Mobile,6,1,0,0
2026-01-10,GOOGLE SHOPPING,Desktop,1,0,0,0
2025-12-28,Affiliate,Tablet,2,0,0,0
2025-10-09,Meta Ads,Tablet,3,0,0,0
2026-03-25,Affiliate,Mobile,2,0,0,0
2025-07-04,Organic Search,Mobile,6,0,0,0
2025-02-16,Google Search,Mobile,12,3,2,1
2025-11-20,Google Search,Mobile,15,0,0,0
2026-03-29,Direct,Tablet,3,0,0,0
2025-07-23,Email,Mobile,6,0,0,0
2025-01-19,Meta Ads,Mobile,8,0,0,0
2026-06-10,Google Shopping,Desktop,5,0,0,0
2025-02-13,Organic Search,Desktop,5,1,0,0
2025-01-26,Facebook/Instagram Ads,Mobile,9,2,2,1
2025-06-09,Organic Search,Desktop,6,0,0,0
2025-06-02,Google Shopping,Tablet,2,0,0,0
2025-02-02,GOOGLE SHOPPING,Desktop,5,0,0,0
2025-07-31,Organic Search,Desktop,3,0,0,0
2026-05-11,Direct,Desktop,4,1,0,0
2025-09-08,Google Search,Mobile,11,1,1,1
2025-09-24,Google Search,Mobile,3,1,1,1
2026-01-20,Direct,Tablet,1,0,0,0
2025-08-07,Google Search,Mobile,8,0,0,0
2026-05-28,(direct),Desktop,1,0,0,0
2025-04-25,Organic Search,Desktop,5,0,0,0
2025-10-14,Email,Mobile,4,0,0,0
2025-09-12,Affiliate,Mobile,2,1,1,0
2025-04-25,DIRECT,Mobile,1,0,0,0
2026-06-20,Organic Search,Mobile,11,1,1,0
2025-05-21,Affiliate,Mobile,1,0,0,0
2026-03-01,Meta Ads,Tablet,1,0,0,0
2025-11-27,Direct,Tablet,1,1,0,0
2025-05-26,FB/IG Ads,Desktop,8,0,0,0
2025-03-14,Google Shopping,Mobile,4,0,0,0
2025-07-27,Meta Ads,Mobile,13,1,1,1
2025-01-26,Meta Ads,Tablet,1,0,0,0
2026-06-23,Organic Search,Desktop,7,0,0,0
2025-05-04,Google Search,Mobile,9,2,1,1
2025-06-22,meta ads,Tablet,0,0,0,0
2025-07-06,Organic Search,Tablet,3,0,0,0
2025-10-07,Affiliate,Mobile,6,0,0,0
2025-04-29,Email,Desktop,3,0,0,0
2026-06-06,Organic Search,Desktop,7,2,2,1
2025-11-09,Direct,Desktop,2,0,0,0
2026-01-12,DIRECT,Tablet,0,0,0,0
2025-08-26,Meta Ads,Desktop,4,0,0,0
2026-03-07,Google Search,Desktop,4,0,0,0
2025-02-10,direct,Tablet,0,0,0,0
2025-03-15,Affiliate,Tablet,0,0,0,0
2025-09-18,Organic Search,Desktop,5,0,0,0
2025-09-18,AFFILIATE,,0,0,0,0
2026-01-25,Google Search,Mobile,9,0,0,0
2026-01-01,Google Search,Desktop,5,0,0,0
2026-02-14,Direct,Tablet,2,0,0,0
2025-08-18,Direct,Desktop,0,0,0,0
2025-09-14,Email,Desktop,3,0,0,0
2025-08-11,Meta Ads,Mobile,16,0,0,0
2026-02-08,Google Shopping,Mobile,7,1,1,0
2025-01-30,Email,Mobile,4,0,0,0
2026-05-14,Email Marketing,Desktop,1,0,0,0
2025-02-04,Google Search,Desktop,3,2,1,1
2026-05-03,Meta Ads,Desktop,17,0,0,0
2025-05-17,Google Search,Desktop,8,0,0,0
2025-09-24,Meta Ads,Desktop,5,0,0,0
2025-08-31,Organic Search,Desktop,3,0,0,0
2026-01-08,Organic Search,Tablet,1,0,0,0
2025-01-29,Organic_Search,Mobile,5,0,0,0
2026-03-30,Google Search,Desktop,4,0,0,0
2026-02-22,Email,Tablet,0,0,0,0
2025-05-26,Direct,Desktop,2,1,0,0
2025-11-28,Email,Mobile,6,0,0,0
2025-09-06,Meta Ads,Mobile,12,1,0,0
2026-05-04,Google Search,Mobile,11,0,0,0
2026-02-05,Google_Shopping,Desktop,2,0,0,0
2025-01-15,meta ads,Mobile,7,0,0,0
2025-10-15,meta ads,Tablet,0,0,0,0
2025-01-17,Direct,Desktop,1,0,0,0
2025-11-23,Direct,Mobile,2,0,0,0
2026-04-23,Meta Ads,Mobile,18,1,1,0
2025-03-29,Affiliate ,Desktop,1,0,0,0
2026-01-18,Google_Shopping,Desktop,1,0,0,0
2025-08-01,Organic Search,Mobile,5,0,0,0
2026-04-27,Affiliate,Tablet,0,0,0,0
2026-01-25,(direct),Mobile,2,1,1,1
2025-12-22,FB/IG Ads,Desktop,19,1,1,1
2026-06-15,Meta Ads,Mobile,20,0,0,0
2026-01-07,GOOGLE SEARCH,Desktop,3,0,0,0
2025-04-18,Direct,Mobile,3,0,0,0
2025-09-04,Meta Ads,Mobile,14,2,1,1
2025-11-26,Email,Desktop,9,0,0,0
2025-02-11,google shopping,Tablet,0,0,0,0
2025-07-17,Meta Ads,Mobile,11,1,1,0
2025-11-06,Google Search,Mobile,6,1,1,0
2025-02-15,Google_Shopping,Desktop,3,0,0,0
2025-02-25,Google Search,Tablet,1,0,0,0
2026-03-15,Meta Ads,Tablet,4,0,0,0
2025-02-15,Organic Search,Tablet,1,0,0,0
2026-05-10,Direct,Tablet,0,0,0,0
2025-06-10,Meta Ads,Mobile,16,1,1,0
2025-08-23,Google Search,Mobile,5,1,0,0
2026-03-23,Google Shopping,Mobile,6,1,0,0
2026-03-02,Meta Ads,Mobile,14,1,0,0
2026-06-09,AFFILIATE,Desktop,0,0,0,0
2026-01-07,Direct,Desktop,2,0,0,0
2025-06-17,Email,Mobile,2,1,1,1
2025-04-28,Affiliate,Tablet,0,0,0,0
2025-09-24,google search,Tablet,0,0,0,0
2026-05-10,Google Shopping,Mobile,6,0,0,0
2025-05-04,Google Shopping,Tablet,1,0,0,0
2025-10-21,Affiliate,Desktop,0,0,0,0
2026-01-14,(direct),Tablet,0,0,0,0
2025-12-26,Organic Search,Desktop,2,2,1,1
2026-02-10,Affiliate,Mobile,1,0,0,0
2025-01-04,Direct,Mobile,4,0,0,0
2026-06-20,Email,Tablet,2,0,0,0
2026-06-18,Google Shopping,Desktop,1,0,0,0
2025-01-17,Direct,Mobile,5,1,0,0
2026-02-28,Google Search,Mobile,5,0,0,0
2026-02-19,Affiliate,Tablet,1,0,0,0
2025-03-24,Affiliate,Tablet,1,0,0,0
2025-06-04,Organic Search,Desktop,5,0,0,0
2025-03-06,Organic Search,Mobile,6,0,0,0
2025-08-25,Meta Ads,Desktop,5,0,0,0
2026-02-17,Affiliate,Tablet,1,0,0,0
2026-03-17,email,Desktop,1,0,0,0
2025-11-15,Google Search,Tablet,0,0,0,0
2025-08-15,Affiliate,Tablet,0,0,0,0
2025-05-18,Organic Search,Mobile,9,0,0,0
2026-05-03,Direct,Desktop,4,0,0,0
2026-06-11,Google Search,Tablet,0,0,0,0
2025-09-04,SEO,Tablet,1,0,0,0
2025-07-26,Direct,Mobile,4,0,0,0
2026-03-14,Direct,Mobile,7,0,0,0
2025-11-16,Meta Ads,Desktop,12,1,1,1
2026-04-19,Email,Tablet,0,0,0,0
2026-01-01,Meta Ads,Tablet,0,0,0,0
2026-06-20,Organic_Search,Desktop,5,0,0,0
2026-06-15,Google Search,Mobile,16,2,1,1
2026-05-09,Google Shopping,Tablet,3,0,0,0
2025-03-16,Direct,Tablet,1,0,0,0
2025-01-07,Organic_Search,Mobile,6,1,1,0
2026-04-25,Organic Search,Desktop,7,1,1,1
2025-04-06,Google Search,Mobile,5,0,0,0
2025-12-01,Email,Mobile,4,0,0,0
2025-07-11,Organic Search,Desktop,4,0,0,0
2026-02-06,Meta Ads,Mobile,19,2,1,0
2025-12-29,Meta_Ads,Desktop,5,0,0,0
2026-06-19,Email,Desktop,2,2,2,0
2025-04-14,Affiliate,Tablet,0,0,0,0
2026-05-23,Email,Desktop,1,0,0,0
2025-04-25,Google Search,Desktop,1,0,0,0
2025-04-27,Google Shopping,Mobile,2,0,0,0
2025-04-19,Google Search,Desktop,4,0,0,0
2026-03-29,Organic Search,Tablet,1,0,0,0
2026-01-20,Organic Search,Mobile,2,0,0,0
2025-08-20,Affiliate,Tablet,0,0,0,0
2025-02-13,Affiliate,Mobile,4,1,0,0
2025-07-20,Affiliate,Mobile,2,0,0,0
2025-11-23,Organic Search,Tablet,1,0,0,0
2026-02-12,Email,Tablet,0,0,0,0
2025-09-15,Meta Ads,Desktop,9,0,0,0
2025-07-26,Email,Tablet,0,0,0,0
2026-04-30,Direct,Mobile,3,0,0,0
2025-11-02,Organic Search,Tablet,3,0,0,0
2025-01-15,Email,Desktop,1,0,0,0
2025-10-21,DIRECT,Desktop,2,0,0,0
2025-05-06,Google Search,Tablet,3,1,1,1
2025-04-16,Google Search,Tablet,1,0,0,0
2025-10-11,Direct,Desktop,1,0,0,0
2025-08-19,Meta Ads,Desktop,7,0,0,0
2025-11-10,Organic Search,Mobile,8,1,1,1
2026-04-13,Email,Tablet,0,0,0,0
2025-08-05,Meta Ads,Tablet,2,0,0,0
2025-09-16,meta ads,Desktop,8,0,0,0
2025-05-13,organic search,Tablet,1,0,0,0
2025-11-12,Facebook/Instagram Ads,Tablet,3,0,0,0
2025-11-26,Email,Mobile,7,1,1,0
2025-06-20,Direct,Tablet,0,0,0,0
2026-01-25,Meta_Ads,Tablet,0,0,0,0
2025-09-30,Google Search,Desktop,6,0,0,0
2025-02-07,Affiliate,Desktop,2,0,0,0
2026-02-10,Google Shopping,Mobile,6,1,1,1
2026-02-14,Email,Tablet,1,0,0,0
2026-02-05,Affiliate,Desktop,3,1,1,1
2025-03-23,Direct,Tablet,1,0,0,0
2026-04-28,Meta Ads,Mobile,16,0,0,0
2025-12-20,direct,Tablet,0,0,0,0
2025-07-15,Meta Ads,Mobile,12,0,0,0
2025-11-08,Google Search,Mobile,12,1,0,0
2025-09-29,Affiliate,Desktop,0,0,0,0
2025-05-31,Google Shopping,Tablet,0,0,0,0
2025-10-16,Affiliate,Mobile,3,0,0,0
2025-11-15,Organic_Search,Mobile,11,2,1,1
2026-06-22,Email Marketing,Tablet,0,0,0,0
2025-01-07,Google Shopping,Tablet,1,0,0,0
2025-04-08,Google Search,Desktop,2,0,0,0
2026-01-02,Meta Ads,Tablet,0,0,0,0
2026-02-24,Google Search,Tablet,3,1,1,1
2025-05-28,Organic Search,Mobile,9,0,0,0
2025-07-13,Meta_Ads,Tablet,1,0,0,0
2026-05-15,Organic Search,Tablet,4,0,0,0
2026-06-02,SEO,Tablet,1,0,0,0
2025-07-15,Google Search,Desktop,3,0,0,0
2025-07-17,Facebook/Instagram Ads,Tablet,3,0,0,0
2025-03-08,Google Shopping,Tablet,0,0,0,0
2025-04-02,Email,Mobile,3,0,0,0
2026-02-17,Meta Ads,Mobile,10,0,0,0
2025-03-27,Direct,Desktop,1,1,1,1
2026-06-29,Affiliate,Desktop,1,0,0,0
2025-02-02,Meta Ads,Tablet,2,0,0,0
2026-04-15,Email Marketing,Mobile,6,2,2,0
2026-01-23,Direct,Mobile,2,2,0,0
2025-05-06,Email,Tablet,1,0,0,0
2025-08-16,FB/IG Ads,Tablet,4,0,0,0
2026-01-14,Email,Mobile,2,0,0,0
2025-03-13,Facebook/Instagram Ads,Tablet,2,0,0,0
2026-05-12,Email,Mobile,10,0,0,0
2025-09-15,Google Search,Tablet,1,0,0,0
2025-06-18,direct,Desktop,3,0,0,0
2025-03-21,EMAIL,Tablet,2,1,1,0
2025-03-22,Organic Search,Desktop,4,0,0,0
2025-08-14,Organic Search,Tablet,1,1,1,1
2025-06-26,Google Search,Mobile,10,2,1,0
2026-01-10,Meta_Ads,Desktop,6,2,2,2
2025-01-13,Organic Search,Mobile,6,0,0,0
2025-11-29,Meta Ads,Mobile,28,3,3,1
2025-09-13,Affiliate,Mobile,3,1,1,1
2026-02-08,affiliate,Mobile,4,0,0,0
2025-10-15,Google Shopping,Tablet,1,0,0,0
2025-10-23,Affiliate,Mobile,1,0,0,0
2026-05-20,Direct,Tablet,1,0,0,0
2026-04-10,Affiliate ,Desktop,3,0,0,0
2025-05-06,Meta Ads,Desktop,7,1,1,1
2026-01-13,Meta Ads,Tablet,3,0,0,0
2025-12-09,EMAIL,Mobile,7,0,0,0
2026-06-25,Organic Search,Desktop,6,2,2,2
2025-01-07,Direct,Tablet,0,0,0,0
2026-05-09,Affiliate,Tablet,0,0,0,0
2026-02-16,Meta Ads,Tablet,1,0,0,0
2025-06-03,Organic Search,Mobile,5,0,0,0
2026-06-21,Google Search,Desktop,9,1,1,1
2025-10-13,Organic Search,Desktop,6,2,1,1
2026-03-11,Google Shopping,Mobile,4,0,0,0
2025-08-23,Direct,Mobile,1,0,0,0
2025-12-16,google search,Desktop,6,1,0,0
2025-05-22,Meta Ads,Mobile,8,0,0,0
2025-01-27,Affiliate,Mobile,1,0,0,0
2026-03-29,Affiliate,Mobile,3,0,0,0
2025-12-22,Affiliate,Tablet,1,0,0,0
2026-03-19,Google Search,Desktop,5,1,1,1
2025-03-16,organic search,Mobile,5,0,0,0
2025-06-12,Email,Mobile,3,0,0,0
2025-10-24,Direct,Desktop,4,1,1,1
2025-05-28,meta ads,Desktop,4,0,0,0
2025-07-15,Email,Tablet,0,0,0,0
2025-07-09,AFFILIATE,Mobile,3,0,0,0
2025-07-04,Affiliate,Tablet,0,0,0,0
2026-01-20,affiliate,Desktop,4,0,0,0
2025-10-16,Email,Desktop,2,0,0,0
2025-10-15,Affiliate,Mobile,3,0,0,0
2025-09-04,Google Shopping,Desktop,2,0,0,0
2026-04-05,Organic Search,Mobile,8,1,0,0
2025-04-11,EMAIL,Tablet,1,0,0,0
2025-06-25,Google Search,Mobile,7,0,0,0
2025-07-06,Meta Ads,Mobile,11,0,0,0
2026-06-16,meta ads,Tablet,3,0,0,0
2025-12-12,Google Shopping,Tablet,0,0,0,0
2026-01-23,google search,Desktop,1,0,0,0
2025-01-15,Email,Mobile,3,0,0,0
2025-12-03,email,Mobile,8,0,0,0
2026-05-10,Google Shopping,Tablet,1,0,0,0
2026-03-24,google search,Tablet,1,1,1,0
2025-07-03,Google Shopping,Tablet,0,0,0,0
2025-11-09,Direct,Tablet,0,0,0,0
2025-02-10,Direct,Mobile,3,0,0,0
2026-06-13,Email,Mobile,8,1,1,1
2025-07-19,Organic Search,Tablet,0,0,0,0
2025-05-27,Google_Search,Desktop,2,0,0,0
2025-03-07,Affiliate,Tablet,2,0,0,0
2026-06-30,Google Shopping,Desktop,5,0,0,0
2025-06-01,Affiliate ,Desktop,1,0,0,0
2026-03-22,organic search,Mobile,11,0,0,0
2025-04-02,Direct,Tablet,0,0,0,0
2026-02-07,Google Shopping,Desktop,3,0,0,0
2025-02-19,Email,Desktop,2,1,1,1
2026-04-06,Google Shopping,Tablet,0,0,0,0
2025-10-24,Google Search,Tablet,2,0,0,0
2025-11-16,Direct,Mobile,4,1,1,0
2025-05-12,Organic Search,Tablet,0,0,0,0
2025-02-10,(direct),Desktop,3,0,0,0
2025-05-05,Affiliate,Tablet,1,0,0,0
2025-07-19,Google_Shopping,Desktop,1,0,0,0
2026-02-07,Email,Tablet,1,1,0,0
2025-06-17,(direct),Desktop,2,0,0,0
2026-05-23,Affiliate,Tablet,0,0,0,0
2026-03-02,Organic Search,Desktop,7,1,1,1
2025-03-25,Organic Search,Tablet,1,0,0,0
2026-04-08,DIRECT,Tablet,0,0,0,0
2025-08-02,Email,Mobile,4,0,0,0
2025-12-09,Google Search,Tablet,0,0,0,0
2025-03-14,Meta Ads,Mobile,6,0,0,0
2025-03-27,Google Shopping,Desktop,4,0,0,0
2025-06-01,Email,Tablet,0,0,0,0
2026-03-09,Email,Tablet,3,1,1,1
2025-03-05,Google Shopping,Tablet,0,0,0,0
2025-01-06,DIRECT,Tablet,0,0,0,0
2025-08-29,Organic Search,Tablet,0,0,0,0
2025-06-27,Google Shopping,Desktop,3,0,0,0
2025-09-20,Meta Ads,Desktop,10,0,0,0
2025-01-12,SEO,Mobile,4,0,0,0
2025-10-07,Meta Ads,Tablet,0,0,0,0
2025-11-17,Meta Ads,Desktop,10,2,1,0
2025-05-26,SEO,Tablet,1,0,0,0
2025-04-28,Google Search,Mobile,16,2,0,0
2026-01-04,Google Search,Mobile,7,1,0,0
2026-03-01,direct,Desktop,2,1,0,0
2025-10-03,Direct,Tablet,1,0,0,0
2025-07-02,Organic Search,Tablet,1,0,0,0
2025-06-22,Affiliate,Mobile,2,0,0,0
2026-04-25,Organic Search,Tablet,1,0,0,0
2026-05-02,Direct,Mobile,6,1,1,0
2025-02-11,AFFILIATE,Mobile,1,0,0,0
2025-06-12,Email,Tablet,0,0,0,0
2026-02-02,Google  Search,Desktop,4,1,0,0
2025-04-28,Affiliate,Mobile,4,2,1,0
2025-04-10,Google Shopping,Desktop,3,0,0,0
2026-04-23,Google Shopping,Tablet,1,0,0,0
2026-04-06,Direct,Tablet,0,0,0,0
2025-09-29,Email,Mobile,5,1,1,1
2026-05-02,Email,Mobile,3,0,0,0
2025-10-03,Email Marketing,Mobile,3,0,0,0
2025-03-17,DIRECT,Desktop,1,0,0,0
2025-01-10,google search,Desktop,2,0,0,0
2025-05-20,AFFILIATE,Desktop,1,0,0,0
2026-01-12,Direct,Mobile,1,0,0,0
2025-05-02,Organic Search,Tablet,0,0,0,0
2025-09-13,Direct,Tablet,3,0,0,0
2025-07-23,Meta Ads,Tablet,3,0,0,0
2025-05-04,Email,Mobile,7,2,1,0
2025-10-30,Email Marketing,Mobile,3,0,0,0
2025-07-30,Direct,Tablet,3,0,0,0
2026-03-12,Organic Search,Mobile,5,1,1,1
2025-06-04,Email,Desktop,2,1,1,1
2026-05-07,Affiliate,Mobile,4,0,0,0
2026-05-17,Facebook/Instagram Ads,Tablet,1,0,0,0
2026-01-18,Organic Search,Desktop,3,1,0,0
2025-02-04,Organic Search,Mobile,6,0,0,0
2025-05-26,Google Search,Desktop,4,0,0,0
2026-04-09,Direct,Mobile,2,0,0,0
2025-08-11,Direct,Tablet,0,0,0,0
2025-07-16,(direct),Mobile,1,0,0,0
2026-06-12,Google Search,Mobile,10,1,1,0
2025-01-03,Organic Search,Desktop,3,0,0,0
2025-12-19,Affiliate,Tablet,1,1,1,1
2026-03-24,Google Search,Desktop,6,1,1,1
2026-01-16,FB/IG Ads,Tablet,0,0,0,0
2025-01-01,direct,Mobile,0,0,0,0
2026-01-24,Email,Mobile,4,0,0,0
2025-09-13,Google Search,Mobile,4,1,0,0
2025-06-20,Google Search,Tablet,0,0,0,0
2026-03-12,Google Search,Mobile,14,0,0,0
2025-03-24,Facebook/Instagram Ads,Desktop,1,0,0,0
2025-10-11,google search,Tablet,0,0,0,0
2026-03-15,affiliate,Tablet,0,0,0,0
2025-11-18,Direct,Tablet,1,0,0,0
2025-10-19,EMAIL,Mobile,5,1,1,1
2025-12-27,Organic Search,Desktop,2,0,0,0
2026-02-20,Email,Desktop,2,0,0,0
2025-03-12,Affiliate,Desktop,0,0,0,0
2025-10-09,Google Shopping,Tablet,1,0,0,0
2025-08-21,AFFILIATE,Tablet,0,0,0,0
2025-09-01,Google Shopping,Tablet,3,0,0,0
2025-10-13,Meta Ads,Desktop,9,0,0,0
2025-08-17,Meta Ads,Desktop,7,1,1,0
2025-07-08,Google Search,Desktop,3,0,0,0
2025-10-31,Meta Ads,Tablet,3,0,0,0
2025-08-29,Email Marketing,Desktop,1,0,0,0
2025-08-09,Affiliate,Tablet,0,0,0,0
2026-01-28,Organic Search,Tablet,0,0,0,0
2026-03-31,Direct,Mobile,4,1,0,0
2026-05-09,Email Marketing,Tablet,1,0,0,0
2025-02-20,Affiliate ,Desktop,2,0,0,0
2026-05-19,Email,Mobile,5,1,0,0
2025-09-27,Meta_Ads,Desktop,9,0,0,0
2026-05-26,Direct,Tablet,0,0,0,0
2025-01-20,Organic_Search,Desktop,5,1,1,0
2026-02-19,Email,Mobile,2,0,0,0
2026-05-17,Organic Search,Desktop,9,1,0,0
2025-11-26,Direct,Desktop,6,1,1,1
2025-05-15,FB/IG Ads,Mobile,12,0,0,0
2025-05-30,Google Shopping,Desktop,3,0,0,0
2025-01-05,Google Search,Desktop,2,0,0,0
2026-03-22,Google Shopping,Mobile,6,1,0,0
2025-04-22,Google  Search,Desktop,2,1,1,1
2025-08-30,Email,Desktop,1,1,0,0
2025-10-06,Google Shopping,Mobile,5,0,0,0
2026-06-11,affiliate,Tablet,0,0,0,0
2025-07-11,Affiliate,Tablet,1,0,0,0
2026-06-21,Google Shopping,Mobile,6,0,0,0
2026-03-04,organic search,Mobile,10,0,0,0
2026-06-01,Email,Desktop,5,0,0,0
2025-02-02,Organic Search,Desktop,3,1,1,1
2026-05-25,GOOGLE SHOPPING,Mobile,9,1,0,0
2025-05-19,Organic Search,Tablet,0,0,0,0
2025-11-04,Direct,Desktop,4,1,1,1
2026-05-24,Google Shopping,Desktop,5,0,0,0
2025-12-03,Google Search,Tablet,2,0,0,0
2025-01-23,Google Shopping,Tablet,1,0,0,0
2025-03-06,Direct,Mobile,2,0,0,0
2026-03-18,google shopping,Tablet,1,0,0,0
2025-04-18,Affiliate ,Mobile,0,0,0,0
2025-03-28,Meta Ads,Tablet,0,0,0,0
2025-12-20,Google Shopping,Tablet,2,0,0,0
2026-01-10,Direct,Tablet,0,0,0,0
2025-12-01,Google_Shopping,Desktop,5,0,0,0
2025-07-23,Google_Search,Desktop,8,1,1,0
2025-08-28,Affiliate ,Desktop,2,0,0,0
2025-07-15,Google_Shopping,Mobile,4,1,1,1
2025-10-11,Direct,Mobile,7,1,1,1
2026-01-22,Google Shopping,Desktop,6,1,0,0
2025-12-27,Google Search,Desktop,1,0,0,0
2025-11-19,Direct,Tablet,0,0,0,0
2025-09-20,Affiliate,Desktop,0,0,0,0
2026-03-15,Google Shopping,Mobile,8,2,1,1
2025-10-08,Email,Desktop,5,0,0,0
2025-11-07,Google Shopping,Mobile,9,2,2,1
2025-10-20,Email,Tablet,0,0,0,0
2025-04-17,Direct,Tablet,1,0,0,0
2025-10-15,Organic Search,Mobile,7,2,1,1
2025-07-08,Email,Mobile,3,0,0,0
2025-04-28,google shopping,Mobile,7,1,1,1
2026-06-30,Google Search,Desktop,6,0,0,0
2026-03-24,Google Shopping,Desktop,1,1,0,0
2025-09-24,direct,Mobile,3,1,0,0
2025-11-26,Google Shopping,Desktop,7,0,0,0
2025-05-10,Google Search,Mobile,9,1,1,0
2026-05-05,Direct,Desktop,2,0,0,0
2025-08-02,Organic Search,Tablet,0,0,0,0
2025-07-16,organic search,Tablet,1,0,0,0
2025-01-28,Google Shopping,Tablet,1,0,0,0
2025-04-01,Direct,Tablet,0,0,0,0
2025-11-16,Affiliate,Desktop,2,1,0,0
2025-04-02,organic search,Desktop,6,1,0,0
2025-12-25,Google_Search,Tablet,1,0,0,0
2025-11-22,Direct,Desktop,3,0,0,0
2025-05-28,meta ads,Tablet,1,0,0,0
2026-04-28,Direct,Mobile,0,0,0,0
2025-08-17,Google Search,Mobile,6,0,0,0
2025-03-27,Email,Desktop,1,0,0,0
2025-01-13,AFFILIATE,Mobile,1,0,0,0
2026-03-13,Google Search,Desktop,1,0,0,0
2025-03-20,Google Search,Desktop,4,0,0,0
2025-11-21,Affiliate,Tablet,0,0,0,0
2025-02-27,Facebook/Instagram Ads,Mobile,12,0,0,0
2025-07-18,GOOGLE SHOPPING,Tablet,1,0,0,0
2025-12-15,Affiliate ,Desktop,4,1,1,1
2025-08-22,Affiliate,Mobile,2,0,0,0
2026-03-20,Email,Tablet,1,0,0,0
2025-10-07,Meta Ads,Mobile,13,0,0,0
2025-12-24,Affiliate,Desktop,1,0,0,0
2025-09-14,Google Search,Tablet,2,0,0,0
2025-10-21,Direct,Tablet,1,0,0,0
2025-06-15,Google Shopping,Mobile,6,0,0,0
2025-06-06,Email,Mobile,4,0,0,0
2026-02-15,Meta Ads,Mobile,13,0,0,0
2026-04-06,Affiliate,Desktop,1,0,0,0
2025-03-10,Organic Search,Mobile,9,1,1,1
2025-02-21,Affiliate,Tablet,1,0,0,0
2026-01-27,Direct,Mobile,2,0,0,0
2025-06-20,Google Shopping,Tablet,2,0,0,0
2025-07-01,Meta Ads,Tablet,4,0,0,0
2025-10-06,Facebook/Instagram Ads,Tablet,5,0,0,0
2025-01-21,Google Shopping,Desktop,2,0,0,0
2026-06-30,Affiliate,Desktop,3,0,0,0
2025-01-19,Affiliate,Tablet,0,0,0,0
2026-02-25,Affiliate,Tablet,1,0,0,0
2025-05-11,Meta Ads,Desktop,10,0,0,0
2025-06-29,Email,Mobile,6,0,0,0
2025-12-31,(direct),Desktop,4,0,0,0
2026-01-29,Google Search,Mobile,9,0,0,0
2025-09-15,Direct,Tablet,1,0,0,0
2025-08-31,Email Marketing,Tablet,0,0,0,0
2025-01-05,Email,Desktop,1,0,0,0
2025-05-04,Affiliate,Tablet,0,0,0,0
2025-12-09,Affiliate,Mobile,4,0,0,0
2026-01-10,Organic Search,Desktop,2,1,0,0
2025-12-17,Affiliate,Desktop,5,0,0,0
2025-06-08,Meta Ads,Tablet,3,0,0,0
2025-01-08,Google Search,Tablet,0,0,0,0
2025-01-01,affiliate,Desktop,1,0,0,0
2026-03-10,Affiliate,Tablet,2,0,0,0
2025-06-10,Meta Ads,Desktop,10,0,0,0
2025-01-29,Affiliate,Mobile,2,0,0,0
2026-03-04,Google Shopping,Mobile,6,1,0,0
2026-01-29,Google Shopping,Desktop,2,0,0,0
2026-06-19,Meta Ads,Mobile,12,0,0,0
2025-04-02,Affiliate ,Tablet,0,0,0,0
2025-04-25,GOOGLE SEARCH,Mobile,3,0,0,0
2025-01-16,Google Shopping,Tablet,2,0,0,0
2026-03-14,Email,Mobile,7,1,0,0
2026-01-21,google shopping,Tablet,0,0,0,0
2025-05-05,Google Shopping,Desktop,2,0,0,0
2025-10-06,Direct,Tablet,1,0,0,0
2026-01-29,Meta Ads,Mobile,5,0,0,0
2025-11-02,Affiliate,Tablet,0,0,0,0
2026-03-13,Email,Mobile,3,0,0,0
2025-05-25,Meta Ads,Desktop,1,0,0,0
2025-10-04,Google Search,Mobile,4,0,0,0
2025-08-09,Organic Search,Mobile,9,0,0,0
2026-01-15,Google Search,Tablet,1,0,0,0
2025-03-08,Meta Ads,Tablet,1,0,0,0
2025-11-10,Direct,Tablet,0,0,0,0
2025-02-23,direct,Mobile,1,0,0,0
2025-02-09,affiliate,Desktop,2,0,0,0
2026-03-01,Google Search,Mobile,9,1,1,1
2025-08-16,Meta Ads,Desktop,4,0,0,0
2025-05-11,Google Shopping,Desktop,2,0,0,0
2025-04-12,Email,Mobile,11,0,0,0
2025-02-08,Email,Mobile,4,1,0,0
2025-10-10,Google Shopping,Desktop,6,0,0,0
2026-01-31,Google Search,Mobile,10,1,1,1
2025-11-20,email,Tablet,0,0,0,0
2025-07-26,EMAIL,Mobile,3,1,1,0
2025-06-28,Meta Ads,Desktop,8,0,0,0
2025-10-17,direct,Tablet,1,0,0,0
2026-04-13,Affiliate,Desktop,2,0,0,0
2025-10-25,Google Shopping,Mobile,7,0,0,0
2026-06-22,Google Shopping,Tablet,0,0,0,0
2026-01-10,Email,Mobile,2,0,0,0
2025-02-23,Organic Search,Mobile,7,0,0,0
2025-02-24,Email,Desktop,5,1,1,1
2025-03-03,SEO,Mobile,7,0,0,0
2026-01-25,GOOGLE SHOPPING,Desktop,3,0,0,0
2025-08-20,Email,Desktop,2,0,0,0
2026-06-08,Meta Ads,Desktop,13,0,0,0
2025-05-24,Affiliate,Mobile,5,0,0,0
2025-06-19,Meta Ads,Desktop,13,1,1,1
2026-05-10,AFFILIATE,Mobile,2,0,0,0
2026-04-04,Organic Search,Mobile,5,2,1,1
2025-12-10,Affiliate,Mobile,2,0,0,0
2025-01-29,Affiliate,Tablet,1,0,0,0
2025-08-21,EMAIL,Desktop,3,0,0,0
2025-04-25,Meta Ads,Desktop,5,0,0,0
2025-03-19,(direct),Desktop,2,0,0,0
2025-09-04,Affiliate,Tablet,0,0,0,0
2026-06-17,Meta Ads,Desktop,11,0,0,0
2025-03-07,Organic_Search,Tablet,0,0,0,0
2026-03-29,Direct,Mobile,3,0,0,0
2026-05-19,organic search,Desktop,10,1,0,0
2026-04-24,direct,Desktop,1,0,0,0
2025-01-22,Affiliate,Mobile,2,1,0,0
2025-08-26,Direct,Tablet,0,0,0,0
2026-02-18,Affiliate,Mobile,1,0,0,0
2025-01-22,Organic Search,Tablet,0,0,0,0
2025-11-05,Google Shopping,Desktop,3,0,0,0
2025-05-19,Organic Search,Mobile,8,1,0,0
2026-06-10,Google Shopping,Tablet,0,0,0,0
2025-11-12,Google Shopping,Desktop,6,0,0,0
2025-07-10,Google Shopping,Tablet,1,0,0,0
2025-10-16,Affiliate,Desktop,1,0,0,0
2025-05-01,Organic Search,Mobile,7,1,1,0
2025-10-02,Google_Shopping,Mobile,4,0,0,0
2025-08-10,GOOGLE SHOPPING,Mobile,4,1,1,0
2026-03-01,Direct,Mobile,2,0,0,0
2025-05-16,Direct,Tablet,0,0,0,0
2025-08-16,Email,Tablet,0,0,0,0
2025-09-21,Google Shopping,Desktop,2,0,0,0
2026-02-02,Facebook/Instagram Ads,Desktop,7,0,0,0
2026-06-17,Affiliate,Mobile,3,1,0,0
2026-03-02,Email,Tablet,1,0,0,0
2026-03-25,Organic Search,Desktop,5,1,1,1
2025-02-18,Organic Search,Mobile,7,0,0,0
2026-03-13,Organic Search,Tablet,1,0,0,0
2025-06-11,Google Shopping,Mobile,10,0,0,0
2026-04-25,google shopping,Mobile,9,0,0,0
2025-05-30,Direct,Mobile,3,2,1,0
2025-04-19,Organic Search,Tablet,2,0,0,0
2025-08-24,Affiliate,Desktop,3,1,1,1
2025-10-22,Affiliate,Desktop,3,0,0,0
2025-09-22,Google Search,Desktop,12,1,1,1
2025-04-18,Email,Tablet,1,0,0,0
2025-10-07,Google Search,Mobile,15,0,0,0
2026-05-25,Direct,Tablet,1,0,0,0
2026-04-09,organic search,Desktop,5,1,1,1
2025-03-19,Affiliate,Mobile,1,0,0,0
2026-01-08,Organic Search,Mobile,10,2,1,1
2025-05-20,google shopping,Tablet,0,0,0,0
2026-01-04,Email,Desktop,4,3,2,1
2025-04-18,Organic Search,Tablet,0,0,0,0
2025-07-12,Organic Search,Tablet,0,0,0,0
2025-03-19,Affiliate,Tablet,1,0,0,0
2026-04-23,SEO,Mobile,7,1,1,0
2025-11-16,Organic Search,Desktop,7,1,1,1
2025-10-18,GOOGLE SEARCH,Tablet,1,0,0,0
2025-11-03,Google Search,Tablet,2,0,0,0
2025-06-18,Direct,Mobile,3,0,0,0
2026-04-14,AFFILIATE,Tablet,0,0,0,0
2025-12-05,Affiliate,Tablet,1,0,0,0
2026-06-29,Google Search,Tablet,2,0,0,0
2025-04-03,EMAIL,Mobile,1,0,0,0
2025-10-05,Organic Search,Mobile,13,2,2,0
2025-07-08,Google Shopping,Desktop,2,0,0,0
2025-03-07,Email,Tablet,2,1,1,1
2025-01-20,Google Shopping,Tablet,1,0,0,0
2026-04-18,google search,Tablet,2,0,0,0
2026-04-21,google shopping,Desktop,3,0,0,0
2025-03-12,Organic Search,Desktop,0,0,0,0
2025-04-18,Meta Ads,Mobile,6,0,0,0
2026-03-18,Email,Desktop,1,0,0,0
2026-01-21,Google Shopping,Desktop,1,0,0,0
2026-02-06,Google Shopping,Mobile,12,0,0,0
2025-04-10,google shopping,Tablet,1,0,0,0
2026-06-04,Organic Search,Tablet,2,1,0,0
2025-02-18,Direct,Mobile,3,0,0,0
2025-09-01,Organic Search,Desktop,1,0,0,0
2025-11-20,Email,Desktop,3,1,0,0
2026-03-15,Google Shopping,Desktop,5,0,0,0
2025-11-17,GOOGLE SHOPPING,Mobile,6,1,0,0
2025-08-19,Organic Search,Desktop,2,0,0,0
2025-09-23,Email,Desktop,2,0,0,0
2025-10-27,Organic Search,Tablet,0,0,0,0
2025-10-03,Affiliate,Mobile,2,0,0,0
2025-11-04,Direct,Mobile,2,0,0,0
2025-10-18,Meta Ads,Tablet,3,0,0,0
2026-04-24,Affiliate,Desktop,1,0,0,0
2025-09-29,Organic Search,Tablet,1,0,0,0
2026-01-29,Email,Mobile,2,0,0,0
2025-01-27,Meta_Ads,Desktop,2,0,0,0
2026-05-30,Google Search,Desktop,3,1,1,1
2025-07-15,Affiliate,Mobile,0,0,0,0
2025-02-24,Direct,Mobile,2,0,0,0
2025-01-12,Direct,Tablet,0,0,0,0
2025-12-03,Google Shopping,Tablet,1,0,0,0
2025-12-22,Email,Mobile,9,2,0,0
2026-05-13,Google Search,Desktop,4,0,0,0
2025-03-28,Google Search,Mobile,3,1,0,0
2026-06-16,(direct),Desktop,3,0,0,0
2026-03-12,Affiliate,Desktop,2,0,0,0
2025-09-27,Direct,Mobile,4,1,1,0
2025-08-27,Google  Search,Mobile,7,0,0,0
2026-04-30,Email,Desktop,2,0,0,0
2026-06-17,Organic Search,Desktop,5,1,0,0
2026-05-29,Google Shopping,Desktop,6,1,1,1
2026-03-10,EMAIL,Tablet,2,0,0,0
2025-10-16,Google Shopping,Desktop,4,0,0,0
2025-09-05,email,Desktop,5,1,1,1
2025-07-21,Google Shopping,Mobile,3,0,0,0
2025-03-07,Google Search,Desktop,5,0,0,0
2025-05-15,Organic Search,Desktop,5,0,0,0
2026-06-24,Meta Ads,Tablet,3,0,0,0
2026-02-06,Google Shopping,Tablet,0,0,0,0
2026-02-10,Organic Search,Mobile,13,2,0,0
2026-03-13,Google Search,Mobile,10,2,2,1
2025-12-14,GOOGLE SEARCH,Desktop,7,0,0,0
2026-04-25,Google Shopping,Desktop,3,0,0,0
2025-06-21,direct,Mobile,9,1,1,0
2025-12-22,Direct,Mobile,3,0,0,0
2026-01-20,Google Shopping,Tablet,0,0,0,0
2026-05-06,Meta Ads,Mobile,17,1,1,0
2025-12-21,direct,Desktop,1,0,0,0
2025-10-02,Google_Search,Tablet,2,1,0,0
2026-01-05,Email Marketing,Mobile,5,1,0,0
2026-05-10,Organic_Search,Mobile,10,1,0,0
2026-05-18,Email,Tablet,0,0,0,0
2026-03-31,google shopping,Mobile,10,1,1,0
2025-10-26,Organic Search,Mobile,11,0,0,0
2025-06-05,Affiliate ,Tablet,0,0,0,0
2026-04-13,Google Search,Mobile,8,0,0,0
2025-12-11,Meta Ads,Desktop,16,0,0,0
2025-05-09,Google Shopping,Mobile,9,1,0,0
2025-09-22,Affiliate,Desktop,0,0,0,0
2026-04-07,Direct,Tablet,0,0,0,0
2025-09-11,Google Shopping,Mobile,8,0,0,0
2025-08-28,EMAIL,Mobile,6,0,0,0
2025-04-24,Email,Tablet,0,0,0,0
2025-10-02,Google Shopping,Desktop,8,1,1,1
2025-12-02,AFFILIATE,Mobile,3,0,0,0
2026-03-17,Meta Ads,Mobile,12,1,0,0
2025-08-31,Google Search,Mobile,9,2,0,0
2025-04-18,Google Shopping,Tablet,1,0,0,0
2025-03-03,Meta Ads,Mobile,8,0,0,0
2025-04-04,Google Search,Desktop,4,0,0,0
2025-04-23,Direct,Tablet,0,0,0,0
2026-06-02,Google Shopping,Tablet,2,0,0,0
2026-06-29,Google_Search,Mobile,13,0,0,0
2025-05-02,Google Search,Tablet,0,0,0,0
2025-07-16,Meta Ads,Desktop,14,1,1,1
2025-12-11,Direct,Mobile,3,2,2,1
2025-09-15,Google Shopping,Mobile,7,0,0,0
2025-11-04,Email Marketing,Desktop,1,0,0,0
2026-03-07,Affiliate,Mobile,1,0,0,0
2026-02-11,Google_Search,Mobile,9,1,1,0
2025-08-13,affiliate,Mobile,5,0,0,0
2026-05-01,Affiliate,,1,0,0,0
2026-02-05,Direct,Mobile,3,0,0,0
2025-05-12,Affiliate ,Mobile,1,0,0,0
